create table rule_engine_condition
(
    id               int auto_increment
        primary key,
    name             varchar(50)   not null,
    description      varchar(500)  null,
    workspace_id     int           null,
    create_user_id   int           null,
    create_user_name varchar(50)   null,
    left_type        tinyint       null,
    left_value       varchar(2000) null,
    left_value_type  varchar(20)   not null,
    right_type       tinyint       null,
    right_value_type varchar(20)   not null,
    right_value      varchar(2000) null,
    symbol           varchar(20)   null,
    update_time      timestamp     null,
    create_time      timestamp     null,
    deleted          tinyint       null
)
    charset = utf8;

create index rule_engine_condition_name_index
    on rule_engine_condition (name);

INSERT INTO boot_engine.rule_engine_condition (id, name, description, workspace_id, create_user_id, create_user_name, left_type, left_value, left_value_type, right_type, right_value_type, right_value, symbol, update_time, create_time, deleted) VALUES (47, 'true', null, 1, null, null, 2, 'true', 'BOOLEAN', 2, 'BOOLEAN', 'true', 'EQ', '2020-09-04 20:50:46', '2020-08-24 15:57:57', 0);
INSERT INTO boot_engine.rule_engine_condition (id, name, description, workspace_id, create_user_id, create_user_name, left_type, left_value, left_value_type, right_type, right_value_type, right_value, symbol, update_time, create_time, deleted) VALUES (48, 'false', null, 1, null, null, 2, 'true', 'BOOLEAN', 2, 'BOOLEAN', 'false', 'EQ', '2020-08-24 16:26:51', '2020-08-24 16:26:51', 0);
INSERT INTO boot_engine.rule_engine_condition (id, name, description, workspace_id, create_user_id, create_user_name, left_type, left_value, left_value_type, right_type, right_value_type, right_value, symbol, update_time, create_time, deleted) VALUES (51, '年龄', null, 1, null, null, 0, '66', 'NUMBER', 2, 'NUMBER', '20', 'GE', '2020-08-27 00:15:15', '2020-08-27 00:15:15', 0);
INSERT INTO boot_engine.rule_engine_condition (id, name, description, workspace_id, create_user_id, create_user_name, left_type, left_value, left_value_type, right_type, right_value_type, right_value, symbol, update_time, create_time, deleted) VALUES (52, 'vip等级', null, 1, null, null, 0, '67', 'NUMBER', 2, 'NUMBER', '3', 'GE', '2020-08-27 00:15:35', '2020-08-27 00:15:35', 0);
INSERT INTO boot_engine.rule_engine_condition (id, name, description, workspace_id, create_user_id, create_user_name, left_type, left_value, left_value_type, right_type, right_value_type, right_value, symbol, update_time, create_time, deleted) VALUES (53, '消费金额', null, 1, null, null, 0, '68', 'NUMBER', 2, 'NUMBER', '30000', 'GE', '2020-08-27 00:17:05', '2020-08-27 00:17:05', 0);
INSERT INTO boot_engine.rule_engine_condition (id, name, description, workspace_id, create_user_id, create_user_name, left_type, left_value, left_value_type, right_type, right_value_type, right_value, symbol, update_time, create_time, deleted) VALUES (54, '特殊省份', null, 1, null, null, 2, '北京,河南,上海', 'COLLECTION', 0, 'COLLECTION', '69', 'CONTAIN', '2020-08-27 01:05:05', '2020-08-27 01:05:05', 0);
INSERT INTO boot_engine.rule_engine_condition (id, name, description, workspace_id, create_user_id, create_user_name, left_type, left_value, left_value_type, right_type, right_value_type, right_value, symbol, update_time, create_time, deleted) VALUES (55, '文化程度', null, 1, null, null, 2, '博士', 'STRING', 0, 'STRING', '70', 'EQ', '2020-08-27 01:08:04', '2020-08-27 01:08:04', 0);
INSERT INTO boot_engine.rule_engine_condition (id, name, description, workspace_id, create_user_id, create_user_name, left_type, left_value, left_value_type, right_type, right_value_type, right_value, symbol, update_time, create_time, deleted) VALUES (56, '特殊市区', null, 1, null, null, 2, '北京市,商丘市', 'COLLECTION', 0, 'STRING', '71', 'CONTAIN', '2020-08-27 01:14:08', '2020-08-27 01:13:05', 0);
INSERT INTO boot_engine.rule_engine_condition (id, name, description, workspace_id, create_user_id, create_user_name, left_type, left_value, left_value_type, right_type, right_value_type, right_value, symbol, update_time, create_time, deleted) VALUES (57, '审批人测试', null, 1, null, null, 1, '35', 'COLLECTION', 2, 'NUMBER', '123', 'CONTAIN', '2020-08-27 12:35:57', '2020-08-27 12:35:50', 0);
INSERT INTO boot_engine.rule_engine_condition (id, name, description, workspace_id, create_user_id, create_user_name, left_type, left_value, left_value_type, right_type, right_value_type, right_value, symbol, update_time, create_time, deleted) VALUES (58, '测试条件-绝对值', null, 1, null, null, 1, '52', 'NUMBER', 2, 'NUMBER', '123', 'EQ', '2020-08-28 14:48:48', '2020-08-28 14:48:48', 0);
INSERT INTO boot_engine.rule_engine_condition (id, name, description, workspace_id, create_user_id, create_user_name, left_type, left_value, left_value_type, right_type, right_value_type, right_value, symbol, update_time, create_time, deleted) VALUES (60, '集合在.测试', null, 1, null, null, 0, '61', 'COLLECTION', 2, 'COLLECTION', '1,2', 'IN', '2020-09-10 18:12:49', '2020-08-28 16:25:44', 0);
INSERT INTO boot_engine.rule_engine_condition (id, name, description, workspace_id, create_user_id, create_user_name, left_type, left_value, left_value_type, right_type, right_value_type, right_value, symbol, update_time, create_time, deleted) VALUES (64, '年龄范围条件', null, 1, null, null, 1, '70', 'BOOLEAN', 2, 'BOOLEAN', 'true', 'EQ', '2020-08-30 18:53:37', '2020-08-30 18:53:37', 0);
INSERT INTO boot_engine.rule_engine_condition (id, name, description, workspace_id, create_user_id, create_user_name, left_type, left_value, left_value_type, right_type, right_value_type, right_value, symbol, update_time, create_time, deleted) VALUES (65, '年龄大于等于20条件', null, 1, null, null, 0, '66', 'NUMBER', 2, 'NUMBER', '20', 'GE', '2020-08-30 21:25:26', '2020-08-30 21:24:51', 0);
INSERT INTO boot_engine.rule_engine_condition (id, name, description, workspace_id, create_user_id, create_user_name, left_type, left_value, left_value_type, right_type, right_value_type, right_value, symbol, update_time, create_time, deleted) VALUES (66, '年龄小于等于26条件', null, 1, null, null, 0, '66', 'NUMBER', 2, 'NUMBER', '26', 'LE', '2020-09-04 20:56:36', '2020-08-30 21:25:18', 0);
INSERT INTO boot_engine.rule_engine_condition (id, name, description, workspace_id, create_user_id, create_user_name, left_type, left_value, left_value_type, right_type, right_value_type, right_value, symbol, update_time, create_time, deleted) VALUES (69, '号码开头', null, 1, null, null, 0, '77', 'STRING', 2, 'STRING', '137', 'STARTS_WITH', '2020-09-10 18:08:13', '2020-09-10 18:08:13', 0);
INSERT INTO boot_engine.rule_engine_condition (id, name, description, workspace_id, create_user_id, create_user_name, left_type, left_value, left_value_type, right_type, right_value_type, right_value, symbol, update_time, create_time, deleted) VALUES (70, '限制号码长度', null, 1, null, null, 1, '76', 'NUMBER', 2, 'NUMBER', '17', 'LE', '2020-09-10 20:08:15', '2020-09-10 18:11:41', 0);
INSERT INTO boot_engine.rule_engine_condition (id, name, description, workspace_id, create_user_id, create_user_name, left_type, left_value, left_value_type, right_type, right_value_type, right_value, symbol, update_time, create_time, deleted) VALUES (71, '排除号码在白名单的', null, 1, null, null, 1, '77', 'COLLECTION', 0, 'STRING', '77', 'CONTAIN', '2020-09-10 23:44:25', '2020-09-10 18:15:27', 0);
INSERT INTO boot_engine.rule_engine_condition (id, name, description, workspace_id, create_user_id, create_user_name, left_type, left_value, left_value_type, right_type, right_value_type, right_value, symbol, update_time, create_time, deleted) VALUES (73, '验证是否为手机号码条件', null, 1, null, null, 1, '79', 'BOOLEAN', 2, 'BOOLEAN', 'true', 'EQ', '2020-09-16 14:57:38', '2020-09-16 14:57:38', 0);
INSERT INTO boot_engine.rule_engine_condition (id, name, description, workspace_id, create_user_id, create_user_name, left_type, left_value, left_value_type, right_type, right_value_type, right_value, symbol, update_time, create_time, deleted) VALUES (74, 'vip等级大于4以上', null, 1, null, null, 0, '67', 'NUMBER', 2, 'NUMBER', '4', 'GT', '2020-11-13 19:14:00', '2020-11-13 19:14:00', 0);
INSERT INTO boot_engine.rule_engine_condition (id, name, description, workspace_id, create_user_id, create_user_name, left_type, left_value, left_value_type, right_type, right_value_type, right_value, symbol, update_time, create_time, deleted) VALUES (75, '消费金额大于3000', null, 1, null, null, 0, '68', 'NUMBER', 2, 'NUMBER', '3000', 'GT', '2020-11-13 19:14:33', '2020-11-13 19:14:33', 0);
INSERT INTO boot_engine.rule_engine_condition (id, name, description, workspace_id, create_user_id, create_user_name, left_type, left_value, left_value_type, right_type, right_value_type, right_value, symbol, update_time, create_time, deleted) VALUES (85, '定期存款年限在', null, 1, null, null, 2, '0.5', 'NUMBER', 2, 'NUMBER', '1', 'LE', '2020-12-07 11:25:49', '2020-12-07 11:24:38', 0);
INSERT INTO boot_engine.rule_engine_condition (id, name, description, workspace_id, create_user_id, create_user_name, left_type, left_value, left_value_type, right_type, right_value_type, right_value, symbol, update_time, create_time, deleted) VALUES (86, '存款年限在', null, 1, null, null, 2, '10', 'NUMBER', 2, 'NUMBER', '2', 'GE', '2020-12-07 13:43:09', '2020-12-07 11:25:26', 0);
INSERT INTO boot_engine.rule_engine_condition (id, name, description, workspace_id, create_user_id, create_user_name, left_type, left_value, left_value_type, right_type, right_value_type, right_value, symbol, update_time, create_time, deleted) VALUES (87, '账户最低存款额度', null, 1, null, null, 0, '95', 'NUMBER', 2, 'NUMBER', '2000', 'GT', '2020-12-07 11:27:15', '2020-12-07 11:27:15', 0);
INSERT INTO boot_engine.rule_engine_condition (id, name, description, workspace_id, create_user_id, create_user_name, left_type, left_value, left_value_type, right_type, right_value_type, right_value, symbol, update_time, create_time, deleted) VALUES (88, '存款年限', null, 1, null, null, 2, '1', 'NUMBER', 2, 'NUMBER', '2', 'LE', '2020-12-07 16:11:35', '2020-12-07 16:11:35', 0);
INSERT INTO boot_engine.rule_engine_condition (id, name, description, workspace_id, create_user_id, create_user_name, left_type, left_value, left_value_type, right_type, right_value_type, right_value, symbol, update_time, create_time, deleted) VALUES (89, '最低存款额度大于等于2000', null, 1, null, null, 0, '95', 'NUMBER', 2, 'NUMBER', '2000', 'GE', '2020-12-07 16:27:39', '2020-12-07 16:27:39', 0);
INSERT INTO boot_engine.rule_engine_condition (id, name, description, workspace_id, create_user_id, create_user_name, left_type, left_value, left_value_type, right_type, right_value_type, right_value, symbol, update_time, create_time, deleted) VALUES (90, '定期存款年限', null, 1, null, null, 0, '98', 'NUMBER', 2, 'NUMBER', '1', 'GE', '2020-12-14 04:57:40', '2020-12-07 16:28:24', 0);
INSERT INTO boot_engine.rule_engine_condition (id, name, description, workspace_id, create_user_id, create_user_name, left_type, left_value, left_value_type, right_type, right_value_type, right_value, symbol, update_time, create_time, deleted) VALUES (94, '年收入是否大于20万', null, 1, 1, 'dqw', 0, '105', 'NUMBER', 2, 'NUMBER', '200000', 'GE', '2020-12-16 10:37:08', '2020-12-16 10:36:52', 0);
INSERT INTO boot_engine.rule_engine_condition (id, name, description, workspace_id, create_user_id, create_user_name, left_type, left_value, left_value_type, right_type, right_value_type, right_value, symbol, update_time, create_time, deleted) VALUES (95, '年收入是否小于26400', '年收入是否小于26400说明', 1, 2, 'lq', 0, '105', 'NUMBER', 2, 'NUMBER', '26400', 'LT', '2020-12-17 07:35:10', '2020-12-17 07:35:10', 0);
INSERT INTO boot_engine.rule_engine_condition (id, name, description, workspace_id, create_user_id, create_user_name, left_type, left_value, left_value_type, right_type, right_value_type, right_value, symbol, update_time, create_time, deleted) VALUES (96, '年收入是否大于10000', '年收入是否大于10000说明', 1, 2, 'lq', 0, '105', 'NUMBER', 2, 'NUMBER', '10000', 'GT', '2020-12-17 07:36:44', '2020-12-17 07:36:44', 0);
INSERT INTO boot_engine.rule_engine_condition (id, name, description, workspace_id, create_user_id, create_user_name, left_type, left_value, left_value_type, right_type, right_value_type, right_value, symbol, update_time, create_time, deleted) VALUES (98, '性别是男的', null, 1, 1, 'dqw', 0, '114', 'STRING', 2, 'STRING', '男', 'EQ', '2020-12-25 03:19:47', '2020-12-25 03:19:47', 0);
INSERT INTO boot_engine.rule_engine_condition (id, name, description, workspace_id, create_user_id, create_user_name, left_type, left_value, left_value_type, right_type, right_value_type, right_value, symbol, update_time, create_time, deleted) VALUES (99, '年龄小于10岁', null, 1, 1, 'dqw', 0, '66', 'NUMBER', 2, 'NUMBER', '10', 'LT', '2020-12-25 03:20:28', '2020-12-25 03:20:28', 0);
INSERT INTO boot_engine.rule_engine_condition (id, name, description, workspace_id, create_user_id, create_user_name, left_type, left_value, left_value_type, right_type, right_value_type, right_value, symbol, update_time, create_time, deleted) VALUES (100, '身高170cm以上', null, 1, 1, 'dqw', 0, '115', 'NUMBER', 2, 'NUMBER', '170', 'GE', '2020-12-25 03:51:48', '2020-12-25 03:22:45', 0);
INSERT INTO boot_engine.rule_engine_condition (id, name, description, workspace_id, create_user_id, create_user_name, left_type, left_value, left_value_type, right_type, right_value_type, right_value, symbol, update_time, create_time, deleted) VALUES (101, '年级是三年级以上', null, 1, 1, 'dqw', 0, '116', 'NUMBER', 2, 'NUMBER', '3', 'GT', '2020-12-25 03:55:45', '2020-12-25 03:55:45', 0);
INSERT INTO boot_engine.rule_engine_condition (id, name, description, workspace_id, create_user_id, create_user_name, left_type, left_value, left_value_type, right_type, right_value_type, right_value, symbol, update_time, create_time, deleted) VALUES (102, '身体是否健壮', null, 1, 1, 'dqw', 2, '健壮,优秀,良好', 'COLLECTION', 0, 'STRING', '117', 'CONTAIN', '2020-12-28 19:23:00', '2020-12-25 04:00:21', 0);
INSERT INTO boot_engine.rule_engine_condition (id, name, description, workspace_id, create_user_id, create_user_name, left_type, left_value, left_value_type, right_type, right_value_type, right_value, symbol, update_time, create_time, deleted) VALUES (103, '专业是否为体育生', null, 1, 1, 'dqw', 2, '体育', 'STRING', 0, 'STRING', '119', 'EQ', '2020-12-29 14:12:12', '2020-12-25 04:05:11', 0);
INSERT INTO boot_engine.rule_engine_condition (id, name, description, workspace_id, create_user_id, create_user_name, left_type, left_value, left_value_type, right_type, right_value_type, right_value, symbol, update_time, create_time, deleted) VALUES (104, '年龄在7-11之间条件', null, 1, 1, 'dqw', 1, '118', 'BOOLEAN', 2, 'BOOLEAN', 'true', 'EQ', '2020-12-25 04:08:33', '2020-12-25 04:08:33', 0);
INSERT INTO boot_engine.rule_engine_condition (id, name, description, workspace_id, create_user_id, create_user_name, left_type, left_value, left_value_type, right_type, right_value_type, right_value, symbol, update_time, create_time, deleted) VALUES (105, '当压力小于最小值时候进行报警', null, 1, 2, 'lq', 0, '120', 'NUMBER', 1, 'NUMBER', '120', 'LT', '2020-12-28 07:10:47', '2020-12-28 02:48:22', 0);
INSERT INTO boot_engine.rule_engine_condition (id, name, description, workspace_id, create_user_id, create_user_name, left_type, left_value, left_value_type, right_type, right_value_type, right_value, symbol, update_time, create_time, deleted) VALUES (107, '123', null, 1, 2, 'lq', 2, 'KeyValue', 'STRING', 2, 'STRING', '4', 'NE', '2020-12-31 08:56:18', '2020-12-31 08:56:18', 1);
INSERT INTO boot_engine.rule_engine_condition (id, name, description, workspace_id, create_user_id, create_user_name, left_type, left_value, left_value_type, right_type, right_value_type, right_value, symbol, update_time, create_time, deleted) VALUES (108, '---', null, 1, 2, 'lq', 0, '66', 'NUMBER', 2, 'NUMBER', '10', 'GT', '2021-01-07 02:24:02', '2021-01-07 02:24:02', 0);
create table rule_engine_condition_group
(
    id          int auto_increment
        primary key,
    name        varchar(50) not null,
    rule_id     int         null,
    order_no    int         not null,
    create_time timestamp   null,
    update_time timestamp   null,
    deleted     tinyint     null
)
    charset = utf8;

create index rule_engine_condition_group_rule_id_index
    on rule_engine_condition_group (rule_id);

INSERT INTO boot_engine.rule_engine_condition_group (id, name, rule_id, order_no, create_time, update_time, deleted) VALUES (1403, '是否为体育生条件组', 121, 1, '2020-12-29 03:10:33', '2020-12-29 03:10:33', 1);
INSERT INTO boot_engine.rule_engine_condition_group (id, name, rule_id, order_no, create_time, update_time, deleted) VALUES (1404, '条件组', 121, 2, '2020-12-29 03:10:33', '2020-12-29 03:10:33', 1);
INSERT INTO boot_engine.rule_engine_condition_group (id, name, rule_id, order_no, create_time, update_time, deleted) VALUES (1413, '条件组', 122, 1, '2020-12-29 13:44:23', '2020-12-29 13:44:23', 1);
INSERT INTO boot_engine.rule_engine_condition_group (id, name, rule_id, order_no, create_time, update_time, deleted) VALUES (1414, '条件组', 122, 2, '2020-12-29 13:44:23', '2020-12-29 13:44:23', 1);
INSERT INTO boot_engine.rule_engine_condition_group (id, name, rule_id, order_no, create_time, update_time, deleted) VALUES (1415, '是否为体育生条件组', 121, 1, '2020-12-29 14:11:20', '2020-12-29 14:11:20', 1);
INSERT INTO boot_engine.rule_engine_condition_group (id, name, rule_id, order_no, create_time, update_time, deleted) VALUES (1416, '条件组', 121, 2, '2020-12-29 14:11:20', '2020-12-29 14:11:20', 1);
INSERT INTO boot_engine.rule_engine_condition_group (id, name, rule_id, order_no, create_time, update_time, deleted) VALUES (1417, '是否为体育生条件组', 121, 1, '2020-12-29 14:11:59', '2020-12-29 14:11:59', 1);
INSERT INTO boot_engine.rule_engine_condition_group (id, name, rule_id, order_no, create_time, update_time, deleted) VALUES (1418, '条件组', 121, 2, '2020-12-29 14:11:59', '2020-12-29 14:11:59', 1);
INSERT INTO boot_engine.rule_engine_condition_group (id, name, rule_id, order_no, create_time, update_time, deleted) VALUES (1419, '是否为体育生条件组', 121, 1, '2020-12-29 16:20:57', '2020-12-29 16:20:57', 0);
INSERT INTO boot_engine.rule_engine_condition_group (id, name, rule_id, order_no, create_time, update_time, deleted) VALUES (1420, '条件组', 121, 2, '2020-12-29 16:20:57', '2020-12-29 16:20:57', 0);
INSERT INTO boot_engine.rule_engine_condition_group (id, name, rule_id, order_no, create_time, update_time, deleted) VALUES (1421, '条件组', 124, 1, '2020-12-30 00:49:54', '2020-12-30 00:49:54', 1);
INSERT INTO boot_engine.rule_engine_condition_group (id, name, rule_id, order_no, create_time, update_time, deleted) VALUES (1422, '条件组', 125, 1, '2020-12-30 01:38:20', '2020-12-30 01:38:20', 1);
INSERT INTO boot_engine.rule_engine_condition_group (id, name, rule_id, order_no, create_time, update_time, deleted) VALUES (1423, '条件组', 125, 2, '2020-12-30 01:38:20', '2020-12-30 01:38:20', 1);
INSERT INTO boot_engine.rule_engine_condition_group (id, name, rule_id, order_no, create_time, update_time, deleted) VALUES (1424, '条件组', 126, 1, '2020-12-30 01:42:08', '2020-12-30 01:42:08', 1);
INSERT INTO boot_engine.rule_engine_condition_group (id, name, rule_id, order_no, create_time, update_time, deleted) VALUES (1425, '条件组', 126, 2, '2020-12-30 01:42:08', '2020-12-30 01:42:08', 1);
INSERT INTO boot_engine.rule_engine_condition_group (id, name, rule_id, order_no, create_time, update_time, deleted) VALUES (1426, '条件组', 128, 1, '2020-12-30 11:51:11', '2020-12-30 11:51:11', 1);
INSERT INTO boot_engine.rule_engine_condition_group (id, name, rule_id, order_no, create_time, update_time, deleted) VALUES (1427, '条件组', 128, 1, '2020-12-30 14:51:16', '2020-12-30 14:51:16', 1);
INSERT INTO boot_engine.rule_engine_condition_group (id, name, rule_id, order_no, create_time, update_time, deleted) VALUES (1428, '条件组', 122, 1, '2021-01-02 19:12:26', '2021-01-02 19:12:26', 1);
INSERT INTO boot_engine.rule_engine_condition_group (id, name, rule_id, order_no, create_time, update_time, deleted) VALUES (1429, '条件组', 122, 2, '2021-01-02 19:12:26', '2021-01-02 19:12:26', 1);
INSERT INTO boot_engine.rule_engine_condition_group (id, name, rule_id, order_no, create_time, update_time, deleted) VALUES (1430, '条件组', 122, 1, '2021-01-03 17:21:35', '2021-01-03 17:21:35', 1);
INSERT INTO boot_engine.rule_engine_condition_group (id, name, rule_id, order_no, create_time, update_time, deleted) VALUES (1431, '条件组', 122, 2, '2021-01-03 17:21:35', '2021-01-03 17:21:35', 1);
INSERT INTO boot_engine.rule_engine_condition_group (id, name, rule_id, order_no, create_time, update_time, deleted) VALUES (1432, '条件组', 122, 1, '2021-01-03 17:28:55', '2021-01-03 17:28:55', 1);
INSERT INTO boot_engine.rule_engine_condition_group (id, name, rule_id, order_no, create_time, update_time, deleted) VALUES (1433, '条件组', 122, 2, '2021-01-03 17:28:56', '2021-01-03 17:28:56', 1);
INSERT INTO boot_engine.rule_engine_condition_group (id, name, rule_id, order_no, create_time, update_time, deleted) VALUES (1434, '条件组', 122, 1, '2021-01-03 17:54:16', '2021-01-03 17:54:16', 1);
INSERT INTO boot_engine.rule_engine_condition_group (id, name, rule_id, order_no, create_time, update_time, deleted) VALUES (1435, '条件组', 122, 2, '2021-01-03 17:54:16', '2021-01-03 17:54:16', 1);
INSERT INTO boot_engine.rule_engine_condition_group (id, name, rule_id, order_no, create_time, update_time, deleted) VALUES (1436, '条件组', 132, 1, '2021-01-05 09:00:34', '2021-01-05 09:00:34', 1);
INSERT INTO boot_engine.rule_engine_condition_group (id, name, rule_id, order_no, create_time, update_time, deleted) VALUES (1437, '条件组', 132, 1, '2021-01-05 09:01:04', '2021-01-05 09:01:04', 1);
INSERT INTO boot_engine.rule_engine_condition_group (id, name, rule_id, order_no, create_time, update_time, deleted) VALUES (1438, '条件组', 132, 1, '2021-01-05 17:16:47', '2021-01-05 17:16:47', 1);
INSERT INTO boot_engine.rule_engine_condition_group (id, name, rule_id, order_no, create_time, update_time, deleted) VALUES (1439, '条件组', 132, 1, '2021-01-05 18:49:02', '2021-01-05 18:49:02', 1);
INSERT INTO boot_engine.rule_engine_condition_group (id, name, rule_id, order_no, create_time, update_time, deleted) VALUES (1440, '条件组', 122, 1, '2021-01-06 04:56:57', '2021-01-06 04:56:57', 0);
INSERT INTO boot_engine.rule_engine_condition_group (id, name, rule_id, order_no, create_time, update_time, deleted) VALUES (1441, '条件组', 122, 2, '2021-01-06 04:56:57', '2021-01-06 04:56:57', 0);
INSERT INTO boot_engine.rule_engine_condition_group (id, name, rule_id, order_no, create_time, update_time, deleted) VALUES (1442, '条件组', 137, 1, '2021-01-07 02:25:12', '2021-01-07 02:25:12', 0);
create table rule_engine_condition_group_condition
(
    id                 int auto_increment
        primary key,
    condition_id       int       not null,
    condition_group_id int       not null,
    order_no           int       not null,
    create_time        timestamp null,
    update_time        timestamp null,
    deleted            tinyint   null
)
    charset = utf8;

create index rule_engine_condition_group_condition_condition_group_id_index
    on rule_engine_condition_group_condition (condition_group_id);

INSERT INTO boot_engine.rule_engine_condition_group_condition (id, condition_id, condition_group_id, order_no, create_time, update_time, deleted) VALUES (2138, 103, 1403, 1, '2020-12-29 03:10:33', '2020-12-29 03:10:33', 1);
INSERT INTO boot_engine.rule_engine_condition_group_condition (id, condition_id, condition_group_id, order_no, create_time, update_time, deleted) VALUES (2139, 104, 1404, 1, '2020-12-29 03:10:33', '2020-12-29 03:10:33', 1);
INSERT INTO boot_engine.rule_engine_condition_group_condition (id, condition_id, condition_group_id, order_no, create_time, update_time, deleted) VALUES (2140, 102, 1404, 2, '2020-12-29 03:10:33', '2020-12-29 03:10:33', 1);
INSERT INTO boot_engine.rule_engine_condition_group_condition (id, condition_id, condition_group_id, order_no, create_time, update_time, deleted) VALUES (2141, 101, 1404, 3, '2020-12-29 03:10:33', '2020-12-29 03:10:33', 1);
INSERT INTO boot_engine.rule_engine_condition_group_condition (id, condition_id, condition_group_id, order_no, create_time, update_time, deleted) VALUES (2142, 100, 1404, 4, '2020-12-29 03:10:33', '2020-12-29 03:10:33', 1);
INSERT INTO boot_engine.rule_engine_condition_group_condition (id, condition_id, condition_group_id, order_no, create_time, update_time, deleted) VALUES (2143, 98, 1404, 5, '2020-12-29 03:10:33', '2020-12-29 03:10:33', 1);
INSERT INTO boot_engine.rule_engine_condition_group_condition (id, condition_id, condition_group_id, order_no, create_time, update_time, deleted) VALUES (2160, 71, 1413, 1, '2020-12-29 13:44:23', '2020-12-29 13:44:23', 1);
INSERT INTO boot_engine.rule_engine_condition_group_condition (id, condition_id, condition_group_id, order_no, create_time, update_time, deleted) VALUES (2161, 73, 1414, 1, '2020-12-29 13:44:23', '2020-12-29 13:44:23', 1);
INSERT INTO boot_engine.rule_engine_condition_group_condition (id, condition_id, condition_group_id, order_no, create_time, update_time, deleted) VALUES (2162, 70, 1414, 2, '2020-12-29 13:44:23', '2020-12-29 13:44:23', 1);
INSERT INTO boot_engine.rule_engine_condition_group_condition (id, condition_id, condition_group_id, order_no, create_time, update_time, deleted) VALUES (2163, 69, 1414, 3, '2020-12-29 13:44:23', '2020-12-29 13:44:23', 1);
INSERT INTO boot_engine.rule_engine_condition_group_condition (id, condition_id, condition_group_id, order_no, create_time, update_time, deleted) VALUES (2164, 103, 1415, 1, '2020-12-29 14:11:20', '2020-12-29 14:11:20', 1);
INSERT INTO boot_engine.rule_engine_condition_group_condition (id, condition_id, condition_group_id, order_no, create_time, update_time, deleted) VALUES (2165, 104, 1416, 1, '2020-12-29 14:11:20', '2020-12-29 14:11:20', 1);
INSERT INTO boot_engine.rule_engine_condition_group_condition (id, condition_id, condition_group_id, order_no, create_time, update_time, deleted) VALUES (2166, 102, 1416, 2, '2020-12-29 14:11:20', '2020-12-29 14:11:20', 1);
INSERT INTO boot_engine.rule_engine_condition_group_condition (id, condition_id, condition_group_id, order_no, create_time, update_time, deleted) VALUES (2167, 101, 1416, 3, '2020-12-29 14:11:20', '2020-12-29 14:11:20', 1);
INSERT INTO boot_engine.rule_engine_condition_group_condition (id, condition_id, condition_group_id, order_no, create_time, update_time, deleted) VALUES (2168, 100, 1416, 4, '2020-12-29 14:11:20', '2020-12-29 14:11:20', 1);
INSERT INTO boot_engine.rule_engine_condition_group_condition (id, condition_id, condition_group_id, order_no, create_time, update_time, deleted) VALUES (2169, 98, 1416, 5, '2020-12-29 14:11:20', '2020-12-29 14:11:20', 1);
INSERT INTO boot_engine.rule_engine_condition_group_condition (id, condition_id, condition_group_id, order_no, create_time, update_time, deleted) VALUES (2170, 103, 1417, 1, '2020-12-29 14:11:59', '2020-12-29 14:11:59', 1);
INSERT INTO boot_engine.rule_engine_condition_group_condition (id, condition_id, condition_group_id, order_no, create_time, update_time, deleted) VALUES (2171, 104, 1418, 1, '2020-12-29 14:11:59', '2020-12-29 14:11:59', 1);
INSERT INTO boot_engine.rule_engine_condition_group_condition (id, condition_id, condition_group_id, order_no, create_time, update_time, deleted) VALUES (2172, 102, 1418, 2, '2020-12-29 14:11:59', '2020-12-29 14:11:59', 1);
INSERT INTO boot_engine.rule_engine_condition_group_condition (id, condition_id, condition_group_id, order_no, create_time, update_time, deleted) VALUES (2173, 101, 1418, 3, '2020-12-29 14:11:59', '2020-12-29 14:11:59', 1);
INSERT INTO boot_engine.rule_engine_condition_group_condition (id, condition_id, condition_group_id, order_no, create_time, update_time, deleted) VALUES (2174, 100, 1418, 4, '2020-12-29 14:11:59', '2020-12-29 14:11:59', 1);
INSERT INTO boot_engine.rule_engine_condition_group_condition (id, condition_id, condition_group_id, order_no, create_time, update_time, deleted) VALUES (2175, 98, 1418, 5, '2020-12-29 14:11:59', '2020-12-29 14:11:59', 1);
INSERT INTO boot_engine.rule_engine_condition_group_condition (id, condition_id, condition_group_id, order_no, create_time, update_time, deleted) VALUES (2176, 103, 1419, 1, '2020-12-29 16:20:57', '2020-12-29 16:20:57', 0);
INSERT INTO boot_engine.rule_engine_condition_group_condition (id, condition_id, condition_group_id, order_no, create_time, update_time, deleted) VALUES (2177, 104, 1420, 1, '2020-12-29 16:20:57', '2020-12-29 16:20:57', 0);
INSERT INTO boot_engine.rule_engine_condition_group_condition (id, condition_id, condition_group_id, order_no, create_time, update_time, deleted) VALUES (2178, 102, 1420, 2, '2020-12-29 16:20:57', '2020-12-29 16:20:57', 0);
INSERT INTO boot_engine.rule_engine_condition_group_condition (id, condition_id, condition_group_id, order_no, create_time, update_time, deleted) VALUES (2179, 101, 1420, 3, '2020-12-29 16:20:57', '2020-12-29 16:20:57', 0);
INSERT INTO boot_engine.rule_engine_condition_group_condition (id, condition_id, condition_group_id, order_no, create_time, update_time, deleted) VALUES (2180, 100, 1420, 4, '2020-12-29 16:20:57', '2020-12-29 16:20:57', 0);
INSERT INTO boot_engine.rule_engine_condition_group_condition (id, condition_id, condition_group_id, order_no, create_time, update_time, deleted) VALUES (2181, 98, 1420, 5, '2020-12-29 16:20:57', '2020-12-29 16:20:57', 0);
INSERT INTO boot_engine.rule_engine_condition_group_condition (id, condition_id, condition_group_id, order_no, create_time, update_time, deleted) VALUES (2182, 103, 1421, 1, '2020-12-30 00:49:54', '2020-12-30 00:49:54', 1);
INSERT INTO boot_engine.rule_engine_condition_group_condition (id, condition_id, condition_group_id, order_no, create_time, update_time, deleted) VALUES (2183, 104, 1421, 2, '2020-12-30 00:49:54', '2020-12-30 00:49:54', 1);
INSERT INTO boot_engine.rule_engine_condition_group_condition (id, condition_id, condition_group_id, order_no, create_time, update_time, deleted) VALUES (2184, 98, 1421, 3, '2020-12-30 00:49:54', '2020-12-30 00:49:54', 1);
INSERT INTO boot_engine.rule_engine_condition_group_condition (id, condition_id, condition_group_id, order_no, create_time, update_time, deleted) VALUES (2185, 103, 1422, 1, '2020-12-30 01:38:20', '2020-12-30 01:38:20', 1);
INSERT INTO boot_engine.rule_engine_condition_group_condition (id, condition_id, condition_group_id, order_no, create_time, update_time, deleted) VALUES (2186, 104, 1423, 1, '2020-12-30 01:38:20', '2020-12-30 01:38:20', 1);
INSERT INTO boot_engine.rule_engine_condition_group_condition (id, condition_id, condition_group_id, order_no, create_time, update_time, deleted) VALUES (2187, 99, 1424, 1, '2020-12-30 01:42:08', '2020-12-30 01:42:08', 1);
INSERT INTO boot_engine.rule_engine_condition_group_condition (id, condition_id, condition_group_id, order_no, create_time, update_time, deleted) VALUES (2188, 65, 1425, 1, '2020-12-30 01:42:08', '2020-12-30 01:42:08', 1);
INSERT INTO boot_engine.rule_engine_condition_group_condition (id, condition_id, condition_group_id, order_no, create_time, update_time, deleted) VALUES (2189, 57, 1426, 1, '2020-12-30 11:51:11', '2020-12-30 11:51:11', 1);
INSERT INTO boot_engine.rule_engine_condition_group_condition (id, condition_id, condition_group_id, order_no, create_time, update_time, deleted) VALUES (2190, 57, 1427, 1, '2020-12-30 14:51:16', '2020-12-30 14:51:16', 1);
INSERT INTO boot_engine.rule_engine_condition_group_condition (id, condition_id, condition_group_id, order_no, create_time, update_time, deleted) VALUES (2191, 71, 1428, 1, '2021-01-02 19:12:26', '2021-01-02 19:12:26', 1);
INSERT INTO boot_engine.rule_engine_condition_group_condition (id, condition_id, condition_group_id, order_no, create_time, update_time, deleted) VALUES (2192, 73, 1429, 1, '2021-01-02 19:12:26', '2021-01-02 19:12:26', 1);
INSERT INTO boot_engine.rule_engine_condition_group_condition (id, condition_id, condition_group_id, order_no, create_time, update_time, deleted) VALUES (2193, 70, 1429, 2, '2021-01-02 19:12:26', '2021-01-02 19:12:26', 1);
INSERT INTO boot_engine.rule_engine_condition_group_condition (id, condition_id, condition_group_id, order_no, create_time, update_time, deleted) VALUES (2194, 69, 1429, 3, '2021-01-02 19:12:26', '2021-01-02 19:12:26', 1);
INSERT INTO boot_engine.rule_engine_condition_group_condition (id, condition_id, condition_group_id, order_no, create_time, update_time, deleted) VALUES (2195, 71, 1430, 1, '2021-01-03 17:21:35', '2021-01-03 17:21:35', 1);
INSERT INTO boot_engine.rule_engine_condition_group_condition (id, condition_id, condition_group_id, order_no, create_time, update_time, deleted) VALUES (2196, 73, 1431, 1, '2021-01-03 17:21:35', '2021-01-03 17:21:35', 1);
INSERT INTO boot_engine.rule_engine_condition_group_condition (id, condition_id, condition_group_id, order_no, create_time, update_time, deleted) VALUES (2197, 70, 1431, 2, '2021-01-03 17:21:35', '2021-01-03 17:21:35', 1);
INSERT INTO boot_engine.rule_engine_condition_group_condition (id, condition_id, condition_group_id, order_no, create_time, update_time, deleted) VALUES (2198, 69, 1431, 3, '2021-01-03 17:21:35', '2021-01-03 17:21:35', 1);
INSERT INTO boot_engine.rule_engine_condition_group_condition (id, condition_id, condition_group_id, order_no, create_time, update_time, deleted) VALUES (2199, 71, 1432, 1, '2021-01-03 17:28:56', '2021-01-03 17:28:56', 1);
INSERT INTO boot_engine.rule_engine_condition_group_condition (id, condition_id, condition_group_id, order_no, create_time, update_time, deleted) VALUES (2200, 73, 1433, 1, '2021-01-03 17:28:56', '2021-01-03 17:28:56', 1);
INSERT INTO boot_engine.rule_engine_condition_group_condition (id, condition_id, condition_group_id, order_no, create_time, update_time, deleted) VALUES (2201, 70, 1433, 2, '2021-01-03 17:28:56', '2021-01-03 17:28:56', 1);
INSERT INTO boot_engine.rule_engine_condition_group_condition (id, condition_id, condition_group_id, order_no, create_time, update_time, deleted) VALUES (2202, 69, 1433, 3, '2021-01-03 17:28:56', '2021-01-03 17:28:56', 1);
INSERT INTO boot_engine.rule_engine_condition_group_condition (id, condition_id, condition_group_id, order_no, create_time, update_time, deleted) VALUES (2203, 71, 1434, 1, '2021-01-03 17:54:16', '2021-01-03 17:54:16', 1);
INSERT INTO boot_engine.rule_engine_condition_group_condition (id, condition_id, condition_group_id, order_no, create_time, update_time, deleted) VALUES (2204, 73, 1435, 1, '2021-01-03 17:54:16', '2021-01-03 17:54:16', 1);
INSERT INTO boot_engine.rule_engine_condition_group_condition (id, condition_id, condition_group_id, order_no, create_time, update_time, deleted) VALUES (2205, 70, 1435, 2, '2021-01-03 17:54:16', '2021-01-03 17:54:16', 1);
INSERT INTO boot_engine.rule_engine_condition_group_condition (id, condition_id, condition_group_id, order_no, create_time, update_time, deleted) VALUES (2206, 69, 1435, 3, '2021-01-03 17:54:16', '2021-01-03 17:54:16', 1);
INSERT INTO boot_engine.rule_engine_condition_group_condition (id, condition_id, condition_group_id, order_no, create_time, update_time, deleted) VALUES (2207, 104, 1436, 1, '2021-01-05 09:00:35', '2021-01-05 09:00:35', 1);
INSERT INTO boot_engine.rule_engine_condition_group_condition (id, condition_id, condition_group_id, order_no, create_time, update_time, deleted) VALUES (2208, 73, 1436, 2, '2021-01-05 09:00:35', '2021-01-05 09:00:35', 1);
INSERT INTO boot_engine.rule_engine_condition_group_condition (id, condition_id, condition_group_id, order_no, create_time, update_time, deleted) VALUES (2209, 104, 1437, 1, '2021-01-05 09:01:04', '2021-01-05 09:01:04', 1);
INSERT INTO boot_engine.rule_engine_condition_group_condition (id, condition_id, condition_group_id, order_no, create_time, update_time, deleted) VALUES (2210, 73, 1437, 2, '2021-01-05 09:01:04', '2021-01-05 09:01:04', 1);
INSERT INTO boot_engine.rule_engine_condition_group_condition (id, condition_id, condition_group_id, order_no, create_time, update_time, deleted) VALUES (2211, 104, 1438, 1, '2021-01-05 17:16:47', '2021-01-05 17:16:47', 1);
INSERT INTO boot_engine.rule_engine_condition_group_condition (id, condition_id, condition_group_id, order_no, create_time, update_time, deleted) VALUES (2212, 73, 1438, 2, '2021-01-05 17:16:47', '2021-01-05 17:16:47', 1);
INSERT INTO boot_engine.rule_engine_condition_group_condition (id, condition_id, condition_group_id, order_no, create_time, update_time, deleted) VALUES (2213, 104, 1439, 1, '2021-01-05 18:49:02', '2021-01-05 18:49:02', 1);
INSERT INTO boot_engine.rule_engine_condition_group_condition (id, condition_id, condition_group_id, order_no, create_time, update_time, deleted) VALUES (2214, 73, 1439, 2, '2021-01-05 18:49:02', '2021-01-05 18:49:02', 1);
INSERT INTO boot_engine.rule_engine_condition_group_condition (id, condition_id, condition_group_id, order_no, create_time, update_time, deleted) VALUES (2215, 71, 1440, 1, '2021-01-06 04:56:57', '2021-01-06 04:56:57', 0);
INSERT INTO boot_engine.rule_engine_condition_group_condition (id, condition_id, condition_group_id, order_no, create_time, update_time, deleted) VALUES (2216, 73, 1441, 1, '2021-01-06 04:56:57', '2021-01-06 04:56:57', 0);
INSERT INTO boot_engine.rule_engine_condition_group_condition (id, condition_id, condition_group_id, order_no, create_time, update_time, deleted) VALUES (2217, 70, 1441, 2, '2021-01-06 04:56:57', '2021-01-06 04:56:57', 0);
INSERT INTO boot_engine.rule_engine_condition_group_condition (id, condition_id, condition_group_id, order_no, create_time, update_time, deleted) VALUES (2218, 69, 1441, 3, '2021-01-06 04:56:57', '2021-01-06 04:56:57', 0);
INSERT INTO boot_engine.rule_engine_condition_group_condition (id, condition_id, condition_group_id, order_no, create_time, update_time, deleted) VALUES (2219, 108, 1442, 1, '2021-01-07 02:25:12', '2021-01-07 02:25:12', 0);
INSERT INTO boot_engine.rule_engine_condition_group_condition (id, condition_id, condition_group_id, order_no, create_time, update_time, deleted) VALUES (2220, 108, 1442, 2, '2021-01-07 02:25:12', '2021-01-07 02:25:12', 0);
create table rule_engine_decision_table
(
    id               int auto_increment
        primary key,
    name             varchar(50)  not null,
    code             varchar(50)  not null,
    description      varchar(500) null,
    workspace_id     int          null,
    workspace_code   varchar(20)  null,
    table_data       json         null,
    strategy_type    tinyint      null,
    create_user_id   int          null,
    create_user_name varchar(100) null,
    status           tinyint      null,
    abnormal_alarm   json         null,
    create_time      timestamp    null,
    update_time      timestamp    null,
    deleted          tinyint      null
)
    charset = utf8;

create index rule_engine_rule_code_workspace_id_index
    on rule_engine_decision_table (workspace_id);

INSERT INTO boot_engine.rule_engine_decision_table (id, name, code, description, workspace_id, workspace_code, table_data, strategy_type, create_user_id, create_user_name, status, abnormal_alarm, create_time, update_time, deleted) VALUES (5, '1229test', 'test1229', null, 2, 'test', null, null, 2, 'lq', 0, null, '2020-12-29 01:52:27', '2020-12-29 01:52:27', 1);
INSERT INTO boot_engine.rule_engine_decision_table (id, name, code, description, workspace_id, workspace_code, table_data, strategy_type, create_user_id, create_user_name, status, abnormal_alarm, create_time, update_time, deleted) VALUES (11, 'test', 'test', null, 1, 'default', '{"rows": [{"id": 1, "result": {"type": 5, "value": "张三", "visible": false, "valueType": "STRING"}, "priority": 10, "conditions": [{"type": 7, "value": 12, "visible": false, "valueType": "NUMBER"}, {"type": 5, "value": "男", "visible": false, "valueType": "STRING"}, {"type": 5, "value": "女", "visible": false, "valueType": "STRING"}]}, {"id": 1, "result": {"visible": false}, "priority": 1, "conditions": [{"type": 7, "value": 12, "visible": false, "valueType": "NUMBER"}, {"visible": false}, {"visible": false}]}, {"id": 2, "result": {"type": 5, "value": "李四", "visible": false, "valueType": "STRING"}, "priority": 1, "conditions": [{"type": 7, "value": 21, "visible": false, "valueType": "NUMBER"}, {"type": 5, "value": "男", "visible": false, "valueType": "STRING"}, {"visible": false}]}, {"id": 1, "result": {"visible": false}, "priority": 1, "conditions": [{"visible": false}, {"visible": false}, {"visible": false}]}, {"id": 1, "result": {"visible": false}, "priority": 1, "conditions": [{"visible": false}, {"visible": false}, {"visible": false}]}, {"id": 1, "result": {"visible": false}, "priority": 1, "conditions": [{"visible": false}, {"visible": false}, {"visible": false}]}, {"id": 1, "result": {"visible": false}, "priority": 1, "conditions": [{"visible": false}, {"visible": false}, {"visible": false}]}, {"id": 1, "result": {"visible": false}, "priority": 1, "conditions": [{"visible": false}, {"visible": false}, {"visible": false}]}, {"id": 1, "result": {"visible": false}, "priority": 1, "conditions": [{"visible": false}, {"visible": false}, {"visible": false}]}, {"id": 1, "result": {"visible": false}, "priority": 1, "conditions": [{"visible": false}, {"visible": false}, {"visible": false}]}, {"id": 1, "result": {"visible": false}, "priority": 1, "conditions": [{"visible": false}, {"visible": false}, {"visible": false}]}], "collResultHead": {"type": 5, "valueType": "STRING", "defaultAction": {"visible": false}}, "collConditionHeads": [{"name": "年龄大于等于20的人", "uuid": "1", "symbol": "GE", "visible": false, "leftValue": {"type": 7, "value": 20, "valueType": "NUMBER"}}, {"name": "性别为男的", "uuid": "2", "symbol": "EQ", "visible": false, "leftValue": {"type": 5, "value": "男", "valueType": "STRING"}}, {"name": "性别为男的", "uuid": "2", "symbol": "EQ", "visible": false, "leftValue": {"type": 5, "value": "男", "valueType": "STRING"}}]}', null, 2, 'lq', 0, '{"enable": false, "timeOutThreshold": 3000}', '2020-12-29 16:17:52', '2020-12-31 19:53:15', 1);
INSERT INTO boot_engine.rule_engine_decision_table (id, name, code, description, workspace_id, workspace_code, table_data, strategy_type, create_user_id, create_user_name, status, abnormal_alarm, create_time, update_time, deleted) VALUES (14, '444', 'a_4777', '55555', 1, 'default', null, null, 2, 'lq', 0, null, '2020-12-31 09:12:54', '2020-12-31 09:12:54', 1);
INSERT INTO boot_engine.rule_engine_decision_table (id, name, code, description, workspace_id, workspace_code, table_data, strategy_type, create_user_id, create_user_name, status, abnormal_alarm, create_time, update_time, deleted) VALUES (15, '123', 'afd', null, 1, 'default', null, null, 1, 'dqw', 0, null, '2020-12-31 20:20:18', '2020-12-31 20:20:18', 1);
INSERT INTO boot_engine.rule_engine_decision_table (id, name, code, description, workspace_id, workspace_code, table_data, strategy_type, create_user_id, create_user_name, status, abnormal_alarm, create_time, update_time, deleted) VALUES (16, 'sa''d''f', 'sadf', null, 1, 'default', '{"rows": [], "collResultHead": {}, "collPriorityHead": {}, "collConditionHeads": []}', null, 1, 'dqw', 0, null, '2021-01-01 04:57:55', '2021-01-01 04:57:55', 1);
INSERT INTO boot_engine.rule_engine_decision_table (id, name, code, description, workspace_id, workspace_code, table_data, strategy_type, create_user_id, create_user_name, status, abnormal_alarm, create_time, update_time, deleted) VALUES (17, 'sadf', 'sadf', null, 1, 'default', '{"rows": [{"result": {}, "priority": 1, "conditions": [{}]}], "collResultHead": {}, "collConditionHeads": [{}]}', null, 1, 'dqw', 0, null, '2021-01-01 05:02:59', '2021-01-01 05:02:59', 1);
INSERT INTO boot_engine.rule_engine_decision_table (id, name, code, description, workspace_id, workspace_code, table_data, strategy_type, create_user_id, create_user_name, status, abnormal_alarm, create_time, update_time, deleted) VALUES (18, 'asdf', 'sadf', null, 1, 'default', '{"rows": [{"result": {"visible": false, "valueType": "BOOLEAN"}, "priority": 1, "conditions": [{"type": 7, "value": 36, "visible": false, "valueType": "NUMBER"}, {"visible": false}, {"type": 7, "value": 3600, "visible": false, "valueType": "NUMBER"}]}, {"result": {"type": 6, "value": "true", "visible": false, "valueType": "BOOLEAN"}, "priority": 1, "conditions": [{"type": 7, "value": 53, "visible": false, "valueType": "NUMBER"}, {"visible": false}, {"type": 7, "value": 12000, "visible": false, "valueType": "NUMBER"}]}, {"result": {"type": 1, "value": "112", "visible": false, "valueName": "布尔值", "valueType": "BOOLEAN"}, "priority": 1, "conditions": [{"type": 7, "value": 30, "visible": false, "valueType": "NUMBER"}, {"visible": false}, {"type": 7, "value": 5100, "visible": false, "valueType": "NUMBER"}]}, {"result": {"type": 1, "value": "124", "visible": false, "valueName": "发送**邮件", "valueType": "BOOLEAN"}, "priority": 10, "conditions": [{"type": 7, "value": 36, "visible": false, "valueType": "NUMBER"}, {"type": 7, "value": 21000, "visible": false, "valueType": "NUMBER"}, {"visible": false}]}, {"result": {"type": 1, "value": "124", "visible": false, "valueName": "发送**邮件", "valueType": "BOOLEAN"}, "priority": 10, "conditions": [{"visible": false}, {"type": 7, "value": 3000, "visible": false, "valueType": "NUMBER"}, {"visible": false}]}, {"id": 1, "result": {"type": 1, "value": "124", "visible": false, "valueName": "发送**邮件", "valueType": "BOOLEAN"}, "priority": 2, "conditions": [{"type": 1, "visible": false}, {"visible": false}, {"type": 7, "value": 3265, "visible": false, "valueType": "NUMBER"}]}, {"id": 1, "result": {"type": 1, "value": "124", "visible": false, "valueName": "发送**邮件", "valueType": "BOOLEAN"}, "priority": 10, "conditions": [{"visible": false}, {"type": 7, "value": 26000, "visible": false, "valueType": "NUMBER"}, {"visible": false}]}, {"id": 1, "result": {"type": 1, "value": "124", "visible": false, "valueName": "发送**邮件", "valueType": "BOOLEAN"}, "priority": 1, "conditions": [{"type": 7, "value": 36, "visible": false, "valueType": "NUMBER"}, {"visible": false}, {"type": 7, "value": 6930, "visible": false, "valueType": "NUMBER"}]}, {"id": 1, "result": {"type": 1, "value": "124", "visible": false, "valueName": "发送**邮件", "valueType": "BOOLEAN"}, "priority": 1, "conditions": [{"type": 7, "value": 51, "visible": false, "valueType": "NUMBER"}, {"visible": false}, {"type": 7, "value": 6300, "visible": false, "valueType": "NUMBER"}]}], "collResultHead": {"type": 6, "valueType": "BOOLEAN", "defaultAction": {"visible": false, "valueType": "BOOLEAN"}}, "collConditionHeads": [{"name": "年龄小于40岁", "symbol": "LT", "visible": false, "leftValue": {"type": 7, "value": 40, "valueType": "NUMBER"}}, {"name": "月薪大于20000", "symbol": "GT", "visible": false, "leftValue": {"type": 7, "value": 20000, "valueType": "NUMBER"}}, {"name": "月薪大于5000", "symbol": "GT", "visible": false, "leftValue": {"type": 7, "value": 5000, "valueType": "NUMBER"}}]}', null, 1, 'dqw', 0, '{"enable": false, "timeOutThreshold": 3000}', '2021-01-01 05:07:36', '2021-01-03 10:06:12', 1);
INSERT INTO boot_engine.rule_engine_decision_table (id, name, code, description, workspace_id, workspace_code, table_data, strategy_type, create_user_id, create_user_name, status, abnormal_alarm, create_time, update_time, deleted) VALUES (19, 'test', 'asdf', null, 1, 'default', '{"rows": [{"result": {"type": 2, "value": "00", "visible": false, "tempType": 8, "valueType": "COLLECTION"}, "priority": 2, "conditions": [{"type": 2, "value": "true", "visible": false, "tempType": 6, "valueType": "BOOLEAN"}, {"type": 2, "value": "123", "visible": false, "tempType": 5, "valueType": "STRING"}]}, {"result": {"type": 2, "value": "1,2", "visible": false, "tempType": 8, "valueType": "COLLECTION"}, "priority": 1, "conditions": [{"type": 2, "value": "true", "visible": false, "tempType": 6, "valueType": "BOOLEAN"}, {"type": 2, "value": "123", "visible": false, "tempType": 5, "valueType": "STRING"}]}, {"result": {"type": 2, "value": "0", "visible": false, "tempType": 8, "valueType": "COLLECTION"}, "priority": 1, "conditions": [{"type": 2, "value": "true", "visible": false, "tempType": 6, "valueType": "BOOLEAN"}, {"type": 2, "value": "0", "visible": false, "tempType": 5, "valueType": "STRING"}]}], "collResultHead": {"type": 2, "tempType": 8, "valueType": "COLLECTION", "defaultAction": {"type": 2, "value": "默认值", "visible": false, "tempType": 8, "valueType": "COLLECTION", "enableDefaultAction": 0}}, "collConditionHeads": [{"name": "条件", "symbol": "EQ", "visible": false, "leftValue": {"type": 0, "value": "122", "visible": false, "tempType": 0, "valueName": "布尔元素", "valueType": "BOOLEAN"}}, {"name": "条件", "symbol": "EQ", "visible": false, "leftValue": {"type": 2, "value": "123", "visible": false, "tempType": 5, "valueType": "STRING"}}]}', 1, 1, 'dqw', 1, '{"enable": false, "timeOutThreshold": 3000}', '2021-01-02 18:38:25', '2021-01-06 04:49:30', 0);
INSERT INTO boot_engine.rule_engine_decision_table (id, name, code, description, workspace_id, workspace_code, table_data, strategy_type, create_user_id, create_user_name, status, abnormal_alarm, create_time, update_time, deleted) VALUES (20, 'test', 'test', null, 1, 'default', '{"rows": [{"result": {"type": 2, "value": "11", "visible": false, "tempType": 5, "valueType": "STRING"}, "priority": 1, "conditions": [{"type": 2, "value": "1", "visible": false, "tempType": 5, "valueType": "STRING"}]}, {"result": {"type": 2, "value": "22", "visible": false, "tempType": 5, "valueType": "STRING"}, "priority": 1, "conditions": [{"type": 2, "value": "2", "visible": false, "tempType": 5, "valueType": "STRING"}]}], "collResultHead": {"type": 2, "tempType": 5, "valueType": "STRING", "defaultAction": {"visible": false}}, "collConditionHeads": [{"name": "条件", "symbol": "EQ", "visible": false, "leftValue": {"type": 0, "value": "60", "visible": false, "tempType": 0, "valueName": "字符串元素", "valueType": "STRING"}}]}', 1, 1, 'dqw', 1, '{"enable": false, "timeOutThreshold": 3000}', '2021-01-05 17:07:34', '2021-01-05 17:28:03', 0);
INSERT INTO boot_engine.rule_engine_decision_table (id, name, code, description, workspace_id, workspace_code, table_data, strategy_type, create_user_id, create_user_name, status, abnormal_alarm, create_time, update_time, deleted) VALUES (21, 'tye', 'te', null, 1, 'default', '{"rows": [{"result": {"type": 2, "value": "123", "visible": false, "tempType": 5, "valueType": "STRING"}, "priority": 1, "conditions": [{"visible": false}]}], "collResultHead": {"type": 2, "tempType": 5, "valueType": "STRING", "defaultAction": {"visible": false}}, "collConditionHeads": [{"name": "条件", "symbol": "EQ", "visible": false, "leftValue": {"type": 2, "value": "123", "visible": false, "tempType": 5, "valueType": "STRING"}}]}', 1, 1, 'dqw', 1, '{"enable": false, "timeOutThreshold": 3000}', '2021-01-05 18:41:42', '2021-01-05 18:49:47', 1);
INSERT INTO boot_engine.rule_engine_decision_table (id, name, code, description, workspace_id, workspace_code, table_data, strategy_type, create_user_id, create_user_name, status, abnormal_alarm, create_time, update_time, deleted) VALUES (22, 'tes', 'asdff', null, 1, 'default', '{"rows": [{"result": {"type": 2, "value": "123", "visible": false, "tempType": 5, "valueType": "STRING"}, "priority": 1, "conditions": [{"type": 2, "value": "123", "visible": false, "tempType": 5, "valueType": "STRING"}]}, {"result": {"type": 2, "value": "111", "visible": false, "tempType": 5, "valueType": "STRING"}, "priority": 1, "conditions": [{"type": 2, "value": "1", "visible": false, "tempType": 5, "valueType": "STRING"}]}], "collResultHead": {"type": 2, "tempType": 5, "valueType": "STRING", "defaultAction": {"type": 2, "visible": false, "valueType": "STRING"}}, "collConditionHeads": [{"name": "条件", "symbol": "EQ", "visible": false, "leftValue": {"type": 2, "value": "123", "visible": false, "tempType": 5, "valueType": "STRING"}}]}', 1, 1, 'dqw', 1, '{"enable": false, "timeOutThreshold": 3000}', '2021-01-05 18:54:38', '2021-01-06 05:34:16', 0);
INSERT INTO boot_engine.rule_engine_decision_table (id, name, code, description, workspace_id, workspace_code, table_data, strategy_type, create_user_id, create_user_name, status, abnormal_alarm, create_time, update_time, deleted) VALUES (23, '1', 'a1', null, 1, 'default', '{"rows": [{"result": {"type": 2, "value": "5", "visible": false, "tempType": 7, "valueType": "NUMBER"}, "priority": 1, "conditions": [{"type": 2, "value": "10", "visible": false, "tempType": 7, "valueType": "NUMBER"}]}], "collResultHead": {"type": 2, "tempType": 7, "valueType": "NUMBER", "defaultAction": {"type": 2, "value": "1", "visible": false, "tempType": 7, "valueType": "NUMBER", "enableDefaultAction": 0}}, "collConditionHeads": [{"name": "条件", "symbol": "GT", "visible": false, "leftValue": {"type": 0, "value": "66", "visible": false, "tempType": 0, "valueName": "年龄", "valueType": "NUMBER"}}]}', 2, 2, 'lq', 1, '{"enable": false, "timeOutThreshold": 3000}', '2021-01-07 02:26:04', '2021-01-07 04:18:20', 0);
create table rule_engine_decision_table_publish
(
    id                  int auto_increment
        primary key,
    decision_table_id   int         not null,
    decision_table_code varchar(50) null,
    workspace_id        int         null,
    workspace_code      varchar(20) null,
    data                json        null,
    status              tinyint     null,
    create_time         timestamp   null,
    update_time         timestamp   null,
    deleted             tinyint     null
)
    charset = utf8;

INSERT INTO boot_engine.rule_engine_decision_table_publish (id, decision_table_id, decision_table_code, workspace_id, workspace_code, data, status, create_time, update_time, deleted) VALUES (199, 19, 'asdf', 1, 'default', '{"cn.ruleengine.core.decisiontable.DecisionTable": {"id": 19, "code": "asdf", "name": "sdaf", "collHeads": {"java.util.ArrayList": [{"cn.ruleengine.core.decisiontable.CollHead": {"name": "条件", "operator": {"cn.ruleengine.core.condition.Operator": "EQ"}, "leftValue": {"cn.ruleengine.core.value.Constant": {"value": "123", "valueType": {"cn.ruleengine.core.value.ValueType": "STRING"}}}}}]}, "description": null, "workspaceId": 1, "decisionTree": {"java.util.TreeMap": {"1": {"java.util.ArrayList": [{"cn.ruleengine.core.decisiontable.Row": {"colls": {"java.util.ArrayList": [{"cn.ruleengine.core.decisiontable.Coll": {"rightValue": null}}]}, "order": 1, "action": {"cn.ruleengine.core.value.Constant": {"value": {"java.util.Arrays$ArrayList": ["1", "2"]}, "valueType": {"cn.ruleengine.core.value.ValueType": "COLLECTION"}}}, "priority": 1}}, {"cn.ruleengine.core.decisiontable.Row": {"colls": {"java.util.ArrayList": [{"cn.ruleengine.core.decisiontable.Coll": {"rightValue": {"cn.ruleengine.core.value.Constant": {"value": "0", "valueType": {"cn.ruleengine.core.value.ValueType": "STRING"}}}}}]}, "order": 2, "action": {"cn.ruleengine.core.value.Constant": {"value": {"java.util.Arrays$ArrayList": ["0"]}, "valueType": {"cn.ruleengine.core.value.ValueType": "COLLECTION"}}}, "priority": 1}}]}, "2": {"java.util.ArrayList": [{"cn.ruleengine.core.decisiontable.Row": {"colls": {"java.util.ArrayList": [{"cn.ruleengine.core.decisiontable.Coll": {"rightValue": {"cn.ruleengine.core.value.Constant": {"value": "123", "valueType": {"cn.ruleengine.core.value.ValueType": "STRING"}}}}}]}, "order": 0, "action": {"cn.ruleengine.core.value.Constant": {"value": {"java.util.Arrays$ArrayList": ["12"]}, "valueType": {"cn.ruleengine.core.value.ValueType": "COLLECTION"}}}, "priority": 2}}]}}}, "strategyType": {"cn.ruleengine.core.decisiontable.DecisionTableStrategyType": "ALL_PRIORITY"}, "workspaceCode": "default", "defaultActionValue": {"cn.ruleengine.core.value.Constant": {"value": {"java.util.Arrays$ArrayList": ["1122"]}, "valueType": {"cn.ruleengine.core.value.ValueType": "COLLECTION"}}}}}', 1, '2021-01-03 17:18:40', '2021-01-03 17:18:40', 1);
INSERT INTO boot_engine.rule_engine_decision_table_publish (id, decision_table_id, decision_table_code, workspace_id, workspace_code, data, status, create_time, update_time, deleted) VALUES (200, 19, 'asdf', 1, 'default', '{"cn.ruleengine.core.decisiontable.DecisionTable": {"id": 19, "code": "asdf", "name": "sdaf", "collHeads": {"java.util.ArrayList": [{"cn.ruleengine.core.decisiontable.CollHead": {"name": "条件", "operator": {"cn.ruleengine.core.condition.Operator": "EQ"}, "leftValue": {"cn.ruleengine.core.value.Constant": {"value": "123", "valueType": {"cn.ruleengine.core.value.ValueType": "STRING"}}}}}]}, "description": null, "workspaceId": 1, "decisionTree": {"java.util.TreeMap": {"1": {"java.util.ArrayList": [{"cn.ruleengine.core.decisiontable.Row": {"colls": {"java.util.ArrayList": [{"cn.ruleengine.core.decisiontable.Coll": {"rightValue": null}}]}, "order": 1, "action": {"cn.ruleengine.core.value.Constant": {"value": {"java.util.Arrays$ArrayList": ["1", "2"]}, "valueType": {"cn.ruleengine.core.value.ValueType": "COLLECTION"}}}, "priority": 1}}, {"cn.ruleengine.core.decisiontable.Row": {"colls": {"java.util.ArrayList": [{"cn.ruleengine.core.decisiontable.Coll": {"rightValue": {"cn.ruleengine.core.value.Constant": {"value": "0", "valueType": {"cn.ruleengine.core.value.ValueType": "STRING"}}}}}]}, "order": 2, "action": {"cn.ruleengine.core.value.Constant": {"value": {"java.util.Arrays$ArrayList": ["0"]}, "valueType": {"cn.ruleengine.core.value.ValueType": "COLLECTION"}}}, "priority": 1}}]}, "2": {"java.util.ArrayList": [{"cn.ruleengine.core.decisiontable.Row": {"colls": {"java.util.ArrayList": [{"cn.ruleengine.core.decisiontable.Coll": {"rightValue": {"cn.ruleengine.core.value.Constant": {"value": "123", "valueType": {"cn.ruleengine.core.value.ValueType": "STRING"}}}}}]}, "order": 0, "action": {"cn.ruleengine.core.value.Constant": {"value": {"java.util.Arrays$ArrayList": ["12"]}, "valueType": {"cn.ruleengine.core.value.ValueType": "COLLECTION"}}}, "priority": 2}}]}}}, "strategyType": {"cn.ruleengine.core.decisiontable.DecisionTableStrategyType": "ALL_PRIORITY"}, "workspaceCode": "default", "defaultActionValue": {"cn.ruleengine.core.value.Constant": {"value": {"java.util.Arrays$ArrayList": ["1122"]}, "valueType": {"cn.ruleengine.core.value.ValueType": "COLLECTION"}}}}}', 1, '2021-01-03 17:18:44', '2021-01-03 17:18:44', 1);
INSERT INTO boot_engine.rule_engine_decision_table_publish (id, decision_table_id, decision_table_code, workspace_id, workspace_code, data, status, create_time, update_time, deleted) VALUES (201, 19, 'asdf', 1, 'default', '{"cn.ruleengine.core.decisiontable.DecisionTable": {"id": 19, "code": "asdf", "name": "sdaf", "collHeads": {"java.util.ArrayList": [{"cn.ruleengine.core.decisiontable.CollHead": {"name": "条件", "operator": {"cn.ruleengine.core.condition.Operator": "EQ"}, "leftValue": {"cn.ruleengine.core.value.Constant": {"value": "123", "valueType": {"cn.ruleengine.core.value.ValueType": "STRING"}}}}}]}, "description": null, "workspaceId": 1, "decisionTree": {"java.util.TreeMap": {"1": {"java.util.ArrayList": [{"cn.ruleengine.core.decisiontable.Row": {"colls": {"java.util.ArrayList": [{"cn.ruleengine.core.decisiontable.Coll": {"rightValue": null}}]}, "order": 1, "action": {"cn.ruleengine.core.value.Constant": {"value": {"java.util.Arrays$ArrayList": ["1", "2"]}, "valueType": {"cn.ruleengine.core.value.ValueType": "COLLECTION"}}}, "priority": 1}}, {"cn.ruleengine.core.decisiontable.Row": {"colls": {"java.util.ArrayList": [{"cn.ruleengine.core.decisiontable.Coll": {"rightValue": {"cn.ruleengine.core.value.Constant": {"value": "0", "valueType": {"cn.ruleengine.core.value.ValueType": "STRING"}}}}}]}, "order": 2, "action": {"cn.ruleengine.core.value.Constant": {"value": {"java.util.Arrays$ArrayList": ["0"]}, "valueType": {"cn.ruleengine.core.value.ValueType": "COLLECTION"}}}, "priority": 1}}]}, "2": {"java.util.ArrayList": [{"cn.ruleengine.core.decisiontable.Row": {"colls": {"java.util.ArrayList": [{"cn.ruleengine.core.decisiontable.Coll": {"rightValue": {"cn.ruleengine.core.value.Constant": {"value": "123", "valueType": {"cn.ruleengine.core.value.ValueType": "STRING"}}}}}]}, "order": 0, "action": {"cn.ruleengine.core.value.Constant": {"value": {"java.util.Arrays$ArrayList": ["12"]}, "valueType": {"cn.ruleengine.core.value.ValueType": "COLLECTION"}}}, "priority": 2}}]}}}, "strategyType": {"cn.ruleengine.core.decisiontable.DecisionTableStrategyType": "ALL_PRIORITY"}, "workspaceCode": "default", "defaultActionValue": {"cn.ruleengine.core.value.Constant": {"value": {"java.util.Arrays$ArrayList": ["1122"]}, "valueType": {"cn.ruleengine.core.value.ValueType": "COLLECTION"}}}}}', 1, '2021-01-03 17:18:47', '2021-01-03 17:18:47', 1);
INSERT INTO boot_engine.rule_engine_decision_table_publish (id, decision_table_id, decision_table_code, workspace_id, workspace_code, data, status, create_time, update_time, deleted) VALUES (202, 19, 'asdf', 1, 'default', '{"cn.ruleengine.core.decisiontable.DecisionTable": {"id": 19, "code": "asdf", "name": "sdaf", "collHeads": {"java.util.ArrayList": [{"cn.ruleengine.core.decisiontable.CollHead": {"name": "条件", "operator": {"cn.ruleengine.core.condition.Operator": "EQ"}, "leftValue": {"cn.ruleengine.core.value.Constant": {"value": "123", "valueType": {"cn.ruleengine.core.value.ValueType": "STRING"}}}}}]}, "description": null, "workspaceId": 1, "decisionTree": {"java.util.TreeMap": {"1": {"java.util.ArrayList": [{"cn.ruleengine.core.decisiontable.Row": {"colls": {"java.util.ArrayList": [{"cn.ruleengine.core.decisiontable.Coll": {"rightValue": null}}]}, "order": 1, "action": {"cn.ruleengine.core.value.Constant": {"value": {"java.util.Arrays$ArrayList": ["1", "2"]}, "valueType": {"cn.ruleengine.core.value.ValueType": "COLLECTION"}}}, "priority": 1}}, {"cn.ruleengine.core.decisiontable.Row": {"colls": {"java.util.ArrayList": [{"cn.ruleengine.core.decisiontable.Coll": {"rightValue": {"cn.ruleengine.core.value.Constant": {"value": "0", "valueType": {"cn.ruleengine.core.value.ValueType": "STRING"}}}}}]}, "order": 2, "action": {"cn.ruleengine.core.value.Constant": {"value": {"java.util.Arrays$ArrayList": ["0"]}, "valueType": {"cn.ruleengine.core.value.ValueType": "COLLECTION"}}}, "priority": 1}}]}, "2": {"java.util.ArrayList": [{"cn.ruleengine.core.decisiontable.Row": {"colls": {"java.util.ArrayList": [{"cn.ruleengine.core.decisiontable.Coll": {"rightValue": {"cn.ruleengine.core.value.Constant": {"value": "123", "valueType": {"cn.ruleengine.core.value.ValueType": "STRING"}}}}}]}, "order": 0, "action": {"cn.ruleengine.core.value.Constant": {"value": {"java.util.Arrays$ArrayList": ["12"]}, "valueType": {"cn.ruleengine.core.value.ValueType": "COLLECTION"}}}, "priority": 2}}]}}}, "strategyType": {"cn.ruleengine.core.decisiontable.DecisionTableStrategyType": "ALL_PRIORITY"}, "workspaceCode": "default", "defaultActionValue": {"cn.ruleengine.core.value.Constant": {"value": {"java.util.Arrays$ArrayList": ["1122"]}, "valueType": {"cn.ruleengine.core.value.ValueType": "COLLECTION"}}}}}', 1, '2021-01-03 17:19:00', '2021-01-03 17:19:00', 1);
INSERT INTO boot_engine.rule_engine_decision_table_publish (id, decision_table_id, decision_table_code, workspace_id, workspace_code, data, status, create_time, update_time, deleted) VALUES (203, 19, 'asdf', 1, 'default', '{"cn.ruleengine.core.decisiontable.DecisionTable": {"id": 19, "code": "asdf", "name": "sdaf", "collHeads": {"java.util.ArrayList": [{"cn.ruleengine.core.decisiontable.CollHead": {"name": "条件", "operator": {"cn.ruleengine.core.condition.Operator": "EQ"}, "leftValue": {"cn.ruleengine.core.value.Constant": {"value": "123", "valueType": {"cn.ruleengine.core.value.ValueType": "STRING"}}}}}]}, "description": null, "workspaceId": 1, "decisionTree": {"java.util.TreeMap": {"1": {"java.util.ArrayList": [{"cn.ruleengine.core.decisiontable.Row": {"colls": {"java.util.ArrayList": [{"cn.ruleengine.core.decisiontable.Coll": {"rightValue": null}}]}, "order": 1, "action": {"cn.ruleengine.core.value.Constant": {"value": {"java.util.Arrays$ArrayList": ["1", "2"]}, "valueType": {"cn.ruleengine.core.value.ValueType": "COLLECTION"}}}, "priority": 1}}, {"cn.ruleengine.core.decisiontable.Row": {"colls": {"java.util.ArrayList": [{"cn.ruleengine.core.decisiontable.Coll": {"rightValue": {"cn.ruleengine.core.value.Constant": {"value": "0", "valueType": {"cn.ruleengine.core.value.ValueType": "STRING"}}}}}]}, "order": 2, "action": {"cn.ruleengine.core.value.Constant": {"value": {"java.util.Arrays$ArrayList": ["0"]}, "valueType": {"cn.ruleengine.core.value.ValueType": "COLLECTION"}}}, "priority": 1}}]}, "2": {"java.util.ArrayList": [{"cn.ruleengine.core.decisiontable.Row": {"colls": {"java.util.ArrayList": [{"cn.ruleengine.core.decisiontable.Coll": {"rightValue": {"cn.ruleengine.core.value.Constant": {"value": "123", "valueType": {"cn.ruleengine.core.value.ValueType": "STRING"}}}}}]}, "order": 0, "action": {"cn.ruleengine.core.value.Constant": {"value": {"java.util.Arrays$ArrayList": ["12"]}, "valueType": {"cn.ruleengine.core.value.ValueType": "COLLECTION"}}}, "priority": 2}}]}}}, "strategyType": {"cn.ruleengine.core.decisiontable.DecisionTableStrategyType": "ALL_PRIORITY"}, "workspaceCode": "default", "defaultActionValue": {"cn.ruleengine.core.value.Constant": {"value": {"java.util.Arrays$ArrayList": ["1122"]}, "valueType": {"cn.ruleengine.core.value.ValueType": "COLLECTION"}}}}}', 1, '2021-01-03 17:19:07', '2021-01-03 17:19:07', 1);
INSERT INTO boot_engine.rule_engine_decision_table_publish (id, decision_table_id, decision_table_code, workspace_id, workspace_code, data, status, create_time, update_time, deleted) VALUES (205, 19, 'asdf', 1, 'default', '{"cn.ruleengine.core.decisiontable.DecisionTable": {"id": 19, "code": "asdf", "name": "sdaf", "collHeads": {"java.util.ArrayList": [{"cn.ruleengine.core.decisiontable.CollHead": {"name": "条件", "operator": {"cn.ruleengine.core.condition.Operator": "EQ"}, "leftValue": {"cn.ruleengine.core.value.Constant": {"value": "123", "valueType": {"cn.ruleengine.core.value.ValueType": "STRING"}}}}}]}, "description": null, "workspaceId": 1, "decisionTree": {"java.util.TreeMap": {"1": {"java.util.ArrayList": [{"cn.ruleengine.core.decisiontable.Row": {"colls": {"java.util.ArrayList": [{"cn.ruleengine.core.decisiontable.Coll": {"rightValue": null}}]}, "order": 1, "action": {"cn.ruleengine.core.value.Constant": {"value": {"java.util.Arrays$ArrayList": ["1", "2"]}, "valueType": {"cn.ruleengine.core.value.ValueType": "COLLECTION"}}}, "priority": 1}}, {"cn.ruleengine.core.decisiontable.Row": {"colls": {"java.util.ArrayList": [{"cn.ruleengine.core.decisiontable.Coll": {"rightValue": {"cn.ruleengine.core.value.Constant": {"value": "0", "valueType": {"cn.ruleengine.core.value.ValueType": "STRING"}}}}}]}, "order": 2, "action": {"cn.ruleengine.core.value.Constant": {"value": {"java.util.Arrays$ArrayList": ["0"]}, "valueType": {"cn.ruleengine.core.value.ValueType": "COLLECTION"}}}, "priority": 1}}]}, "2": {"java.util.ArrayList": [{"cn.ruleengine.core.decisiontable.Row": {"colls": {"java.util.ArrayList": [{"cn.ruleengine.core.decisiontable.Coll": {"rightValue": {"cn.ruleengine.core.value.Constant": {"value": "123", "valueType": {"cn.ruleengine.core.value.ValueType": "STRING"}}}}}]}, "order": 0, "action": {"cn.ruleengine.core.value.Constant": {"value": {"java.util.Arrays$ArrayList": ["12"]}, "valueType": {"cn.ruleengine.core.value.ValueType": "COLLECTION"}}}, "priority": 2}}]}}}, "strategyType": {"cn.ruleengine.core.decisiontable.DecisionTableStrategyType": "ALL_PRIORITY"}, "workspaceCode": "default", "defaultActionValue": {"cn.ruleengine.core.value.Constant": {"value": {"java.util.Arrays$ArrayList": ["1122"]}, "valueType": {"cn.ruleengine.core.value.ValueType": "COLLECTION"}}}}}', 1, '2021-01-03 17:30:05', '2021-01-03 17:30:05', 1);
INSERT INTO boot_engine.rule_engine_decision_table_publish (id, decision_table_id, decision_table_code, workspace_id, workspace_code, data, status, create_time, update_time, deleted) VALUES (206, 19, 'asdf', 1, 'default', '{"cn.ruleengine.core.decisiontable.DecisionTable": {"id": 19, "code": "asdf", "name": "sdaf", "collHeads": {"java.util.ArrayList": [{"cn.ruleengine.core.decisiontable.CollHead": {"name": "条件", "operator": {"cn.ruleengine.core.condition.Operator": "EQ"}, "leftValue": {"cn.ruleengine.core.value.Constant": {"value": "123", "valueType": {"cn.ruleengine.core.value.ValueType": "STRING"}}}}}]}, "description": null, "workspaceId": 1, "decisionTree": {"java.util.TreeMap": {"1": {"java.util.ArrayList": [{"cn.ruleengine.core.decisiontable.Row": {"colls": {"java.util.ArrayList": [{"cn.ruleengine.core.decisiontable.Coll": {"rightValue": null}}]}, "order": 1, "action": {"cn.ruleengine.core.value.Constant": {"value": {"java.util.Arrays$ArrayList": ["1", "2"]}, "valueType": {"cn.ruleengine.core.value.ValueType": "COLLECTION"}}}, "priority": 1}}, {"cn.ruleengine.core.decisiontable.Row": {"colls": {"java.util.ArrayList": [{"cn.ruleengine.core.decisiontable.Coll": {"rightValue": {"cn.ruleengine.core.value.Constant": {"value": "0", "valueType": {"cn.ruleengine.core.value.ValueType": "STRING"}}}}}]}, "order": 2, "action": {"cn.ruleengine.core.value.Constant": {"value": {"java.util.Arrays$ArrayList": ["0"]}, "valueType": {"cn.ruleengine.core.value.ValueType": "COLLECTION"}}}, "priority": 1}}]}, "2": {"java.util.ArrayList": [{"cn.ruleengine.core.decisiontable.Row": {"colls": {"java.util.ArrayList": [{"cn.ruleengine.core.decisiontable.Coll": {"rightValue": {"cn.ruleengine.core.value.Constant": {"value": "123", "valueType": {"cn.ruleengine.core.value.ValueType": "STRING"}}}}}]}, "order": 0, "action": {"cn.ruleengine.core.value.Constant": {"value": {"java.util.Arrays$ArrayList": ["12"]}, "valueType": {"cn.ruleengine.core.value.ValueType": "COLLECTION"}}}, "priority": 2}}]}}}, "strategyType": {"cn.ruleengine.core.decisiontable.DecisionTableStrategyType": "ALL_PRIORITY"}, "workspaceCode": "default", "defaultActionValue": {"cn.ruleengine.core.value.Constant": {"value": {"java.util.Arrays$ArrayList": ["1122"]}, "valueType": {"cn.ruleengine.core.value.ValueType": "COLLECTION"}}}}}', 1, '2021-01-03 17:30:11', '2021-01-03 17:30:11', 1);
INSERT INTO boot_engine.rule_engine_decision_table_publish (id, decision_table_id, decision_table_code, workspace_id, workspace_code, data, status, create_time, update_time, deleted) VALUES (207, 19, 'asdf', 1, 'default', '{"cn.ruleengine.core.decisiontable.DecisionTable": {"id": 19, "code": "asdf", "name": "sdaf", "collHeads": {"java.util.ArrayList": [{"cn.ruleengine.core.decisiontable.CollHead": {"name": "条件", "operator": {"cn.ruleengine.core.condition.Operator": "EQ"}, "leftValue": {"cn.ruleengine.core.value.Constant": {"value": "123", "valueType": {"cn.ruleengine.core.value.ValueType": "STRING"}}}}}]}, "description": null, "workspaceId": 1, "decisionTree": {"java.util.TreeMap": {"1": {"java.util.ArrayList": [{"cn.ruleengine.core.decisiontable.Row": {"colls": {"java.util.ArrayList": [{"cn.ruleengine.core.decisiontable.Coll": {"rightValue": null}}]}, "order": 1, "action": {"cn.ruleengine.core.value.Constant": {"value": {"java.util.Arrays$ArrayList": ["1", "2"]}, "valueType": {"cn.ruleengine.core.value.ValueType": "COLLECTION"}}}, "priority": 1}}, {"cn.ruleengine.core.decisiontable.Row": {"colls": {"java.util.ArrayList": [{"cn.ruleengine.core.decisiontable.Coll": {"rightValue": {"cn.ruleengine.core.value.Constant": {"value": "0", "valueType": {"cn.ruleengine.core.value.ValueType": "STRING"}}}}}]}, "order": 2, "action": {"cn.ruleengine.core.value.Constant": {"value": {"java.util.Arrays$ArrayList": ["0"]}, "valueType": {"cn.ruleengine.core.value.ValueType": "COLLECTION"}}}, "priority": 1}}]}, "2": {"java.util.ArrayList": [{"cn.ruleengine.core.decisiontable.Row": {"colls": {"java.util.ArrayList": [{"cn.ruleengine.core.decisiontable.Coll": {"rightValue": {"cn.ruleengine.core.value.Constant": {"value": "123", "valueType": {"cn.ruleengine.core.value.ValueType": "STRING"}}}}}]}, "order": 0, "action": {"cn.ruleengine.core.value.Constant": {"value": {"java.util.Arrays$ArrayList": ["12"]}, "valueType": {"cn.ruleengine.core.value.ValueType": "COLLECTION"}}}, "priority": 2}}]}}}, "strategyType": {"cn.ruleengine.core.decisiontable.DecisionTableStrategyType": "ALL_PRIORITY"}, "workspaceCode": "default", "defaultActionValue": {"cn.ruleengine.core.value.Constant": {"value": {"java.util.Arrays$ArrayList": ["1122"]}, "valueType": {"cn.ruleengine.core.value.ValueType": "COLLECTION"}}}}}', 1, '2021-01-03 17:30:15', '2021-01-03 17:30:15', 1);
INSERT INTO boot_engine.rule_engine_decision_table_publish (id, decision_table_id, decision_table_code, workspace_id, workspace_code, data, status, create_time, update_time, deleted) VALUES (208, 19, 'asdf', 1, 'default', '{"cn.ruleengine.core.decisiontable.DecisionTable": {"id": 19, "code": "asdf", "name": "sdaf", "collHeads": {"java.util.ArrayList": [{"cn.ruleengine.core.decisiontable.CollHead": {"name": "条件", "operator": {"cn.ruleengine.core.condition.Operator": "EQ"}, "leftValue": {"cn.ruleengine.core.value.Constant": {"value": "123", "valueType": {"cn.ruleengine.core.value.ValueType": "STRING"}}}}}]}, "description": null, "workspaceId": 1, "decisionTree": {"java.util.TreeMap": {"1": {"java.util.ArrayList": [{"cn.ruleengine.core.decisiontable.Row": {"colls": {"java.util.ArrayList": [{"cn.ruleengine.core.decisiontable.Coll": {"rightValue": null}}]}, "order": 1, "action": {"cn.ruleengine.core.value.Constant": {"value": {"java.util.Arrays$ArrayList": ["1", "2"]}, "valueType": {"cn.ruleengine.core.value.ValueType": "COLLECTION"}}}, "priority": 1}}, {"cn.ruleengine.core.decisiontable.Row": {"colls": {"java.util.ArrayList": [{"cn.ruleengine.core.decisiontable.Coll": {"rightValue": {"cn.ruleengine.core.value.Constant": {"value": "0", "valueType": {"cn.ruleengine.core.value.ValueType": "STRING"}}}}}]}, "order": 2, "action": {"cn.ruleengine.core.value.Constant": {"value": {"java.util.Arrays$ArrayList": ["0"]}, "valueType": {"cn.ruleengine.core.value.ValueType": "COLLECTION"}}}, "priority": 1}}]}, "2": {"java.util.ArrayList": [{"cn.ruleengine.core.decisiontable.Row": {"colls": {"java.util.ArrayList": [{"cn.ruleengine.core.decisiontable.Coll": {"rightValue": {"cn.ruleengine.core.value.Constant": {"value": "123", "valueType": {"cn.ruleengine.core.value.ValueType": "STRING"}}}}}]}, "order": 0, "action": {"cn.ruleengine.core.value.Constant": {"value": {"java.util.Arrays$ArrayList": ["12"]}, "valueType": {"cn.ruleengine.core.value.ValueType": "COLLECTION"}}}, "priority": 2}}]}}}, "strategyType": {"cn.ruleengine.core.decisiontable.DecisionTableStrategyType": "ALL_PRIORITY"}, "abnormalAlarm": {"cn.ruleengine.core.rule.AbnormalAlarm": {"email": null, "enable": false, "timeOutThreshold": 3000}}, "workspaceCode": "default", "defaultActionValue": {"cn.ruleengine.core.value.Constant": {"value": {"java.util.Arrays$ArrayList": ["1122"]}, "valueType": {"cn.ruleengine.core.value.ValueType": "COLLECTION"}}}}}', 1, '2021-01-03 17:45:46', '2021-01-03 17:45:46', 1);
INSERT INTO boot_engine.rule_engine_decision_table_publish (id, decision_table_id, decision_table_code, workspace_id, workspace_code, data, status, create_time, update_time, deleted) VALUES (209, 19, 'asdf', 1, 'default', '{"cn.ruleengine.core.decisiontable.DecisionTable": {"id": 19, "code": "asdf", "name": "sdaf", "collHeads": {"java.util.ArrayList": [{"cn.ruleengine.core.decisiontable.CollHead": {"name": "条件", "operator": {"cn.ruleengine.core.condition.Operator": "EQ"}, "leftValue": {"cn.ruleengine.core.value.Variable": {"valueType": {"cn.ruleengine.core.value.ValueType": "BOOLEAN"}, "variableId": 112}}}}, {"cn.ruleengine.core.decisiontable.CollHead": {"name": "条件", "operator": {"cn.ruleengine.core.condition.Operator": "EQ"}, "leftValue": {"cn.ruleengine.core.value.Constant": {"value": "123", "valueType": {"cn.ruleengine.core.value.ValueType": "STRING"}}}}}]}, "description": null, "workspaceId": 1, "decisionTree": {"java.util.TreeMap": {"1": {"java.util.ArrayList": [{"cn.ruleengine.core.decisiontable.Row": {"colls": {"java.util.ArrayList": [{"cn.ruleengine.core.decisiontable.Coll": {"rightValue": null}}, {"cn.ruleengine.core.decisiontable.Coll": {"rightValue": null}}]}, "order": 1, "action": {"cn.ruleengine.core.value.Constant": {"value": {"java.util.Arrays$ArrayList": ["1", "2"]}, "valueType": {"cn.ruleengine.core.value.ValueType": "COLLECTION"}}}, "priority": 1}}, {"cn.ruleengine.core.decisiontable.Row": {"colls": {"java.util.ArrayList": [{"cn.ruleengine.core.decisiontable.Coll": {"rightValue": null}}, {"cn.ruleengine.core.decisiontable.Coll": {"rightValue": {"cn.ruleengine.core.value.Constant": {"value": "0", "valueType": {"cn.ruleengine.core.value.ValueType": "STRING"}}}}}]}, "order": 2, "action": {"cn.ruleengine.core.value.Constant": {"value": {"java.util.Arrays$ArrayList": ["0"]}, "valueType": {"cn.ruleengine.core.value.ValueType": "COLLECTION"}}}, "priority": 1}}]}, "2": {"java.util.ArrayList": [{"cn.ruleengine.core.decisiontable.Row": {"colls": {"java.util.ArrayList": [{"cn.ruleengine.core.decisiontable.Coll": {"rightValue": {"cn.ruleengine.core.value.Constant": {"value": true, "valueType": {"cn.ruleengine.core.value.ValueType": "BOOLEAN"}}}}}, {"cn.ruleengine.core.decisiontable.Coll": {"rightValue": {"cn.ruleengine.core.value.Constant": {"value": "123", "valueType": {"cn.ruleengine.core.value.ValueType": "STRING"}}}}}]}, "order": 0, "action": {"cn.ruleengine.core.value.Constant": {"value": {"java.util.Arrays$ArrayList": ["12"]}, "valueType": {"cn.ruleengine.core.value.ValueType": "COLLECTION"}}}, "priority": 2}}]}}}, "strategyType": {"cn.ruleengine.core.decisiontable.DecisionTableStrategyType": "ALL_PRIORITY"}, "abnormalAlarm": {"cn.ruleengine.core.rule.AbnormalAlarm": {"email": null, "enable": false, "timeOutThreshold": 3000}}, "workspaceCode": "default", "defaultActionValue": {"cn.ruleengine.core.value.Constant": {"value": {"java.util.Arrays$ArrayList": ["1122"]}, "valueType": {"cn.ruleengine.core.value.ValueType": "COLLECTION"}}}}}', 1, '2021-01-03 17:46:25', '2021-01-03 17:46:25', 1);
INSERT INTO boot_engine.rule_engine_decision_table_publish (id, decision_table_id, decision_table_code, workspace_id, workspace_code, data, status, create_time, update_time, deleted) VALUES (210, 19, 'asdf', 1, 'default', '{"cn.ruleengine.core.decisiontable.DecisionTable": {"id": 19, "code": "asdf", "name": "sdaf", "collHeads": {"java.util.ArrayList": [{"cn.ruleengine.core.decisiontable.CollHead": {"name": "条件", "operator": {"cn.ruleengine.core.condition.Operator": "EQ"}, "leftValue": {"cn.ruleengine.core.value.Element": {"elementId": 122, "valueType": {"cn.ruleengine.core.value.ValueType": "BOOLEAN"}, "elementCode": "boolean"}}}}, {"cn.ruleengine.core.decisiontable.CollHead": {"name": "条件", "operator": {"cn.ruleengine.core.condition.Operator": "EQ"}, "leftValue": {"cn.ruleengine.core.value.Constant": {"value": "123", "valueType": {"cn.ruleengine.core.value.ValueType": "STRING"}}}}}]}, "description": null, "workspaceId": 1, "decisionTree": {"java.util.TreeMap": {"1": {"java.util.ArrayList": [{"cn.ruleengine.core.decisiontable.Row": {"colls": {"java.util.ArrayList": [{"cn.ruleengine.core.decisiontable.Coll": {"rightValue": null}}, {"cn.ruleengine.core.decisiontable.Coll": {"rightValue": null}}]}, "order": 1, "action": {"cn.ruleengine.core.value.Constant": {"value": {"java.util.Arrays$ArrayList": ["1", "2"]}, "valueType": {"cn.ruleengine.core.value.ValueType": "COLLECTION"}}}, "priority": 1}}, {"cn.ruleengine.core.decisiontable.Row": {"colls": {"java.util.ArrayList": [{"cn.ruleengine.core.decisiontable.Coll": {"rightValue": null}}, {"cn.ruleengine.core.decisiontable.Coll": {"rightValue": {"cn.ruleengine.core.value.Constant": {"value": "0", "valueType": {"cn.ruleengine.core.value.ValueType": "STRING"}}}}}]}, "order": 2, "action": {"cn.ruleengine.core.value.Constant": {"value": {"java.util.Arrays$ArrayList": ["0"]}, "valueType": {"cn.ruleengine.core.value.ValueType": "COLLECTION"}}}, "priority": 1}}]}, "2": {"java.util.ArrayList": [{"cn.ruleengine.core.decisiontable.Row": {"colls": {"java.util.ArrayList": [{"cn.ruleengine.core.decisiontable.Coll": {"rightValue": {"cn.ruleengine.core.value.Constant": {"value": true, "valueType": {"cn.ruleengine.core.value.ValueType": "BOOLEAN"}}}}}, {"cn.ruleengine.core.decisiontable.Coll": {"rightValue": {"cn.ruleengine.core.value.Constant": {"value": "123", "valueType": {"cn.ruleengine.core.value.ValueType": "STRING"}}}}}]}, "order": 0, "action": {"cn.ruleengine.core.value.Constant": {"value": {"java.util.Arrays$ArrayList": ["12"]}, "valueType": {"cn.ruleengine.core.value.ValueType": "COLLECTION"}}}, "priority": 2}}]}}}, "strategyType": {"cn.ruleengine.core.decisiontable.DecisionTableStrategyType": "ALL_PRIORITY"}, "abnormalAlarm": {"cn.ruleengine.core.rule.AbnormalAlarm": {"email": null, "enable": false, "timeOutThreshold": 3000}}, "workspaceCode": "default", "defaultActionValue": {"cn.ruleengine.core.value.Constant": {"value": {"java.util.Arrays$ArrayList": ["1122"]}, "valueType": {"cn.ruleengine.core.value.ValueType": "COLLECTION"}}}}}', 1, '2021-01-03 17:47:43', '2021-01-03 17:47:43', 1);
INSERT INTO boot_engine.rule_engine_decision_table_publish (id, decision_table_id, decision_table_code, workspace_id, workspace_code, data, status, create_time, update_time, deleted) VALUES (211, 19, 'asdf', 1, 'default', '{"cn.ruleengine.core.decisiontable.DecisionTable": {"id": 19, "code": "asdf", "name": "sdaf", "collHeads": {"java.util.ArrayList": [{"cn.ruleengine.core.decisiontable.CollHead": {"name": "条件", "operator": {"cn.ruleengine.core.condition.Operator": "EQ"}, "leftValue": {"cn.ruleengine.core.value.Element": {"elementId": 122, "valueType": {"cn.ruleengine.core.value.ValueType": "BOOLEAN"}, "elementCode": "boolean"}}}}, {"cn.ruleengine.core.decisiontable.CollHead": {"name": "条件", "operator": {"cn.ruleengine.core.condition.Operator": "EQ"}, "leftValue": {"cn.ruleengine.core.value.Constant": {"value": "123", "valueType": {"cn.ruleengine.core.value.ValueType": "STRING"}}}}}]}, "description": null, "workspaceId": 1, "decisionTree": {"java.util.TreeMap": {"1": {"java.util.ArrayList": [{"cn.ruleengine.core.decisiontable.Row": {"colls": {"java.util.ArrayList": [{"cn.ruleengine.core.decisiontable.Coll": {"rightValue": null}}, {"cn.ruleengine.core.decisiontable.Coll": {"rightValue": null}}]}, "order": 1, "action": {"cn.ruleengine.core.value.Constant": {"value": {"java.util.Arrays$ArrayList": ["1", "2"]}, "valueType": {"cn.ruleengine.core.value.ValueType": "COLLECTION"}}}, "priority": 1}}, {"cn.ruleengine.core.decisiontable.Row": {"colls": {"java.util.ArrayList": [{"cn.ruleengine.core.decisiontable.Coll": {"rightValue": null}}, {"cn.ruleengine.core.decisiontable.Coll": {"rightValue": {"cn.ruleengine.core.value.Constant": {"value": "0", "valueType": {"cn.ruleengine.core.value.ValueType": "STRING"}}}}}]}, "order": 2, "action": {"cn.ruleengine.core.value.Constant": {"value": {"java.util.Arrays$ArrayList": ["0"]}, "valueType": {"cn.ruleengine.core.value.ValueType": "COLLECTION"}}}, "priority": 1}}]}, "2": {"java.util.ArrayList": [{"cn.ruleengine.core.decisiontable.Row": {"colls": {"java.util.ArrayList": [{"cn.ruleengine.core.decisiontable.Coll": {"rightValue": {"cn.ruleengine.core.value.Constant": {"value": true, "valueType": {"cn.ruleengine.core.value.ValueType": "BOOLEAN"}}}}}, {"cn.ruleengine.core.decisiontable.Coll": {"rightValue": {"cn.ruleengine.core.value.Constant": {"value": "123", "valueType": {"cn.ruleengine.core.value.ValueType": "STRING"}}}}}]}, "order": 0, "action": {"cn.ruleengine.core.value.Constant": {"value": {"java.util.Arrays$ArrayList": ["12"]}, "valueType": {"cn.ruleengine.core.value.ValueType": "COLLECTION"}}}, "priority": 2}}]}}}, "strategyType": {"cn.ruleengine.core.decisiontable.DecisionTableStrategyType": "ALL_PRIORITY"}, "abnormalAlarm": {"cn.ruleengine.core.rule.AbnormalAlarm": {"email": null, "enable": false, "timeOutThreshold": 3000}}, "workspaceCode": "default", "defaultActionValue": {"cn.ruleengine.core.value.Constant": {"value": {"java.util.Arrays$ArrayList": ["1122"]}, "valueType": {"cn.ruleengine.core.value.ValueType": "COLLECTION"}}}}}', 1, '2021-01-03 17:47:57', '2021-01-03 17:47:57', 1);
INSERT INTO boot_engine.rule_engine_decision_table_publish (id, decision_table_id, decision_table_code, workspace_id, workspace_code, data, status, create_time, update_time, deleted) VALUES (212, 19, 'asdf', 1, 'default', '{"cn.ruleengine.core.decisiontable.DecisionTable": {"id": 19, "code": "asdf", "name": "sdaf", "collHeads": {"java.util.ArrayList": [{"cn.ruleengine.core.decisiontable.CollHead": {"name": "条件", "operator": {"cn.ruleengine.core.condition.Operator": "EQ"}, "leftValue": {"cn.ruleengine.core.value.Element": {"elementId": 122, "valueType": {"cn.ruleengine.core.value.ValueType": "BOOLEAN"}, "elementCode": "boolean"}}}}, {"cn.ruleengine.core.decisiontable.CollHead": {"name": "条件", "operator": {"cn.ruleengine.core.condition.Operator": "EQ"}, "leftValue": {"cn.ruleengine.core.value.Constant": {"value": "123", "valueType": {"cn.ruleengine.core.value.ValueType": "STRING"}}}}}]}, "description": null, "workspaceId": 1, "decisionTree": {"java.util.TreeMap": {"1": {"java.util.ArrayList": [{"cn.ruleengine.core.decisiontable.Row": {"colls": {"java.util.ArrayList": [{"cn.ruleengine.core.decisiontable.Coll": {"rightValue": null}}, {"cn.ruleengine.core.decisiontable.Coll": {"rightValue": null}}]}, "order": 1, "action": {"cn.ruleengine.core.value.Constant": {"value": {"java.util.Arrays$ArrayList": ["1", "2"]}, "valueType": {"cn.ruleengine.core.value.ValueType": "COLLECTION"}}}, "priority": 1}}, {"cn.ruleengine.core.decisiontable.Row": {"colls": {"java.util.ArrayList": [{"cn.ruleengine.core.decisiontable.Coll": {"rightValue": null}}, {"cn.ruleengine.core.decisiontable.Coll": {"rightValue": {"cn.ruleengine.core.value.Constant": {"value": "0", "valueType": {"cn.ruleengine.core.value.ValueType": "STRING"}}}}}]}, "order": 2, "action": {"cn.ruleengine.core.value.Constant": {"value": {"java.util.Arrays$ArrayList": ["0"]}, "valueType": {"cn.ruleengine.core.value.ValueType": "COLLECTION"}}}, "priority": 1}}]}, "2": {"java.util.ArrayList": [{"cn.ruleengine.core.decisiontable.Row": {"colls": {"java.util.ArrayList": [{"cn.ruleengine.core.decisiontable.Coll": {"rightValue": {"cn.ruleengine.core.value.Constant": {"value": true, "valueType": {"cn.ruleengine.core.value.ValueType": "BOOLEAN"}}}}}, {"cn.ruleengine.core.decisiontable.Coll": {"rightValue": {"cn.ruleengine.core.value.Constant": {"value": "123", "valueType": {"cn.ruleengine.core.value.ValueType": "STRING"}}}}}]}, "order": 0, "action": {"cn.ruleengine.core.value.Constant": {"value": {"java.util.Arrays$ArrayList": ["12"]}, "valueType": {"cn.ruleengine.core.value.ValueType": "COLLECTION"}}}, "priority": 2}}]}}}, "strategyType": {"cn.ruleengine.core.decisiontable.DecisionTableStrategyType": "ALL_PRIORITY"}, "abnormalAlarm": {"cn.ruleengine.core.rule.AbnormalAlarm": {"email": null, "enable": false, "timeOutThreshold": 3000}}, "workspaceCode": "default", "defaultActionValue": {"cn.ruleengine.core.value.Constant": {"value": {"java.util.Arrays$ArrayList": ["1122"]}, "valueType": {"cn.ruleengine.core.value.ValueType": "COLLECTION"}}}}}', 1, '2021-01-03 17:56:07', '2021-01-03 17:56:07', 1);
INSERT INTO boot_engine.rule_engine_decision_table_publish (id, decision_table_id, decision_table_code, workspace_id, workspace_code, data, status, create_time, update_time, deleted) VALUES (213, 19, 'asdf', 1, 'default', '{"cn.ruleengine.core.decisiontable.DecisionTable": {"id": 19, "code": "asdf", "name": "test", "collHeads": {"java.util.ArrayList": [{"cn.ruleengine.core.decisiontable.CollHead": {"name": "条件", "operator": {"cn.ruleengine.core.condition.Operator": "EQ"}, "leftValue": {"cn.ruleengine.core.value.Element": {"elementId": 122, "valueType": {"cn.ruleengine.core.value.ValueType": "BOOLEAN"}, "elementCode": "boolean"}}}}, {"cn.ruleengine.core.decisiontable.CollHead": {"name": "条件", "operator": {"cn.ruleengine.core.condition.Operator": "EQ"}, "leftValue": {"cn.ruleengine.core.value.Constant": {"value": "123", "valueType": {"cn.ruleengine.core.value.ValueType": "STRING"}}}}}]}, "description": null, "workspaceId": 1, "decisionTree": {"java.util.TreeMap": {"1": {"java.util.ArrayList": [{"cn.ruleengine.core.decisiontable.Row": {"colls": {"java.util.ArrayList": [{"cn.ruleengine.core.decisiontable.Coll": {"rightValue": null}}, {"cn.ruleengine.core.decisiontable.Coll": {"rightValue": null}}]}, "order": 1, "action": {"cn.ruleengine.core.value.Constant": {"value": {"java.util.Arrays$ArrayList": ["1", "2"]}, "valueType": {"cn.ruleengine.core.value.ValueType": "COLLECTION"}}}, "priority": 1}}, {"cn.ruleengine.core.decisiontable.Row": {"colls": {"java.util.ArrayList": [{"cn.ruleengine.core.decisiontable.Coll": {"rightValue": null}}, {"cn.ruleengine.core.decisiontable.Coll": {"rightValue": {"cn.ruleengine.core.value.Constant": {"value": "0", "valueType": {"cn.ruleengine.core.value.ValueType": "STRING"}}}}}]}, "order": 2, "action": {"cn.ruleengine.core.value.Constant": {"value": {"java.util.Arrays$ArrayList": ["0"]}, "valueType": {"cn.ruleengine.core.value.ValueType": "COLLECTION"}}}, "priority": 1}}]}, "2": {"java.util.ArrayList": [{"cn.ruleengine.core.decisiontable.Row": {"colls": {"java.util.ArrayList": [{"cn.ruleengine.core.decisiontable.Coll": {"rightValue": {"cn.ruleengine.core.value.Constant": {"value": true, "valueType": {"cn.ruleengine.core.value.ValueType": "BOOLEAN"}}}}}, {"cn.ruleengine.core.decisiontable.Coll": {"rightValue": {"cn.ruleengine.core.value.Constant": {"value": "123", "valueType": {"cn.ruleengine.core.value.ValueType": "STRING"}}}}}]}, "order": 0, "action": {"cn.ruleengine.core.value.Constant": {"value": {"java.util.Arrays$ArrayList": ["12"]}, "valueType": {"cn.ruleengine.core.value.ValueType": "COLLECTION"}}}, "priority": 2}}]}}}, "strategyType": {"cn.ruleengine.core.decisiontable.DecisionTableStrategyType": "ALL_PRIORITY"}, "abnormalAlarm": {"cn.ruleengine.core.rule.AbnormalAlarm": {"email": null, "enable": false, "timeOutThreshold": 3000}}, "workspaceCode": "default", "defaultActionValue": {"cn.ruleengine.core.value.Constant": {"value": {"java.util.Arrays$ArrayList": ["1122"]}, "valueType": {"cn.ruleengine.core.value.ValueType": "COLLECTION"}}}}}', 1, '2021-01-03 17:56:40', '2021-01-03 17:56:40', 1);
INSERT INTO boot_engine.rule_engine_decision_table_publish (id, decision_table_id, decision_table_code, workspace_id, workspace_code, data, status, create_time, update_time, deleted) VALUES (214, 19, 'asdf', 1, 'default', '{"cn.ruleengine.core.decisiontable.DecisionTable": {"id": 19, "code": "asdf", "name": "test", "collHeads": {"java.util.ArrayList": [{"cn.ruleengine.core.decisiontable.CollHead": {"name": "条件", "operator": {"cn.ruleengine.core.condition.Operator": "EQ"}, "leftValue": {"cn.ruleengine.core.value.Element": {"elementId": 122, "valueType": {"cn.ruleengine.core.value.ValueType": "BOOLEAN"}, "elementCode": "boolean"}}}}, {"cn.ruleengine.core.decisiontable.CollHead": {"name": "条件", "operator": {"cn.ruleengine.core.condition.Operator": "EQ"}, "leftValue": {"cn.ruleengine.core.value.Constant": {"value": "123", "valueType": {"cn.ruleengine.core.value.ValueType": "STRING"}}}}}]}, "description": null, "workspaceId": 1, "decisionTree": {"java.util.TreeMap": {"1": {"java.util.ArrayList": [{"cn.ruleengine.core.decisiontable.Row": {"colls": {"java.util.ArrayList": [{"cn.ruleengine.core.decisiontable.Coll": {"rightValue": null}}, {"cn.ruleengine.core.decisiontable.Coll": {"rightValue": null}}]}, "order": 1, "action": {"cn.ruleengine.core.value.Constant": {"value": {"java.util.Arrays$ArrayList": ["1", "2"]}, "valueType": {"cn.ruleengine.core.value.ValueType": "COLLECTION"}}}, "priority": 1}}, {"cn.ruleengine.core.decisiontable.Row": {"colls": {"java.util.ArrayList": [{"cn.ruleengine.core.decisiontable.Coll": {"rightValue": {"cn.ruleengine.core.value.Constant": {"value": true, "valueType": {"cn.ruleengine.core.value.ValueType": "BOOLEAN"}}}}}, {"cn.ruleengine.core.decisiontable.Coll": {"rightValue": {"cn.ruleengine.core.value.Constant": {"value": "0", "valueType": {"cn.ruleengine.core.value.ValueType": "STRING"}}}}}]}, "order": 2, "action": {"cn.ruleengine.core.value.Constant": {"value": {"java.util.Arrays$ArrayList": ["0"]}, "valueType": {"cn.ruleengine.core.value.ValueType": "COLLECTION"}}}, "priority": 1}}]}, "2": {"java.util.ArrayList": [{"cn.ruleengine.core.decisiontable.Row": {"colls": {"java.util.ArrayList": [{"cn.ruleengine.core.decisiontable.Coll": {"rightValue": {"cn.ruleengine.core.value.Constant": {"value": true, "valueType": {"cn.ruleengine.core.value.ValueType": "BOOLEAN"}}}}}, {"cn.ruleengine.core.decisiontable.Coll": {"rightValue": {"cn.ruleengine.core.value.Constant": {"value": "123", "valueType": {"cn.ruleengine.core.value.ValueType": "STRING"}}}}}]}, "order": 0, "action": {"cn.ruleengine.core.value.Constant": {"value": {"java.util.Arrays$ArrayList": ["12"]}, "valueType": {"cn.ruleengine.core.value.ValueType": "COLLECTION"}}}, "priority": 2}}]}}}, "strategyType": {"cn.ruleengine.core.decisiontable.DecisionTableStrategyType": "ALL_PRIORITY"}, "abnormalAlarm": {"cn.ruleengine.core.rule.AbnormalAlarm": {"email": null, "enable": false, "timeOutThreshold": 3000}}, "workspaceCode": "default", "defaultActionValue": {"cn.ruleengine.core.value.Constant": {"value": {"java.util.Arrays$ArrayList": ["1122"]}, "valueType": {"cn.ruleengine.core.value.ValueType": "COLLECTION"}}}}}', 1, '2021-01-03 18:17:44', '2021-01-03 18:17:44', 1);
INSERT INTO boot_engine.rule_engine_decision_table_publish (id, decision_table_id, decision_table_code, workspace_id, workspace_code, data, status, create_time, update_time, deleted) VALUES (215, 19, 'asdf', 1, 'default', '{"cn.ruleengine.core.decisiontable.DecisionTable": {"id": 19, "code": "asdf", "name": "test", "collHeads": {"java.util.ArrayList": [{"cn.ruleengine.core.decisiontable.CollHead": {"name": "条件", "operator": {"cn.ruleengine.core.condition.Operator": "EQ"}, "leftValue": {"cn.ruleengine.core.value.Element": {"elementId": 122, "valueType": {"cn.ruleengine.core.value.ValueType": "BOOLEAN"}, "elementCode": "boolean"}}}}, {"cn.ruleengine.core.decisiontable.CollHead": {"name": "条件", "operator": {"cn.ruleengine.core.condition.Operator": "EQ"}, "leftValue": {"cn.ruleengine.core.value.Constant": {"value": "123", "valueType": {"cn.ruleengine.core.value.ValueType": "STRING"}}}}}]}, "description": null, "workspaceId": 1, "decisionTree": {"java.util.TreeMap": {"1": {"java.util.ArrayList": [{"cn.ruleengine.core.decisiontable.Row": {"colls": {"java.util.ArrayList": [{"cn.ruleengine.core.decisiontable.Coll": {"rightValue": null}}, {"cn.ruleengine.core.decisiontable.Coll": {"rightValue": null}}]}, "order": 1, "action": {"cn.ruleengine.core.value.Constant": {"value": {"java.util.Arrays$ArrayList": ["1", "2"]}, "valueType": {"cn.ruleengine.core.value.ValueType": "COLLECTION"}}}, "priority": 1}}, {"cn.ruleengine.core.decisiontable.Row": {"colls": {"java.util.ArrayList": [{"cn.ruleengine.core.decisiontable.Coll": {"rightValue": {"cn.ruleengine.core.value.Constant": {"value": true, "valueType": {"cn.ruleengine.core.value.ValueType": "BOOLEAN"}}}}}, {"cn.ruleengine.core.decisiontable.Coll": {"rightValue": {"cn.ruleengine.core.value.Constant": {"value": "0", "valueType": {"cn.ruleengine.core.value.ValueType": "STRING"}}}}}]}, "order": 2, "action": {"cn.ruleengine.core.value.Constant": {"value": {"java.util.Arrays$ArrayList": ["0"]}, "valueType": {"cn.ruleengine.core.value.ValueType": "COLLECTION"}}}, "priority": 1}}]}, "2": {"java.util.ArrayList": [{"cn.ruleengine.core.decisiontable.Row": {"colls": {"java.util.ArrayList": [{"cn.ruleengine.core.decisiontable.Coll": {"rightValue": {"cn.ruleengine.core.value.Constant": {"value": true, "valueType": {"cn.ruleengine.core.value.ValueType": "BOOLEAN"}}}}}, {"cn.ruleengine.core.decisiontable.Coll": {"rightValue": {"cn.ruleengine.core.value.Constant": {"value": "123", "valueType": {"cn.ruleengine.core.value.ValueType": "STRING"}}}}}]}, "order": 0, "action": {"cn.ruleengine.core.value.Constant": {"value": {"java.util.Arrays$ArrayList": ["12"]}, "valueType": {"cn.ruleengine.core.value.ValueType": "COLLECTION"}}}, "priority": 2}}]}}}, "strategyType": {"cn.ruleengine.core.decisiontable.DecisionTableStrategyType": "ALL_PRIORITY"}, "abnormalAlarm": {"cn.ruleengine.core.rule.AbnormalAlarm": {"email": null, "enable": false, "timeOutThreshold": 3000}}, "workspaceCode": "default", "defaultActionValue": {"cn.ruleengine.core.value.Constant": {"value": {"java.util.Arrays$ArrayList": ["1122"]}, "valueType": {"cn.ruleengine.core.value.ValueType": "COLLECTION"}}}}}', 1, '2021-01-05 04:41:51', '2021-01-05 04:41:51', 1);
INSERT INTO boot_engine.rule_engine_decision_table_publish (id, decision_table_id, decision_table_code, workspace_id, workspace_code, data, status, create_time, update_time, deleted) VALUES (216, 19, 'asdf', 1, 'default', '{"cn.ruleengine.core.decisiontable.DecisionTable": {"id": 19, "code": "asdf", "name": "test", "collHeads": {"java.util.ArrayList": [{"cn.ruleengine.core.decisiontable.CollHead": {"name": "条件", "operator": {"cn.ruleengine.core.condition.Operator": "EQ"}, "leftValue": {"cn.ruleengine.core.value.Element": {"elementId": 122, "valueType": {"cn.ruleengine.core.value.ValueType": "BOOLEAN"}, "elementCode": "boolean"}}}}, {"cn.ruleengine.core.decisiontable.CollHead": {"name": "条件", "operator": {"cn.ruleengine.core.condition.Operator": "EQ"}, "leftValue": {"cn.ruleengine.core.value.Constant": {"value": "123", "valueType": {"cn.ruleengine.core.value.ValueType": "STRING"}}}}}]}, "description": null, "workspaceId": 1, "decisionTree": {"java.util.TreeMap": {"1": {"java.util.ArrayList": [{"cn.ruleengine.core.decisiontable.Row": {"colls": {"java.util.ArrayList": [{"cn.ruleengine.core.decisiontable.Coll": {"rightValue": null}}, {"cn.ruleengine.core.decisiontable.Coll": {"rightValue": null}}]}, "order": 1, "action": {"cn.ruleengine.core.value.Constant": {"value": {"java.util.Arrays$ArrayList": ["1", "2"]}, "valueType": {"cn.ruleengine.core.value.ValueType": "COLLECTION"}}}, "priority": 1}}, {"cn.ruleengine.core.decisiontable.Row": {"colls": {"java.util.ArrayList": [{"cn.ruleengine.core.decisiontable.Coll": {"rightValue": {"cn.ruleengine.core.value.Constant": {"value": true, "valueType": {"cn.ruleengine.core.value.ValueType": "BOOLEAN"}}}}}, {"cn.ruleengine.core.decisiontable.Coll": {"rightValue": {"cn.ruleengine.core.value.Constant": {"value": "0", "valueType": {"cn.ruleengine.core.value.ValueType": "STRING"}}}}}]}, "order": 2, "action": {"cn.ruleengine.core.value.Constant": {"value": {"java.util.Arrays$ArrayList": ["0"]}, "valueType": {"cn.ruleengine.core.value.ValueType": "COLLECTION"}}}, "priority": 1}}]}, "2": {"java.util.ArrayList": [{"cn.ruleengine.core.decisiontable.Row": {"colls": {"java.util.ArrayList": [{"cn.ruleengine.core.decisiontable.Coll": {"rightValue": {"cn.ruleengine.core.value.Constant": {"value": true, "valueType": {"cn.ruleengine.core.value.ValueType": "BOOLEAN"}}}}}, {"cn.ruleengine.core.decisiontable.Coll": {"rightValue": {"cn.ruleengine.core.value.Constant": {"value": "123", "valueType": {"cn.ruleengine.core.value.ValueType": "STRING"}}}}}]}, "order": 0, "action": {"cn.ruleengine.core.value.Constant": {"value": {"java.util.Arrays$ArrayList": ["11"]}, "valueType": {"cn.ruleengine.core.value.ValueType": "COLLECTION"}}}, "priority": 2}}]}}}, "strategyType": {"cn.ruleengine.core.decisiontable.DecisionTableStrategyType": "ALL_PRIORITY"}, "abnormalAlarm": {"cn.ruleengine.core.rule.AbnormalAlarm": {"email": null, "enable": false, "timeOutThreshold": 3000}}, "workspaceCode": "default", "defaultActionValue": {"cn.ruleengine.core.value.Constant": {"value": {"java.util.Arrays$ArrayList": ["1122"]}, "valueType": {"cn.ruleengine.core.value.ValueType": "COLLECTION"}}}}}', 1, '2021-01-05 04:42:11', '2021-01-05 04:42:11', 1);
INSERT INTO boot_engine.rule_engine_decision_table_publish (id, decision_table_id, decision_table_code, workspace_id, workspace_code, data, status, create_time, update_time, deleted) VALUES (217, 19, 'asdf', 1, 'default', '{"cn.ruleengine.core.decisiontable.DecisionTable": {"id": 19, "code": "asdf", "name": "test", "collHeads": {"java.util.ArrayList": [{"cn.ruleengine.core.decisiontable.CollHead": {"name": "条件", "operator": {"cn.ruleengine.core.condition.Operator": "EQ"}, "leftValue": {"cn.ruleengine.core.value.Element": {"elementId": 122, "valueType": {"cn.ruleengine.core.value.ValueType": "BOOLEAN"}, "elementCode": "boolean"}}}}, {"cn.ruleengine.core.decisiontable.CollHead": {"name": "条件", "operator": {"cn.ruleengine.core.condition.Operator": "EQ"}, "leftValue": {"cn.ruleengine.core.value.Constant": {"value": "123", "valueType": {"cn.ruleengine.core.value.ValueType": "STRING"}}}}}]}, "description": null, "workspaceId": 1, "decisionTree": {"java.util.TreeMap": {"1": {"java.util.ArrayList": [{"cn.ruleengine.core.decisiontable.Row": {"colls": {"java.util.ArrayList": [{"cn.ruleengine.core.decisiontable.Coll": {"rightValue": null}}, {"cn.ruleengine.core.decisiontable.Coll": {"rightValue": null}}]}, "order": 1, "action": {"cn.ruleengine.core.value.Constant": {"value": {"java.util.Arrays$ArrayList": ["1", "2"]}, "valueType": {"cn.ruleengine.core.value.ValueType": "COLLECTION"}}}, "priority": 1}}, {"cn.ruleengine.core.decisiontable.Row": {"colls": {"java.util.ArrayList": [{"cn.ruleengine.core.decisiontable.Coll": {"rightValue": {"cn.ruleengine.core.value.Constant": {"value": true, "valueType": {"cn.ruleengine.core.value.ValueType": "BOOLEAN"}}}}}, {"cn.ruleengine.core.decisiontable.Coll": {"rightValue": {"cn.ruleengine.core.value.Constant": {"value": "0", "valueType": {"cn.ruleengine.core.value.ValueType": "STRING"}}}}}]}, "order": 2, "action": {"cn.ruleengine.core.value.Constant": {"value": {"java.util.Arrays$ArrayList": ["0"]}, "valueType": {"cn.ruleengine.core.value.ValueType": "COLLECTION"}}}, "priority": 1}}]}, "2": {"java.util.ArrayList": [{"cn.ruleengine.core.decisiontable.Row": {"colls": {"java.util.ArrayList": [{"cn.ruleengine.core.decisiontable.Coll": {"rightValue": {"cn.ruleengine.core.value.Constant": {"value": true, "valueType": {"cn.ruleengine.core.value.ValueType": "BOOLEAN"}}}}}, {"cn.ruleengine.core.decisiontable.Coll": {"rightValue": {"cn.ruleengine.core.value.Constant": {"value": "123", "valueType": {"cn.ruleengine.core.value.ValueType": "STRING"}}}}}]}, "order": 0, "action": {"cn.ruleengine.core.value.Constant": {"value": {"java.util.Arrays$ArrayList": ["00"]}, "valueType": {"cn.ruleengine.core.value.ValueType": "COLLECTION"}}}, "priority": 2}}]}}}, "strategyType": {"cn.ruleengine.core.decisiontable.DecisionTableStrategyType": "ALL_PRIORITY"}, "abnormalAlarm": {"cn.ruleengine.core.rule.AbnormalAlarm": {"email": null, "enable": false, "timeOutThreshold": 3000}}, "workspaceCode": "default", "defaultActionValue": {"cn.ruleengine.core.value.Constant": {"value": {"java.util.Arrays$ArrayList": ["11220"]}, "valueType": {"cn.ruleengine.core.value.ValueType": "COLLECTION"}}}}}', 1, '2021-01-05 04:42:46', '2021-01-05 04:42:46', 1);
INSERT INTO boot_engine.rule_engine_decision_table_publish (id, decision_table_id, decision_table_code, workspace_id, workspace_code, data, status, create_time, update_time, deleted) VALUES (218, 19, 'asdf', 1, 'default', '{"cn.ruleengine.core.decisiontable.DecisionTable": {"id": 19, "code": "asdf", "name": "test", "collHeads": {"java.util.ArrayList": [{"cn.ruleengine.core.decisiontable.CollHead": {"name": "条件", "operator": {"cn.ruleengine.core.condition.Operator": "EQ"}, "leftValue": {"cn.ruleengine.core.value.Element": {"elementId": 122, "valueType": {"cn.ruleengine.core.value.ValueType": "BOOLEAN"}, "elementCode": "boolean"}}}}, {"cn.ruleengine.core.decisiontable.CollHead": {"name": "条件", "operator": {"cn.ruleengine.core.condition.Operator": "EQ"}, "leftValue": {"cn.ruleengine.core.value.Constant": {"value": "123", "valueType": {"cn.ruleengine.core.value.ValueType": "STRING"}}}}}]}, "description": null, "workspaceId": 1, "decisionTree": {"java.util.TreeMap": {"1": {"java.util.ArrayList": [{"cn.ruleengine.core.decisiontable.Row": {"colls": {"java.util.ArrayList": [{"cn.ruleengine.core.decisiontable.Coll": {"rightValue": null}}, {"cn.ruleengine.core.decisiontable.Coll": {"rightValue": null}}]}, "order": 1, "action": {"cn.ruleengine.core.value.Constant": {"value": {"java.util.Arrays$ArrayList": ["1", "2"]}, "valueType": {"cn.ruleengine.core.value.ValueType": "COLLECTION"}}}, "priority": 1}}, {"cn.ruleengine.core.decisiontable.Row": {"colls": {"java.util.ArrayList": [{"cn.ruleengine.core.decisiontable.Coll": {"rightValue": {"cn.ruleengine.core.value.Constant": {"value": true, "valueType": {"cn.ruleengine.core.value.ValueType": "BOOLEAN"}}}}}, {"cn.ruleengine.core.decisiontable.Coll": {"rightValue": {"cn.ruleengine.core.value.Constant": {"value": "0", "valueType": {"cn.ruleengine.core.value.ValueType": "STRING"}}}}}]}, "order": 2, "action": {"cn.ruleengine.core.value.Constant": {"value": {"java.util.Arrays$ArrayList": ["0"]}, "valueType": {"cn.ruleengine.core.value.ValueType": "COLLECTION"}}}, "priority": 1}}]}, "2": {"java.util.ArrayList": [{"cn.ruleengine.core.decisiontable.Row": {"colls": {"java.util.ArrayList": [{"cn.ruleengine.core.decisiontable.Coll": {"rightValue": {"cn.ruleengine.core.value.Constant": {"value": true, "valueType": {"cn.ruleengine.core.value.ValueType": "BOOLEAN"}}}}}, {"cn.ruleengine.core.decisiontable.Coll": {"rightValue": {"cn.ruleengine.core.value.Constant": {"value": "123", "valueType": {"cn.ruleengine.core.value.ValueType": "STRING"}}}}}]}, "order": 0, "action": {"cn.ruleengine.core.value.Constant": {"value": {"java.util.Arrays$ArrayList": ["00"]}, "valueType": {"cn.ruleengine.core.value.ValueType": "COLLECTION"}}}, "priority": 2}}]}}}, "strategyType": {"cn.ruleengine.core.decisiontable.DecisionTableStrategyType": "ALL_PRIORITY"}, "abnormalAlarm": {"cn.ruleengine.core.rule.AbnormalAlarm": {"email": null, "enable": false, "timeOutThreshold": 3000}}, "workspaceCode": "default", "defaultActionValue": {"cn.ruleengine.core.value.Constant": {"value": {"java.util.Arrays$ArrayList": ["11220"]}, "valueType": {"cn.ruleengine.core.value.ValueType": "COLLECTION"}}}}}', 1, '2021-01-05 04:42:53', '2021-01-05 04:42:53', 1);
INSERT INTO boot_engine.rule_engine_decision_table_publish (id, decision_table_id, decision_table_code, workspace_id, workspace_code, data, status, create_time, update_time, deleted) VALUES (219, 19, 'asdf', 1, 'default', '{"cn.ruleengine.core.decisiontable.DecisionTable": {"id": 19, "code": "asdf", "name": "test", "collHeads": {"java.util.ArrayList": [{"cn.ruleengine.core.decisiontable.CollHead": {"name": "条件", "operator": {"cn.ruleengine.core.condition.Operator": "EQ"}, "leftValue": {"cn.ruleengine.core.value.Element": {"elementId": 122, "valueType": {"cn.ruleengine.core.value.ValueType": "BOOLEAN"}, "elementCode": "boolean"}}}}, {"cn.ruleengine.core.decisiontable.CollHead": {"name": "条件", "operator": {"cn.ruleengine.core.condition.Operator": "EQ"}, "leftValue": {"cn.ruleengine.core.value.Constant": {"value": "123", "valueType": {"cn.ruleengine.core.value.ValueType": "STRING"}}}}}]}, "description": null, "workspaceId": 1, "decisionTree": {"java.util.TreeMap": {"1": {"java.util.ArrayList": [{"cn.ruleengine.core.decisiontable.Row": {"colls": {"java.util.ArrayList": [{"cn.ruleengine.core.decisiontable.Coll": {"rightValue": null}}, {"cn.ruleengine.core.decisiontable.Coll": {"rightValue": null}}]}, "order": 1, "action": {"cn.ruleengine.core.value.Constant": {"value": {"java.util.Arrays$ArrayList": ["1", "2"]}, "valueType": {"cn.ruleengine.core.value.ValueType": "COLLECTION"}}}, "priority": 1}}, {"cn.ruleengine.core.decisiontable.Row": {"colls": {"java.util.ArrayList": [{"cn.ruleengine.core.decisiontable.Coll": {"rightValue": {"cn.ruleengine.core.value.Constant": {"value": true, "valueType": {"cn.ruleengine.core.value.ValueType": "BOOLEAN"}}}}}, {"cn.ruleengine.core.decisiontable.Coll": {"rightValue": {"cn.ruleengine.core.value.Constant": {"value": "0", "valueType": {"cn.ruleengine.core.value.ValueType": "STRING"}}}}}]}, "order": 2, "action": {"cn.ruleengine.core.value.Constant": {"value": {"java.util.Arrays$ArrayList": ["0"]}, "valueType": {"cn.ruleengine.core.value.ValueType": "COLLECTION"}}}, "priority": 1}}]}, "2": {"java.util.ArrayList": [{"cn.ruleengine.core.decisiontable.Row": {"colls": {"java.util.ArrayList": [{"cn.ruleengine.core.decisiontable.Coll": {"rightValue": {"cn.ruleengine.core.value.Constant": {"value": true, "valueType": {"cn.ruleengine.core.value.ValueType": "BOOLEAN"}}}}}, {"cn.ruleengine.core.decisiontable.Coll": {"rightValue": {"cn.ruleengine.core.value.Constant": {"value": "123", "valueType": {"cn.ruleengine.core.value.ValueType": "STRING"}}}}}]}, "order": 0, "action": {"cn.ruleengine.core.value.Constant": {"value": {"java.util.Arrays$ArrayList": ["00"]}, "valueType": {"cn.ruleengine.core.value.ValueType": "COLLECTION"}}}, "priority": 2}}]}}}, "strategyType": {"cn.ruleengine.core.decisiontable.DecisionTableStrategyType": "ALL_PRIORITY"}, "abnormalAlarm": {"cn.ruleengine.core.rule.AbnormalAlarm": {"email": null, "enable": false, "timeOutThreshold": 3000}}, "workspaceCode": "default", "defaultActionValue": {"cn.ruleengine.core.value.Constant": {"value": {"java.util.Arrays$ArrayList": ["11220"]}, "valueType": {"cn.ruleengine.core.value.ValueType": "COLLECTION"}}}}}', 1, '2021-01-05 09:13:22', '2021-01-05 09:13:22', 1);
INSERT INTO boot_engine.rule_engine_decision_table_publish (id, decision_table_id, decision_table_code, workspace_id, workspace_code, data, status, create_time, update_time, deleted) VALUES (220, 19, 'asdf', 1, 'default', '{"cn.ruleengine.core.decisiontable.DecisionTable": {"id": 19, "code": "asdf", "name": "test", "collHeads": {"java.util.ArrayList": [{"cn.ruleengine.core.decisiontable.CollHead": {"name": "条件", "operator": {"cn.ruleengine.core.condition.Operator": "EQ"}, "leftValue": {"cn.ruleengine.core.value.Element": {"elementId": 122, "valueType": {"cn.ruleengine.core.value.ValueType": "BOOLEAN"}, "elementCode": "boolean"}}}}, {"cn.ruleengine.core.decisiontable.CollHead": {"name": "条件", "operator": {"cn.ruleengine.core.condition.Operator": "EQ"}, "leftValue": {"cn.ruleengine.core.value.Constant": {"value": "123", "valueType": {"cn.ruleengine.core.value.ValueType": "STRING"}}}}}]}, "description": null, "workspaceId": 1, "decisionTree": {"java.util.TreeMap": {"1": {"java.util.ArrayList": [{"cn.ruleengine.core.decisiontable.Row": {"colls": {"java.util.ArrayList": [{"cn.ruleengine.core.decisiontable.Coll": {"rightValue": null}}, {"cn.ruleengine.core.decisiontable.Coll": {"rightValue": null}}]}, "order": 1, "action": {"cn.ruleengine.core.value.Constant": {"value": {"java.util.Arrays$ArrayList": ["1", "2"]}, "valueType": {"cn.ruleengine.core.value.ValueType": "COLLECTION"}}}, "priority": 1}}, {"cn.ruleengine.core.decisiontable.Row": {"colls": {"java.util.ArrayList": [{"cn.ruleengine.core.decisiontable.Coll": {"rightValue": {"cn.ruleengine.core.value.Constant": {"value": true, "valueType": {"cn.ruleengine.core.value.ValueType": "BOOLEAN"}}}}}, {"cn.ruleengine.core.decisiontable.Coll": {"rightValue": {"cn.ruleengine.core.value.Constant": {"value": "0", "valueType": {"cn.ruleengine.core.value.ValueType": "STRING"}}}}}]}, "order": 2, "action": {"cn.ruleengine.core.value.Constant": {"value": {"java.util.Arrays$ArrayList": ["0"]}, "valueType": {"cn.ruleengine.core.value.ValueType": "COLLECTION"}}}, "priority": 1}}]}, "2": {"java.util.ArrayList": [{"cn.ruleengine.core.decisiontable.Row": {"colls": {"java.util.ArrayList": [{"cn.ruleengine.core.decisiontable.Coll": {"rightValue": {"cn.ruleengine.core.value.Constant": {"value": true, "valueType": {"cn.ruleengine.core.value.ValueType": "BOOLEAN"}}}}}, {"cn.ruleengine.core.decisiontable.Coll": {"rightValue": {"cn.ruleengine.core.value.Constant": {"value": "123", "valueType": {"cn.ruleengine.core.value.ValueType": "STRING"}}}}}]}, "order": 0, "action": {"cn.ruleengine.core.value.Constant": {"value": {"java.util.Arrays$ArrayList": ["00"]}, "valueType": {"cn.ruleengine.core.value.ValueType": "COLLECTION"}}}, "priority": 2}}]}}}, "strategyType": {"cn.ruleengine.core.decisiontable.DecisionTableStrategyType": "ALL_PRIORITY"}, "abnormalAlarm": {"cn.ruleengine.core.rule.AbnormalAlarm": {"email": null, "enable": false, "timeOutThreshold": 3000}}, "workspaceCode": "default", "defaultActionValue": {"cn.ruleengine.core.value.Constant": {"value": {"java.util.Arrays$ArrayList": ["11220"]}, "valueType": {"cn.ruleengine.core.value.ValueType": "COLLECTION"}}}}}', 1, '2021-01-05 11:51:16', '2021-01-05 11:51:16', 1);
INSERT INTO boot_engine.rule_engine_decision_table_publish (id, decision_table_id, decision_table_code, workspace_id, workspace_code, data, status, create_time, update_time, deleted) VALUES (221, 19, 'asdf', 1, 'default', '{"cn.ruleengine.core.decisiontable.DecisionTable": {"id": 19, "code": "asdf", "name": "test", "collHeads": {"java.util.ArrayList": [{"cn.ruleengine.core.decisiontable.CollHead": {"name": "条件", "operator": {"cn.ruleengine.core.condition.Operator": "EQ"}, "leftValue": {"cn.ruleengine.core.value.Element": {"elementId": 122, "valueType": {"cn.ruleengine.core.value.ValueType": "BOOLEAN"}, "elementCode": "boolean"}}}}, {"cn.ruleengine.core.decisiontable.CollHead": {"name": "条件", "operator": {"cn.ruleengine.core.condition.Operator": "EQ"}, "leftValue": {"cn.ruleengine.core.value.Constant": {"value": "123", "valueType": {"cn.ruleengine.core.value.ValueType": "STRING"}}}}}]}, "description": null, "workspaceId": 1, "decisionTree": {"java.util.TreeMap": {"1": {"java.util.ArrayList": [{"cn.ruleengine.core.decisiontable.Row": {"colls": {"java.util.ArrayList": [{"cn.ruleengine.core.decisiontable.Coll": {"rightValue": null}}, {"cn.ruleengine.core.decisiontable.Coll": {"rightValue": null}}]}, "order": 1, "action": {"cn.ruleengine.core.value.Constant": {"value": {"java.util.Arrays$ArrayList": ["1", "2"]}, "valueType": {"cn.ruleengine.core.value.ValueType": "COLLECTION"}}}, "priority": 1}}, {"cn.ruleengine.core.decisiontable.Row": {"colls": {"java.util.ArrayList": [{"cn.ruleengine.core.decisiontable.Coll": {"rightValue": {"cn.ruleengine.core.value.Constant": {"value": true, "valueType": {"cn.ruleengine.core.value.ValueType": "BOOLEAN"}}}}}, {"cn.ruleengine.core.decisiontable.Coll": {"rightValue": {"cn.ruleengine.core.value.Constant": {"value": "0", "valueType": {"cn.ruleengine.core.value.ValueType": "STRING"}}}}}]}, "order": 2, "action": {"cn.ruleengine.core.value.Constant": {"value": {"java.util.Arrays$ArrayList": ["0"]}, "valueType": {"cn.ruleengine.core.value.ValueType": "COLLECTION"}}}, "priority": 1}}]}, "2": {"java.util.ArrayList": [{"cn.ruleengine.core.decisiontable.Row": {"colls": {"java.util.ArrayList": [{"cn.ruleengine.core.decisiontable.Coll": {"rightValue": {"cn.ruleengine.core.value.Constant": {"value": true, "valueType": {"cn.ruleengine.core.value.ValueType": "BOOLEAN"}}}}}, {"cn.ruleengine.core.decisiontable.Coll": {"rightValue": {"cn.ruleengine.core.value.Constant": {"value": "123", "valueType": {"cn.ruleengine.core.value.ValueType": "STRING"}}}}}]}, "order": 0, "action": {"cn.ruleengine.core.value.Constant": {"value": {"java.util.Arrays$ArrayList": ["00"]}, "valueType": {"cn.ruleengine.core.value.ValueType": "COLLECTION"}}}, "priority": 2}}]}}}, "strategyType": {"cn.ruleengine.core.decisiontable.DecisionTableStrategyType": "ALL_PRIORITY"}, "abnormalAlarm": {"cn.ruleengine.core.rule.AbnormalAlarm": {"email": null, "enable": false, "timeOutThreshold": 3000}}, "workspaceCode": "default", "defaultActionValue": {"cn.ruleengine.core.value.Constant": {"value": {"java.util.Arrays$ArrayList": ["11220"]}, "valueType": {"cn.ruleengine.core.value.ValueType": "COLLECTION"}}}}}', 1, '2021-01-05 11:52:09', '2021-01-05 11:52:09', 1);
INSERT INTO boot_engine.rule_engine_decision_table_publish (id, decision_table_id, decision_table_code, workspace_id, workspace_code, data, status, create_time, update_time, deleted) VALUES (222, 19, 'asdf', 1, 'default', '{"cn.ruleengine.core.decisiontable.DecisionTable": {"id": 19, "code": "asdf", "name": "test", "collHeads": {"java.util.ArrayList": [{"cn.ruleengine.core.decisiontable.CollHead": {"name": "条件", "operator": {"cn.ruleengine.core.condition.Operator": "EQ"}, "leftValue": {"cn.ruleengine.core.value.Element": {"elementId": 122, "valueType": {"cn.ruleengine.core.value.ValueType": "BOOLEAN"}, "elementCode": "boolean"}}}}, {"cn.ruleengine.core.decisiontable.CollHead": {"name": "条件", "operator": {"cn.ruleengine.core.condition.Operator": "EQ"}, "leftValue": {"cn.ruleengine.core.value.Constant": {"value": "123", "valueType": {"cn.ruleengine.core.value.ValueType": "STRING"}}}}}]}, "description": null, "workspaceId": 1, "decisionTree": {"java.util.TreeMap": {"1": {"java.util.ArrayList": [{"cn.ruleengine.core.decisiontable.Row": {"colls": {"java.util.ArrayList": [{"cn.ruleengine.core.decisiontable.Coll": {"rightValue": null}}, {"cn.ruleengine.core.decisiontable.Coll": {"rightValue": null}}]}, "order": 1, "action": {"cn.ruleengine.core.value.Constant": {"value": {"java.util.Arrays$ArrayList": ["1", "2"]}, "valueType": {"cn.ruleengine.core.value.ValueType": "COLLECTION"}}}, "priority": 1}}, {"cn.ruleengine.core.decisiontable.Row": {"colls": {"java.util.ArrayList": [{"cn.ruleengine.core.decisiontable.Coll": {"rightValue": {"cn.ruleengine.core.value.Constant": {"value": true, "valueType": {"cn.ruleengine.core.value.ValueType": "BOOLEAN"}}}}}, {"cn.ruleengine.core.decisiontable.Coll": {"rightValue": {"cn.ruleengine.core.value.Constant": {"value": "0", "valueType": {"cn.ruleengine.core.value.ValueType": "STRING"}}}}}]}, "order": 2, "action": {"cn.ruleengine.core.value.Constant": {"value": {"java.util.Arrays$ArrayList": ["0"]}, "valueType": {"cn.ruleengine.core.value.ValueType": "COLLECTION"}}}, "priority": 1}}]}, "2": {"java.util.ArrayList": [{"cn.ruleengine.core.decisiontable.Row": {"colls": {"java.util.ArrayList": [{"cn.ruleengine.core.decisiontable.Coll": {"rightValue": {"cn.ruleengine.core.value.Constant": {"value": true, "valueType": {"cn.ruleengine.core.value.ValueType": "BOOLEAN"}}}}}, {"cn.ruleengine.core.decisiontable.Coll": {"rightValue": {"cn.ruleengine.core.value.Constant": {"value": "123", "valueType": {"cn.ruleengine.core.value.ValueType": "STRING"}}}}}]}, "order": 0, "action": {"cn.ruleengine.core.value.Constant": {"value": {"java.util.Arrays$ArrayList": ["00"]}, "valueType": {"cn.ruleengine.core.value.ValueType": "COLLECTION"}}}, "priority": 2}}]}}}, "strategyType": {"cn.ruleengine.core.decisiontable.DecisionTableStrategyType": "ALL_PRIORITY"}, "abnormalAlarm": {"cn.ruleengine.core.rule.AbnormalAlarm": {"email": null, "enable": false, "timeOutThreshold": 3000}}, "workspaceCode": "default", "defaultActionValue": {"cn.ruleengine.core.value.Constant": {"value": {"java.util.Arrays$ArrayList": ["11220"]}, "valueType": {"cn.ruleengine.core.value.ValueType": "COLLECTION"}}}}}', 1, '2021-01-05 11:52:17', '2021-01-05 11:52:17', 1);
INSERT INTO boot_engine.rule_engine_decision_table_publish (id, decision_table_id, decision_table_code, workspace_id, workspace_code, data, status, create_time, update_time, deleted) VALUES (223, 19, 'asdf', 1, 'default', '{"cn.ruleengine.core.decisiontable.DecisionTable": {"id": 19, "code": "asdf", "name": "test", "collHeads": {"java.util.ArrayList": [{"cn.ruleengine.core.decisiontable.CollHead": {"name": "条件", "operator": {"cn.ruleengine.core.condition.Operator": "EQ"}, "leftValue": {"cn.ruleengine.core.value.Element": {"elementId": 122, "valueType": {"cn.ruleengine.core.value.ValueType": "BOOLEAN"}, "elementCode": "boolean"}}}}, {"cn.ruleengine.core.decisiontable.CollHead": {"name": "条件", "operator": {"cn.ruleengine.core.condition.Operator": "EQ"}, "leftValue": {"cn.ruleengine.core.value.Constant": {"value": "123", "valueType": {"cn.ruleengine.core.value.ValueType": "STRING"}}}}}]}, "description": null, "workspaceId": 1, "decisionTree": {"java.util.TreeMap": {"1": {"java.util.ArrayList": [{"cn.ruleengine.core.decisiontable.Row": {"colls": {"java.util.ArrayList": [{"cn.ruleengine.core.decisiontable.Coll": {"rightValue": null}}, {"cn.ruleengine.core.decisiontable.Coll": {"rightValue": null}}]}, "order": 1, "action": {"cn.ruleengine.core.value.Constant": {"value": {"java.util.Arrays$ArrayList": ["1", "2"]}, "valueType": {"cn.ruleengine.core.value.ValueType": "COLLECTION"}}}, "priority": 1}}, {"cn.ruleengine.core.decisiontable.Row": {"colls": {"java.util.ArrayList": [{"cn.ruleengine.core.decisiontable.Coll": {"rightValue": {"cn.ruleengine.core.value.Constant": {"value": true, "valueType": {"cn.ruleengine.core.value.ValueType": "BOOLEAN"}}}}}, {"cn.ruleengine.core.decisiontable.Coll": {"rightValue": {"cn.ruleengine.core.value.Constant": {"value": "0", "valueType": {"cn.ruleengine.core.value.ValueType": "STRING"}}}}}]}, "order": 2, "action": {"cn.ruleengine.core.value.Constant": {"value": {"java.util.Arrays$ArrayList": ["0"]}, "valueType": {"cn.ruleengine.core.value.ValueType": "COLLECTION"}}}, "priority": 1}}]}, "2": {"java.util.ArrayList": [{"cn.ruleengine.core.decisiontable.Row": {"colls": {"java.util.ArrayList": [{"cn.ruleengine.core.decisiontable.Coll": {"rightValue": {"cn.ruleengine.core.value.Constant": {"value": true, "valueType": {"cn.ruleengine.core.value.ValueType": "BOOLEAN"}}}}}, {"cn.ruleengine.core.decisiontable.Coll": {"rightValue": {"cn.ruleengine.core.value.Constant": {"value": "123", "valueType": {"cn.ruleengine.core.value.ValueType": "STRING"}}}}}]}, "order": 0, "action": {"cn.ruleengine.core.value.Constant": {"value": {"java.util.Arrays$ArrayList": ["00"]}, "valueType": {"cn.ruleengine.core.value.ValueType": "COLLECTION"}}}, "priority": 2}}]}}}, "strategyType": {"cn.ruleengine.core.decisiontable.DecisionTableStrategyType": "HIGHEST_PRIORITY_ALL"}, "abnormalAlarm": {"cn.ruleengine.core.rule.AbnormalAlarm": {"email": null, "enable": false, "timeOutThreshold": 3000}}, "workspaceCode": "default", "defaultActionValue": {"cn.ruleengine.core.value.Constant": {"value": {"java.util.Arrays$ArrayList": ["11220"]}, "valueType": {"cn.ruleengine.core.value.ValueType": "COLLECTION"}}}}}', 1, '2021-01-05 11:53:03', '2021-01-05 11:53:03', 1);
INSERT INTO boot_engine.rule_engine_decision_table_publish (id, decision_table_id, decision_table_code, workspace_id, workspace_code, data, status, create_time, update_time, deleted) VALUES (224, 19, 'asdf', 1, 'default', '{"cn.ruleengine.core.decisiontable.DecisionTable": {"id": 19, "code": "asdf", "name": "test", "collHeads": {"java.util.ArrayList": [{"cn.ruleengine.core.decisiontable.CollHead": {"name": "条件", "operator": {"cn.ruleengine.core.condition.Operator": "EQ"}, "leftValue": {"cn.ruleengine.core.value.Element": {"elementId": 122, "valueType": {"cn.ruleengine.core.value.ValueType": "BOOLEAN"}, "elementCode": "boolean"}}}}, {"cn.ruleengine.core.decisiontable.CollHead": {"name": "条件", "operator": {"cn.ruleengine.core.condition.Operator": "EQ"}, "leftValue": {"cn.ruleengine.core.value.Constant": {"value": "123", "valueType": {"cn.ruleengine.core.value.ValueType": "STRING"}}}}}]}, "description": null, "workspaceId": 1, "decisionTree": {"java.util.TreeMap": {"1": {"java.util.ArrayList": [{"cn.ruleengine.core.decisiontable.Row": {"colls": {"java.util.ArrayList": [{"cn.ruleengine.core.decisiontable.Coll": {"rightValue": null}}, {"cn.ruleengine.core.decisiontable.Coll": {"rightValue": null}}]}, "order": 1, "action": {"cn.ruleengine.core.value.Constant": {"value": {"java.util.Arrays$ArrayList": ["1", "2"]}, "valueType": {"cn.ruleengine.core.value.ValueType": "COLLECTION"}}}, "priority": 1}}, {"cn.ruleengine.core.decisiontable.Row": {"colls": {"java.util.ArrayList": [{"cn.ruleengine.core.decisiontable.Coll": {"rightValue": {"cn.ruleengine.core.value.Constant": {"value": true, "valueType": {"cn.ruleengine.core.value.ValueType": "BOOLEAN"}}}}}, {"cn.ruleengine.core.decisiontable.Coll": {"rightValue": {"cn.ruleengine.core.value.Constant": {"value": "0", "valueType": {"cn.ruleengine.core.value.ValueType": "STRING"}}}}}]}, "order": 2, "action": {"cn.ruleengine.core.value.Constant": {"value": {"java.util.Arrays$ArrayList": ["0"]}, "valueType": {"cn.ruleengine.core.value.ValueType": "COLLECTION"}}}, "priority": 1}}]}, "2": {"java.util.ArrayList": [{"cn.ruleengine.core.decisiontable.Row": {"colls": {"java.util.ArrayList": [{"cn.ruleengine.core.decisiontable.Coll": {"rightValue": {"cn.ruleengine.core.value.Constant": {"value": true, "valueType": {"cn.ruleengine.core.value.ValueType": "BOOLEAN"}}}}}, {"cn.ruleengine.core.decisiontable.Coll": {"rightValue": {"cn.ruleengine.core.value.Constant": {"value": "123", "valueType": {"cn.ruleengine.core.value.ValueType": "STRING"}}}}}]}, "order": 0, "action": {"cn.ruleengine.core.value.Constant": {"value": {"java.util.Arrays$ArrayList": ["00"]}, "valueType": {"cn.ruleengine.core.value.ValueType": "COLLECTION"}}}, "priority": 2}}]}}}, "strategyType": {"cn.ruleengine.core.decisiontable.DecisionTableStrategyType": "HIGHEST_PRIORITY_ALL"}, "abnormalAlarm": {"cn.ruleengine.core.rule.AbnormalAlarm": {"email": null, "enable": false, "timeOutThreshold": 3000}}, "workspaceCode": "default", "defaultActionValue": {"cn.ruleengine.core.value.Constant": {"value": {"java.util.Arrays$ArrayList": ["11220"]}, "valueType": {"cn.ruleengine.core.value.ValueType": "COLLECTION"}}}}}', 1, '2021-01-05 11:54:54', '2021-01-05 11:54:54', 1);
INSERT INTO boot_engine.rule_engine_decision_table_publish (id, decision_table_id, decision_table_code, workspace_id, workspace_code, data, status, create_time, update_time, deleted) VALUES (225, 19, 'asdf', 1, 'default', '{"cn.ruleengine.core.decisiontable.DecisionTable": {"id": 19, "code": "asdf", "name": "test", "collHeads": {"java.util.ArrayList": [{"cn.ruleengine.core.decisiontable.CollHead": {"name": "条件", "operator": {"cn.ruleengine.core.condition.Operator": "EQ"}, "leftValue": {"cn.ruleengine.core.value.Element": {"elementId": 122, "valueType": {"cn.ruleengine.core.value.ValueType": "BOOLEAN"}, "elementCode": "boolean"}}}}, {"cn.ruleengine.core.decisiontable.CollHead": {"name": "条件", "operator": {"cn.ruleengine.core.condition.Operator": "EQ"}, "leftValue": {"cn.ruleengine.core.value.Constant": {"value": "123", "valueType": {"cn.ruleengine.core.value.ValueType": "STRING"}}}}}]}, "description": null, "workspaceId": 1, "decisionTree": {"java.util.TreeMap": {"1": {"java.util.ArrayList": [{"cn.ruleengine.core.decisiontable.Row": {"colls": {"java.util.ArrayList": [{"cn.ruleengine.core.decisiontable.Coll": {"rightValue": null}}, {"cn.ruleengine.core.decisiontable.Coll": {"rightValue": null}}]}, "order": 1, "action": {"cn.ruleengine.core.value.Constant": {"value": {"java.util.Arrays$ArrayList": ["1", "2"]}, "valueType": {"cn.ruleengine.core.value.ValueType": "COLLECTION"}}}, "priority": 1}}, {"cn.ruleengine.core.decisiontable.Row": {"colls": {"java.util.ArrayList": [{"cn.ruleengine.core.decisiontable.Coll": {"rightValue": {"cn.ruleengine.core.value.Constant": {"value": true, "valueType": {"cn.ruleengine.core.value.ValueType": "BOOLEAN"}}}}}, {"cn.ruleengine.core.decisiontable.Coll": {"rightValue": {"cn.ruleengine.core.value.Constant": {"value": "0", "valueType": {"cn.ruleengine.core.value.ValueType": "STRING"}}}}}]}, "order": 2, "action": {"cn.ruleengine.core.value.Constant": {"value": {"java.util.Arrays$ArrayList": ["0"]}, "valueType": {"cn.ruleengine.core.value.ValueType": "COLLECTION"}}}, "priority": 1}}]}, "2": {"java.util.ArrayList": [{"cn.ruleengine.core.decisiontable.Row": {"colls": {"java.util.ArrayList": [{"cn.ruleengine.core.decisiontable.Coll": {"rightValue": {"cn.ruleengine.core.value.Constant": {"value": true, "valueType": {"cn.ruleengine.core.value.ValueType": "BOOLEAN"}}}}}, {"cn.ruleengine.core.decisiontable.Coll": {"rightValue": {"cn.ruleengine.core.value.Constant": {"value": "123", "valueType": {"cn.ruleengine.core.value.ValueType": "STRING"}}}}}]}, "order": 0, "action": {"cn.ruleengine.core.value.Constant": {"value": {"java.util.Arrays$ArrayList": ["00"]}, "valueType": {"cn.ruleengine.core.value.ValueType": "COLLECTION"}}}, "priority": 2}}]}}}, "strategyType": {"cn.ruleengine.core.decisiontable.DecisionTableStrategyType": "ALL_PRIORITY"}, "abnormalAlarm": {"cn.ruleengine.core.rule.AbnormalAlarm": {"email": null, "enable": false, "timeOutThreshold": 3000}}, "workspaceCode": "default", "defaultActionValue": {"cn.ruleengine.core.value.Constant": {"value": {"java.util.Arrays$ArrayList": ["11220"]}, "valueType": {"cn.ruleengine.core.value.ValueType": "COLLECTION"}}}}}', 1, '2021-01-05 15:29:05', '2021-01-05 15:29:05', 1);
INSERT INTO boot_engine.rule_engine_decision_table_publish (id, decision_table_id, decision_table_code, workspace_id, workspace_code, data, status, create_time, update_time, deleted) VALUES (226, 19, 'asdf', 1, 'default', '{"cn.ruleengine.core.decisiontable.DecisionTable": {"id": 19, "code": "asdf", "name": "test", "collHeads": {"java.util.ArrayList": [{"cn.ruleengine.core.decisiontable.CollHead": {"name": "条件", "operator": {"cn.ruleengine.core.condition.Operator": "EQ"}, "leftValue": {"cn.ruleengine.core.value.Element": {"elementId": 122, "valueType": {"cn.ruleengine.core.value.ValueType": "BOOLEAN"}, "elementCode": "boolean"}}}}, {"cn.ruleengine.core.decisiontable.CollHead": {"name": "条件", "operator": {"cn.ruleengine.core.condition.Operator": "EQ"}, "leftValue": {"cn.ruleengine.core.value.Constant": {"value": "123", "valueType": {"cn.ruleengine.core.value.ValueType": "STRING"}}}}}]}, "description": null, "workspaceId": 1, "decisionTree": {"java.util.TreeMap": {"1": {"java.util.ArrayList": [{"cn.ruleengine.core.decisiontable.Row": {"colls": {"java.util.ArrayList": [{"cn.ruleengine.core.decisiontable.Coll": {"rightValue": null}}, {"cn.ruleengine.core.decisiontable.Coll": {"rightValue": null}}]}, "order": 1, "action": {"cn.ruleengine.core.value.Constant": {"value": {"java.util.Arrays$ArrayList": ["1", "2"]}, "valueType": {"cn.ruleengine.core.value.ValueType": "COLLECTION"}}}, "priority": 1}}, {"cn.ruleengine.core.decisiontable.Row": {"colls": {"java.util.ArrayList": [{"cn.ruleengine.core.decisiontable.Coll": {"rightValue": {"cn.ruleengine.core.value.Constant": {"value": true, "valueType": {"cn.ruleengine.core.value.ValueType": "BOOLEAN"}}}}}, {"cn.ruleengine.core.decisiontable.Coll": {"rightValue": {"cn.ruleengine.core.value.Constant": {"value": "0", "valueType": {"cn.ruleengine.core.value.ValueType": "STRING"}}}}}]}, "order": 2, "action": {"cn.ruleengine.core.value.Constant": {"value": {"java.util.Arrays$ArrayList": ["0"]}, "valueType": {"cn.ruleengine.core.value.ValueType": "COLLECTION"}}}, "priority": 1}}]}, "2": {"java.util.ArrayList": [{"cn.ruleengine.core.decisiontable.Row": {"colls": {"java.util.ArrayList": [{"cn.ruleengine.core.decisiontable.Coll": {"rightValue": {"cn.ruleengine.core.value.Constant": {"value": true, "valueType": {"cn.ruleengine.core.value.ValueType": "BOOLEAN"}}}}}, {"cn.ruleengine.core.decisiontable.Coll": {"rightValue": {"cn.ruleengine.core.value.Constant": {"value": "123", "valueType": {"cn.ruleengine.core.value.ValueType": "STRING"}}}}}]}, "order": 0, "action": {"cn.ruleengine.core.value.Constant": {"value": {"java.util.Arrays$ArrayList": ["00"]}, "valueType": {"cn.ruleengine.core.value.ValueType": "COLLECTION"}}}, "priority": 2}}]}}}, "strategyType": {"cn.ruleengine.core.decisiontable.DecisionTableStrategyType": "ALL_PRIORITY"}, "abnormalAlarm": {"cn.ruleengine.core.rule.AbnormalAlarm": {"email": null, "enable": false, "timeOutThreshold": 3000}}, "workspaceCode": "default", "defaultActionValue": {"cn.ruleengine.core.value.Constant": {"value": {"java.util.Arrays$ArrayList": ["11220"]}, "valueType": {"cn.ruleengine.core.value.ValueType": "COLLECTION"}}}}}', 1, '2021-01-05 15:53:41', '2021-01-05 15:53:41', 1);
INSERT INTO boot_engine.rule_engine_decision_table_publish (id, decision_table_id, decision_table_code, workspace_id, workspace_code, data, status, create_time, update_time, deleted) VALUES (227, 19, 'asdf', 1, 'default', '{"cn.ruleengine.core.decisiontable.DecisionTable": {"id": 19, "code": "asdf", "name": "test", "collHeads": {"java.util.ArrayList": [{"cn.ruleengine.core.decisiontable.CollHead": {"name": "条件", "operator": {"cn.ruleengine.core.condition.Operator": "EQ"}, "leftValue": {"cn.ruleengine.core.value.Element": {"elementId": 122, "valueType": {"cn.ruleengine.core.value.ValueType": "BOOLEAN"}, "elementCode": "boolean"}}}}, {"cn.ruleengine.core.decisiontable.CollHead": {"name": "条件", "operator": {"cn.ruleengine.core.condition.Operator": "EQ"}, "leftValue": {"cn.ruleengine.core.value.Constant": {"value": "123", "valueType": {"cn.ruleengine.core.value.ValueType": "STRING"}}}}}]}, "description": null, "workspaceId": 1, "decisionTree": {"java.util.TreeMap": {"1": {"java.util.ArrayList": [{"cn.ruleengine.core.decisiontable.Row": {"colls": {"java.util.ArrayList": [{"cn.ruleengine.core.decisiontable.Coll": {"rightValue": {"cn.ruleengine.core.value.Constant": {"value": true, "valueType": {"cn.ruleengine.core.value.ValueType": "BOOLEAN"}}}}}, {"cn.ruleengine.core.decisiontable.Coll": {"rightValue": {"cn.ruleengine.core.value.Constant": {"value": "123", "valueType": {"cn.ruleengine.core.value.ValueType": "STRING"}}}}}]}, "order": 1, "action": {"cn.ruleengine.core.value.Constant": {"value": {"java.util.Arrays$ArrayList": ["1", "2"]}, "valueType": {"cn.ruleengine.core.value.ValueType": "COLLECTION"}}}, "priority": 1}}, {"cn.ruleengine.core.decisiontable.Row": {"colls": {"java.util.ArrayList": [{"cn.ruleengine.core.decisiontable.Coll": {"rightValue": {"cn.ruleengine.core.value.Constant": {"value": true, "valueType": {"cn.ruleengine.core.value.ValueType": "BOOLEAN"}}}}}, {"cn.ruleengine.core.decisiontable.Coll": {"rightValue": {"cn.ruleengine.core.value.Constant": {"value": "0", "valueType": {"cn.ruleengine.core.value.ValueType": "STRING"}}}}}]}, "order": 2, "action": {"cn.ruleengine.core.value.Constant": {"value": {"java.util.Arrays$ArrayList": ["0"]}, "valueType": {"cn.ruleengine.core.value.ValueType": "COLLECTION"}}}, "priority": 1}}]}, "2": {"java.util.ArrayList": [{"cn.ruleengine.core.decisiontable.Row": {"colls": {"java.util.ArrayList": [{"cn.ruleengine.core.decisiontable.Coll": {"rightValue": {"cn.ruleengine.core.value.Constant": {"value": true, "valueType": {"cn.ruleengine.core.value.ValueType": "BOOLEAN"}}}}}, {"cn.ruleengine.core.decisiontable.Coll": {"rightValue": {"cn.ruleengine.core.value.Constant": {"value": "123", "valueType": {"cn.ruleengine.core.value.ValueType": "STRING"}}}}}]}, "order": 0, "action": {"cn.ruleengine.core.value.Constant": {"value": {"java.util.Arrays$ArrayList": ["00"]}, "valueType": {"cn.ruleengine.core.value.ValueType": "COLLECTION"}}}, "priority": 2}}]}}}, "strategyType": {"cn.ruleengine.core.decisiontable.DecisionTableStrategyType": "ALL_PRIORITY"}, "abnormalAlarm": {"cn.ruleengine.core.rule.AbnormalAlarm": {"email": null, "enable": false, "timeOutThreshold": 3000}}, "workspaceCode": "default", "defaultActionValue": {"cn.ruleengine.core.value.Constant": {"value": {"java.util.Arrays$ArrayList": ["11220"]}, "valueType": {"cn.ruleengine.core.value.ValueType": "COLLECTION"}}}}}', 1, '2021-01-05 16:01:40', '2021-01-05 16:01:40', 1);
INSERT INTO boot_engine.rule_engine_decision_table_publish (id, decision_table_id, decision_table_code, workspace_id, workspace_code, data, status, create_time, update_time, deleted) VALUES (228, 19, 'asdf', 1, 'default', '{"cn.ruleengine.core.decisiontable.DecisionTable": {"id": 19, "code": "asdf", "name": "test", "collHeads": {"java.util.ArrayList": [{"cn.ruleengine.core.decisiontable.CollHead": {"name": "条件", "operator": {"cn.ruleengine.core.condition.Operator": "EQ"}, "leftValue": {"cn.ruleengine.core.value.Element": {"elementId": 122, "valueType": {"cn.ruleengine.core.value.ValueType": "BOOLEAN"}, "elementCode": "boolean"}}}}, {"cn.ruleengine.core.decisiontable.CollHead": {"name": "条件", "operator": {"cn.ruleengine.core.condition.Operator": "EQ"}, "leftValue": {"cn.ruleengine.core.value.Constant": {"value": "123", "valueType": {"cn.ruleengine.core.value.ValueType": "STRING"}}}}}]}, "description": null, "workspaceId": 1, "decisionTree": {"java.util.TreeMap": {"1": {"java.util.ArrayList": [{"cn.ruleengine.core.decisiontable.Row": {"colls": {"java.util.ArrayList": [{"cn.ruleengine.core.decisiontable.Coll": {"rightValue": {"cn.ruleengine.core.value.Constant": {"value": true, "valueType": {"cn.ruleengine.core.value.ValueType": "BOOLEAN"}}}}}, {"cn.ruleengine.core.decisiontable.Coll": {"rightValue": {"cn.ruleengine.core.value.Constant": {"value": "123", "valueType": {"cn.ruleengine.core.value.ValueType": "STRING"}}}}}]}, "order": 1, "action": {"cn.ruleengine.core.value.Constant": {"value": {"java.util.Arrays$ArrayList": ["1", "2"]}, "valueType": {"cn.ruleengine.core.value.ValueType": "COLLECTION"}}}, "priority": 1}}, {"cn.ruleengine.core.decisiontable.Row": {"colls": {"java.util.ArrayList": [{"cn.ruleengine.core.decisiontable.Coll": {"rightValue": {"cn.ruleengine.core.value.Constant": {"value": true, "valueType": {"cn.ruleengine.core.value.ValueType": "BOOLEAN"}}}}}, {"cn.ruleengine.core.decisiontable.Coll": {"rightValue": {"cn.ruleengine.core.value.Constant": {"value": "0", "valueType": {"cn.ruleengine.core.value.ValueType": "STRING"}}}}}]}, "order": 2, "action": {"cn.ruleengine.core.value.Constant": {"value": {"java.util.Arrays$ArrayList": ["0"]}, "valueType": {"cn.ruleengine.core.value.ValueType": "COLLECTION"}}}, "priority": 1}}]}, "2": {"java.util.ArrayList": [{"cn.ruleengine.core.decisiontable.Row": {"colls": {"java.util.ArrayList": [{"cn.ruleengine.core.decisiontable.Coll": {"rightValue": {"cn.ruleengine.core.value.Constant": {"value": true, "valueType": {"cn.ruleengine.core.value.ValueType": "BOOLEAN"}}}}}, {"cn.ruleengine.core.decisiontable.Coll": {"rightValue": {"cn.ruleengine.core.value.Constant": {"value": "123", "valueType": {"cn.ruleengine.core.value.ValueType": "STRING"}}}}}]}, "order": 0, "action": {"cn.ruleengine.core.value.Constant": {"value": {"java.util.Arrays$ArrayList": ["00"]}, "valueType": {"cn.ruleengine.core.value.ValueType": "COLLECTION"}}}, "priority": 2}}]}}}, "strategyType": {"cn.ruleengine.core.decisiontable.DecisionTableStrategyType": "ALL_PRIORITY"}, "abnormalAlarm": {"cn.ruleengine.core.rule.AbnormalAlarm": {"email": null, "enable": false, "timeOutThreshold": 3000}}, "workspaceCode": "default", "defaultActionValue": {"cn.ruleengine.core.value.Constant": {"value": {"java.util.Arrays$ArrayList": ["11220"]}, "valueType": {"cn.ruleengine.core.value.ValueType": "COLLECTION"}}}}}', 1, '2021-01-05 16:19:27', '2021-01-05 16:19:27', 1);
INSERT INTO boot_engine.rule_engine_decision_table_publish (id, decision_table_id, decision_table_code, workspace_id, workspace_code, data, status, create_time, update_time, deleted) VALUES (229, 20, 'test', 1, 'default', '{"cn.ruleengine.core.decisiontable.DecisionTable": {"id": 20, "code": "test", "name": "test", "collHeads": {"java.util.ArrayList": [{"cn.ruleengine.core.decisiontable.CollHead": {"name": "条件", "operator": {"cn.ruleengine.core.condition.Operator": "EQ"}, "leftValue": {"cn.ruleengine.core.value.Element": {"elementId": 60, "valueType": {"cn.ruleengine.core.value.ValueType": "STRING"}, "elementCode": "ele-string"}}}}]}, "description": null, "workspaceId": 1, "decisionTree": {"java.util.TreeMap": {"1": {"java.util.ArrayList": [{"cn.ruleengine.core.decisiontable.Row": {"colls": {"java.util.ArrayList": [{"cn.ruleengine.core.decisiontable.Coll": {"rightValue": {"cn.ruleengine.core.value.Constant": {"value": "1", "valueType": {"cn.ruleengine.core.value.ValueType": "STRING"}}}}}]}, "order": 0, "action": {"cn.ruleengine.core.value.Constant": {"value": "11", "valueType": {"cn.ruleengine.core.value.ValueType": "STRING"}}}, "priority": 1}}, {"cn.ruleengine.core.decisiontable.Row": {"colls": {"java.util.ArrayList": [{"cn.ruleengine.core.decisiontable.Coll": {"rightValue": {"cn.ruleengine.core.value.Constant": {"value": "2", "valueType": {"cn.ruleengine.core.value.ValueType": "STRING"}}}}}]}, "order": 1, "action": {"cn.ruleengine.core.value.Constant": {"value": "22", "valueType": {"cn.ruleengine.core.value.ValueType": "STRING"}}}, "priority": 1}}]}}}, "strategyType": {"cn.ruleengine.core.decisiontable.DecisionTableStrategyType": "ALL_PRIORITY"}, "abnormalAlarm": {"cn.ruleengine.core.rule.AbnormalAlarm": {"email": null, "enable": false, "timeOutThreshold": 3000}}, "workspaceCode": "default", "defaultActionValue": null}}', 1, '2021-01-05 17:12:24', '2021-01-05 17:12:24', 1);
INSERT INTO boot_engine.rule_engine_decision_table_publish (id, decision_table_id, decision_table_code, workspace_id, workspace_code, data, status, create_time, update_time, deleted) VALUES (230, 20, 'test', 1, 'default', '{"cn.ruleengine.core.decisiontable.DecisionTable": {"id": 20, "code": "test", "name": "test", "collHeads": {"java.util.ArrayList": [{"cn.ruleengine.core.decisiontable.CollHead": {"name": "条件", "operator": {"cn.ruleengine.core.condition.Operator": "EQ"}, "leftValue": {"cn.ruleengine.core.value.Element": {"elementId": 60, "valueType": {"cn.ruleengine.core.value.ValueType": "STRING"}, "elementCode": "ele-string"}}}}]}, "description": null, "workspaceId": 1, "decisionTree": {"java.util.TreeMap": {"1": {"java.util.ArrayList": [{"cn.ruleengine.core.decisiontable.Row": {"colls": {"java.util.ArrayList": [{"cn.ruleengine.core.decisiontable.Coll": {"rightValue": {"cn.ruleengine.core.value.Constant": {"value": "1", "valueType": {"cn.ruleengine.core.value.ValueType": "STRING"}}}}}]}, "order": 0, "action": {"cn.ruleengine.core.value.Constant": {"value": "11", "valueType": {"cn.ruleengine.core.value.ValueType": "STRING"}}}, "priority": 1}}, {"cn.ruleengine.core.decisiontable.Row": {"colls": {"java.util.ArrayList": [{"cn.ruleengine.core.decisiontable.Coll": {"rightValue": {"cn.ruleengine.core.value.Constant": {"value": "2", "valueType": {"cn.ruleengine.core.value.ValueType": "STRING"}}}}}]}, "order": 1, "action": {"cn.ruleengine.core.value.Constant": {"value": "22", "valueType": {"cn.ruleengine.core.value.ValueType": "STRING"}}}, "priority": 1}}]}}}, "strategyType": {"cn.ruleengine.core.decisiontable.DecisionTableStrategyType": "ALL_PRIORITY"}, "abnormalAlarm": {"cn.ruleengine.core.rule.AbnormalAlarm": {"email": null, "enable": false, "timeOutThreshold": 3000}}, "workspaceCode": "default", "defaultActionValue": null}}', 1, '2021-01-05 17:28:04', '2021-01-05 17:28:04', 0);
INSERT INTO boot_engine.rule_engine_decision_table_publish (id, decision_table_id, decision_table_code, workspace_id, workspace_code, data, status, create_time, update_time, deleted) VALUES (231, 21, 'te', 1, 'default', '{"cn.ruleengine.core.decisiontable.DecisionTable": {"id": 21, "code": "te", "name": "tye", "collHeads": {"java.util.ArrayList": [{"cn.ruleengine.core.decisiontable.CollHead": {"name": "条件", "operator": {"cn.ruleengine.core.condition.Operator": "EQ"}, "leftValue": {"cn.ruleengine.core.value.Constant": {"value": "123", "valueType": {"cn.ruleengine.core.value.ValueType": "STRING"}}}}}]}, "description": null, "workspaceId": 1, "decisionTree": {"java.util.TreeMap": {"1": {"java.util.ArrayList": [{"cn.ruleengine.core.decisiontable.Row": {"colls": {"java.util.ArrayList": [{"cn.ruleengine.core.decisiontable.Coll": {"rightValue": null}}]}, "order": 0, "action": {"cn.ruleengine.core.value.Constant": {"value": "123", "valueType": {"cn.ruleengine.core.value.ValueType": "STRING"}}}, "priority": 1}}]}}}, "strategyType": {"cn.ruleengine.core.decisiontable.DecisionTableStrategyType": "ALL_PRIORITY"}, "abnormalAlarm": {"cn.ruleengine.core.rule.AbnormalAlarm": {"email": null, "enable": false, "timeOutThreshold": 3000}}, "workspaceCode": "default", "defaultActionValue": null}}', 1, '2021-01-05 18:49:47', '2021-01-05 18:49:47', 1);
INSERT INTO boot_engine.rule_engine_decision_table_publish (id, decision_table_id, decision_table_code, workspace_id, workspace_code, data, status, create_time, update_time, deleted) VALUES (232, 22, 'asdff', 1, 'default', '{"cn.ruleengine.core.decisiontable.DecisionTable": {"id": 22, "code": "asdff", "name": "tes", "collHeads": {"java.util.ArrayList": [{"cn.ruleengine.core.decisiontable.CollHead": {"name": "条件", "operator": {"cn.ruleengine.core.condition.Operator": "EQ"}, "leftValue": {"cn.ruleengine.core.value.Constant": {"value": "123", "valueType": {"cn.ruleengine.core.value.ValueType": "STRING"}}}}}]}, "description": null, "workspaceId": 1, "decisionTree": {"java.util.TreeMap": {"1": {"java.util.ArrayList": [{"cn.ruleengine.core.decisiontable.Row": {"colls": {"java.util.ArrayList": [{"cn.ruleengine.core.decisiontable.Coll": {"rightValue": {"cn.ruleengine.core.value.Constant": {"value": "123", "valueType": {"cn.ruleengine.core.value.ValueType": "STRING"}}}}}]}, "order": 0, "action": {"cn.ruleengine.core.value.Constant": {"value": "123", "valueType": {"cn.ruleengine.core.value.ValueType": "STRING"}}}, "priority": 1}}, {"cn.ruleengine.core.decisiontable.Row": {"colls": {"java.util.ArrayList": [{"cn.ruleengine.core.decisiontable.Coll": {"rightValue": {"cn.ruleengine.core.value.Constant": {"value": "1", "valueType": {"cn.ruleengine.core.value.ValueType": "STRING"}}}}}]}, "order": 1, "action": {"cn.ruleengine.core.value.Constant": {"value": "111", "valueType": {"cn.ruleengine.core.value.ValueType": "STRING"}}}, "priority": 1}}]}}}, "strategyType": {"cn.ruleengine.core.decisiontable.DecisionTableStrategyType": "ALL_PRIORITY"}, "abnormalAlarm": {"cn.ruleengine.core.rule.AbnormalAlarm": {"email": null, "enable": false, "timeOutThreshold": 3000}}, "workspaceCode": "default", "defaultActionValue": null}}', 1, '2021-01-05 18:55:32', '2021-01-05 18:55:32', 1);
INSERT INTO boot_engine.rule_engine_decision_table_publish (id, decision_table_id, decision_table_code, workspace_id, workspace_code, data, status, create_time, update_time, deleted) VALUES (233, 22, 'asdff', 1, 'default', '{"cn.ruleengine.core.decisiontable.DecisionTable": {"id": 22, "code": "asdff", "name": "tes", "collHeads": {"java.util.ArrayList": [{"cn.ruleengine.core.decisiontable.CollHead": {"name": "条件", "operator": {"cn.ruleengine.core.condition.Operator": "EQ"}, "leftValue": {"cn.ruleengine.core.value.Constant": {"value": "123", "valueType": {"cn.ruleengine.core.value.ValueType": "STRING"}}}}}]}, "description": null, "workspaceId": 1, "decisionTree": {"java.util.TreeMap": {"1": {"java.util.ArrayList": [{"cn.ruleengine.core.decisiontable.Row": {"colls": {"java.util.ArrayList": [{"cn.ruleengine.core.decisiontable.Coll": {"rightValue": {"cn.ruleengine.core.value.Constant": {"value": "123", "valueType": {"cn.ruleengine.core.value.ValueType": "STRING"}}}}}]}, "order": 0, "action": {"cn.ruleengine.core.value.Constant": {"value": "123", "valueType": {"cn.ruleengine.core.value.ValueType": "STRING"}}}, "priority": 1}}, {"cn.ruleengine.core.decisiontable.Row": {"colls": {"java.util.ArrayList": [{"cn.ruleengine.core.decisiontable.Coll": {"rightValue": {"cn.ruleengine.core.value.Constant": {"value": "1", "valueType": {"cn.ruleengine.core.value.ValueType": "STRING"}}}}}]}, "order": 1, "action": {"cn.ruleengine.core.value.Constant": {"value": "111", "valueType": {"cn.ruleengine.core.value.ValueType": "STRING"}}}, "priority": 1}}]}}}, "strategyType": {"cn.ruleengine.core.decisiontable.DecisionTableStrategyType": "ALL_PRIORITY"}, "abnormalAlarm": {"cn.ruleengine.core.rule.AbnormalAlarm": {"email": null, "enable": false, "timeOutThreshold": 3000}}, "workspaceCode": "default", "defaultActionValue": null}}', 1, '2021-01-05 19:19:29', '2021-01-05 19:19:29', 1);
INSERT INTO boot_engine.rule_engine_decision_table_publish (id, decision_table_id, decision_table_code, workspace_id, workspace_code, data, status, create_time, update_time, deleted) VALUES (234, 19, 'asdf', 1, 'default', '{"cn.ruleengine.core.decisiontable.DecisionTable": {"id": 19, "code": "asdf", "name": "test", "collHeads": {"java.util.ArrayList": [{"cn.ruleengine.core.decisiontable.CollHead": {"name": "条件", "operator": {"cn.ruleengine.core.condition.Operator": "EQ"}, "leftValue": {"cn.ruleengine.core.value.Element": {"elementId": 122, "valueType": {"cn.ruleengine.core.value.ValueType": "BOOLEAN"}, "elementCode": "boolean"}}}}, {"cn.ruleengine.core.decisiontable.CollHead": {"name": "条件", "operator": {"cn.ruleengine.core.condition.Operator": "EQ"}, "leftValue": {"cn.ruleengine.core.value.Constant": {"value": "123", "valueType": {"cn.ruleengine.core.value.ValueType": "STRING"}}}}}]}, "description": null, "workspaceId": 1, "decisionTree": {"java.util.TreeMap": {"1": {"java.util.ArrayList": [{"cn.ruleengine.core.decisiontable.Row": {"colls": {"java.util.ArrayList": [{"cn.ruleengine.core.decisiontable.Coll": {"rightValue": {"cn.ruleengine.core.value.Constant": {"value": true, "valueType": {"cn.ruleengine.core.value.ValueType": "BOOLEAN"}}}}}, {"cn.ruleengine.core.decisiontable.Coll": {"rightValue": {"cn.ruleengine.core.value.Constant": {"value": "123", "valueType": {"cn.ruleengine.core.value.ValueType": "STRING"}}}}}]}, "order": 1, "action": {"cn.ruleengine.core.value.Constant": {"value": {"java.util.Arrays$ArrayList": ["1", "2"]}, "valueType": {"cn.ruleengine.core.value.ValueType": "COLLECTION"}}}, "priority": 1}}, {"cn.ruleengine.core.decisiontable.Row": {"colls": {"java.util.ArrayList": [{"cn.ruleengine.core.decisiontable.Coll": {"rightValue": {"cn.ruleengine.core.value.Constant": {"value": true, "valueType": {"cn.ruleengine.core.value.ValueType": "BOOLEAN"}}}}}, {"cn.ruleengine.core.decisiontable.Coll": {"rightValue": {"cn.ruleengine.core.value.Constant": {"value": "0", "valueType": {"cn.ruleengine.core.value.ValueType": "STRING"}}}}}]}, "order": 2, "action": {"cn.ruleengine.core.value.Constant": {"value": {"java.util.Arrays$ArrayList": ["0"]}, "valueType": {"cn.ruleengine.core.value.ValueType": "COLLECTION"}}}, "priority": 1}}]}, "2": {"java.util.ArrayList": [{"cn.ruleengine.core.decisiontable.Row": {"colls": {"java.util.ArrayList": [{"cn.ruleengine.core.decisiontable.Coll": {"rightValue": {"cn.ruleengine.core.value.Constant": {"value": true, "valueType": {"cn.ruleengine.core.value.ValueType": "BOOLEAN"}}}}}, {"cn.ruleengine.core.decisiontable.Coll": {"rightValue": {"cn.ruleengine.core.value.Constant": {"value": "123", "valueType": {"cn.ruleengine.core.value.ValueType": "STRING"}}}}}]}, "order": 0, "action": {"cn.ruleengine.core.value.Constant": {"value": {"java.util.Arrays$ArrayList": ["00"]}, "valueType": {"cn.ruleengine.core.value.ValueType": "COLLECTION"}}}, "priority": 2}}]}}}, "strategyType": {"cn.ruleengine.core.decisiontable.DecisionTableStrategyType": "ALL_PRIORITY"}, "abnormalAlarm": {"cn.ruleengine.core.rule.AbnormalAlarm": {"email": null, "enable": false, "timeOutThreshold": 3000}}, "workspaceCode": "default", "defaultActionValue": null}}', 1, '2021-01-06 04:48:46', '2021-01-06 04:48:46', 1);
INSERT INTO boot_engine.rule_engine_decision_table_publish (id, decision_table_id, decision_table_code, workspace_id, workspace_code, data, status, create_time, update_time, deleted) VALUES (235, 19, 'asdf', 1, 'default', '{"cn.ruleengine.core.decisiontable.DecisionTable": {"id": 19, "code": "asdf", "name": "test", "collHeads": {"java.util.ArrayList": [{"cn.ruleengine.core.decisiontable.CollHead": {"name": "条件", "operator": {"cn.ruleengine.core.condition.Operator": "EQ"}, "leftValue": {"cn.ruleengine.core.value.Element": {"elementId": 122, "valueType": {"cn.ruleengine.core.value.ValueType": "BOOLEAN"}, "elementCode": "boolean"}}}}, {"cn.ruleengine.core.decisiontable.CollHead": {"name": "条件", "operator": {"cn.ruleengine.core.condition.Operator": "EQ"}, "leftValue": {"cn.ruleengine.core.value.Constant": {"value": "123", "valueType": {"cn.ruleengine.core.value.ValueType": "STRING"}}}}}]}, "description": null, "workspaceId": 1, "decisionTree": {"java.util.TreeMap": {"1": {"java.util.ArrayList": [{"cn.ruleengine.core.decisiontable.Row": {"colls": {"java.util.ArrayList": [{"cn.ruleengine.core.decisiontable.Coll": {"rightValue": {"cn.ruleengine.core.value.Constant": {"value": true, "valueType": {"cn.ruleengine.core.value.ValueType": "BOOLEAN"}}}}}, {"cn.ruleengine.core.decisiontable.Coll": {"rightValue": {"cn.ruleengine.core.value.Constant": {"value": "123", "valueType": {"cn.ruleengine.core.value.ValueType": "STRING"}}}}}]}, "order": 1, "action": {"cn.ruleengine.core.value.Constant": {"value": {"java.util.Arrays$ArrayList": ["1", "2"]}, "valueType": {"cn.ruleengine.core.value.ValueType": "COLLECTION"}}}, "priority": 1}}, {"cn.ruleengine.core.decisiontable.Row": {"colls": {"java.util.ArrayList": [{"cn.ruleengine.core.decisiontable.Coll": {"rightValue": {"cn.ruleengine.core.value.Constant": {"value": true, "valueType": {"cn.ruleengine.core.value.ValueType": "BOOLEAN"}}}}}, {"cn.ruleengine.core.decisiontable.Coll": {"rightValue": {"cn.ruleengine.core.value.Constant": {"value": "0", "valueType": {"cn.ruleengine.core.value.ValueType": "STRING"}}}}}]}, "order": 2, "action": {"cn.ruleengine.core.value.Constant": {"value": {"java.util.Arrays$ArrayList": ["0"]}, "valueType": {"cn.ruleengine.core.value.ValueType": "COLLECTION"}}}, "priority": 1}}]}, "2": {"java.util.ArrayList": [{"cn.ruleengine.core.decisiontable.Row": {"colls": {"java.util.ArrayList": [{"cn.ruleengine.core.decisiontable.Coll": {"rightValue": {"cn.ruleengine.core.value.Constant": {"value": true, "valueType": {"cn.ruleengine.core.value.ValueType": "BOOLEAN"}}}}}, {"cn.ruleengine.core.decisiontable.Coll": {"rightValue": {"cn.ruleengine.core.value.Constant": {"value": "123", "valueType": {"cn.ruleengine.core.value.ValueType": "STRING"}}}}}]}, "order": 0, "action": {"cn.ruleengine.core.value.Constant": {"value": {"java.util.Arrays$ArrayList": ["00"]}, "valueType": {"cn.ruleengine.core.value.ValueType": "COLLECTION"}}}, "priority": 2}}]}}}, "strategyType": {"cn.ruleengine.core.decisiontable.DecisionTableStrategyType": "ALL_PRIORITY"}, "abnormalAlarm": {"cn.ruleengine.core.rule.AbnormalAlarm": {"email": null, "enable": false, "timeOutThreshold": 3000}}, "workspaceCode": "default", "defaultActionValue": {"cn.ruleengine.core.value.Constant": {"value": {"java.util.Arrays$ArrayList": ["默认值"]}, "valueType": {"cn.ruleengine.core.value.ValueType": "COLLECTION"}}}}}', 1, '2021-01-06 04:49:11', '2021-01-06 04:49:11', 1);
INSERT INTO boot_engine.rule_engine_decision_table_publish (id, decision_table_id, decision_table_code, workspace_id, workspace_code, data, status, create_time, update_time, deleted) VALUES (236, 19, 'asdf', 1, 'default', '{"cn.ruleengine.core.decisiontable.DecisionTable": {"id": 19, "code": "asdf", "name": "test", "collHeads": {"java.util.ArrayList": [{"cn.ruleengine.core.decisiontable.CollHead": {"name": "条件", "operator": {"cn.ruleengine.core.condition.Operator": "EQ"}, "leftValue": {"cn.ruleengine.core.value.Element": {"elementId": 122, "valueType": {"cn.ruleengine.core.value.ValueType": "BOOLEAN"}, "elementCode": "boolean"}}}}, {"cn.ruleengine.core.decisiontable.CollHead": {"name": "条件", "operator": {"cn.ruleengine.core.condition.Operator": "EQ"}, "leftValue": {"cn.ruleengine.core.value.Constant": {"value": "123", "valueType": {"cn.ruleengine.core.value.ValueType": "STRING"}}}}}]}, "description": null, "workspaceId": 1, "decisionTree": {"java.util.TreeMap": {"1": {"java.util.ArrayList": [{"cn.ruleengine.core.decisiontable.Row": {"colls": {"java.util.ArrayList": [{"cn.ruleengine.core.decisiontable.Coll": {"rightValue": {"cn.ruleengine.core.value.Constant": {"value": true, "valueType": {"cn.ruleengine.core.value.ValueType": "BOOLEAN"}}}}}, {"cn.ruleengine.core.decisiontable.Coll": {"rightValue": {"cn.ruleengine.core.value.Constant": {"value": "123", "valueType": {"cn.ruleengine.core.value.ValueType": "STRING"}}}}}]}, "order": 1, "action": {"cn.ruleengine.core.value.Constant": {"value": {"java.util.Arrays$ArrayList": ["1", "2"]}, "valueType": {"cn.ruleengine.core.value.ValueType": "COLLECTION"}}}, "priority": 1}}, {"cn.ruleengine.core.decisiontable.Row": {"colls": {"java.util.ArrayList": [{"cn.ruleengine.core.decisiontable.Coll": {"rightValue": {"cn.ruleengine.core.value.Constant": {"value": true, "valueType": {"cn.ruleengine.core.value.ValueType": "BOOLEAN"}}}}}, {"cn.ruleengine.core.decisiontable.Coll": {"rightValue": {"cn.ruleengine.core.value.Constant": {"value": "0", "valueType": {"cn.ruleengine.core.value.ValueType": "STRING"}}}}}]}, "order": 2, "action": {"cn.ruleengine.core.value.Constant": {"value": {"java.util.Arrays$ArrayList": ["0"]}, "valueType": {"cn.ruleengine.core.value.ValueType": "COLLECTION"}}}, "priority": 1}}]}, "2": {"java.util.ArrayList": [{"cn.ruleengine.core.decisiontable.Row": {"colls": {"java.util.ArrayList": [{"cn.ruleengine.core.decisiontable.Coll": {"rightValue": {"cn.ruleengine.core.value.Constant": {"value": true, "valueType": {"cn.ruleengine.core.value.ValueType": "BOOLEAN"}}}}}, {"cn.ruleengine.core.decisiontable.Coll": {"rightValue": {"cn.ruleengine.core.value.Constant": {"value": "123", "valueType": {"cn.ruleengine.core.value.ValueType": "STRING"}}}}}]}, "order": 0, "action": {"cn.ruleengine.core.value.Constant": {"value": {"java.util.Arrays$ArrayList": ["00"]}, "valueType": {"cn.ruleengine.core.value.ValueType": "COLLECTION"}}}, "priority": 2}}]}}}, "strategyType": {"cn.ruleengine.core.decisiontable.DecisionTableStrategyType": "ALL_PRIORITY"}, "abnormalAlarm": {"cn.ruleengine.core.rule.AbnormalAlarm": {"email": null, "enable": false, "timeOutThreshold": 3000}}, "workspaceCode": "default", "defaultActionValue": {"cn.ruleengine.core.value.Constant": {"value": {"java.util.Arrays$ArrayList": ["默认值"]}, "valueType": {"cn.ruleengine.core.value.ValueType": "COLLECTION"}}}}}', 1, '2021-01-06 04:49:21', '2021-01-06 04:49:21', 1);
INSERT INTO boot_engine.rule_engine_decision_table_publish (id, decision_table_id, decision_table_code, workspace_id, workspace_code, data, status, create_time, update_time, deleted) VALUES (237, 19, 'asdf', 1, 'default', '{"cn.ruleengine.core.decisiontable.DecisionTable": {"id": 19, "code": "asdf", "name": "test", "collHeads": {"java.util.ArrayList": [{"cn.ruleengine.core.decisiontable.CollHead": {"name": "条件", "operator": {"cn.ruleengine.core.condition.Operator": "EQ"}, "leftValue": {"cn.ruleengine.core.value.Element": {"elementId": 122, "valueType": {"cn.ruleengine.core.value.ValueType": "BOOLEAN"}, "elementCode": "boolean"}}}}, {"cn.ruleengine.core.decisiontable.CollHead": {"name": "条件", "operator": {"cn.ruleengine.core.condition.Operator": "EQ"}, "leftValue": {"cn.ruleengine.core.value.Constant": {"value": "123", "valueType": {"cn.ruleengine.core.value.ValueType": "STRING"}}}}}]}, "description": null, "workspaceId": 1, "decisionTree": {"java.util.TreeMap": {"1": {"java.util.ArrayList": [{"cn.ruleengine.core.decisiontable.Row": {"colls": {"java.util.ArrayList": [{"cn.ruleengine.core.decisiontable.Coll": {"rightValue": {"cn.ruleengine.core.value.Constant": {"value": true, "valueType": {"cn.ruleengine.core.value.ValueType": "BOOLEAN"}}}}}, {"cn.ruleengine.core.decisiontable.Coll": {"rightValue": {"cn.ruleengine.core.value.Constant": {"value": "123", "valueType": {"cn.ruleengine.core.value.ValueType": "STRING"}}}}}]}, "order": 1, "action": {"cn.ruleengine.core.value.Constant": {"value": {"java.util.Arrays$ArrayList": ["1", "2"]}, "valueType": {"cn.ruleengine.core.value.ValueType": "COLLECTION"}}}, "priority": 1}}, {"cn.ruleengine.core.decisiontable.Row": {"colls": {"java.util.ArrayList": [{"cn.ruleengine.core.decisiontable.Coll": {"rightValue": {"cn.ruleengine.core.value.Constant": {"value": true, "valueType": {"cn.ruleengine.core.value.ValueType": "BOOLEAN"}}}}}, {"cn.ruleengine.core.decisiontable.Coll": {"rightValue": {"cn.ruleengine.core.value.Constant": {"value": "0", "valueType": {"cn.ruleengine.core.value.ValueType": "STRING"}}}}}]}, "order": 2, "action": {"cn.ruleengine.core.value.Constant": {"value": {"java.util.Arrays$ArrayList": ["0"]}, "valueType": {"cn.ruleengine.core.value.ValueType": "COLLECTION"}}}, "priority": 1}}]}, "2": {"java.util.ArrayList": [{"cn.ruleengine.core.decisiontable.Row": {"colls": {"java.util.ArrayList": [{"cn.ruleengine.core.decisiontable.Coll": {"rightValue": {"cn.ruleengine.core.value.Constant": {"value": true, "valueType": {"cn.ruleengine.core.value.ValueType": "BOOLEAN"}}}}}, {"cn.ruleengine.core.decisiontable.Coll": {"rightValue": {"cn.ruleengine.core.value.Constant": {"value": "123", "valueType": {"cn.ruleengine.core.value.ValueType": "STRING"}}}}}]}, "order": 0, "action": {"cn.ruleengine.core.value.Constant": {"value": {"java.util.Arrays$ArrayList": ["00"]}, "valueType": {"cn.ruleengine.core.value.ValueType": "COLLECTION"}}}, "priority": 2}}]}}}, "strategyType": {"cn.ruleengine.core.decisiontable.DecisionTableStrategyType": "ALL_PRIORITY"}, "abnormalAlarm": {"cn.ruleengine.core.rule.AbnormalAlarm": {"email": null, "enable": false, "timeOutThreshold": 3000}}, "workspaceCode": "default", "defaultActionValue": {"cn.ruleengine.core.value.Constant": {"value": {"java.util.Arrays$ArrayList": ["默认值"]}, "valueType": {"cn.ruleengine.core.value.ValueType": "COLLECTION"}}}}}', 1, '2021-01-06 04:49:30', '2021-01-06 04:49:30', 0);
INSERT INTO boot_engine.rule_engine_decision_table_publish (id, decision_table_id, decision_table_code, workspace_id, workspace_code, data, status, create_time, update_time, deleted) VALUES (238, 22, 'asdff', 1, 'default', '{"cn.ruleengine.core.decisiontable.DecisionTable": {"id": 22, "code": "asdff", "name": "tes", "collHeads": {"java.util.ArrayList": [{"cn.ruleengine.core.decisiontable.CollHead": {"name": "条件", "operator": {"cn.ruleengine.core.condition.Operator": "EQ"}, "leftValue": {"cn.ruleengine.core.value.Constant": {"value": "123", "valueType": {"cn.ruleengine.core.value.ValueType": "STRING"}}}}}]}, "description": null, "workspaceId": 1, "decisionTree": {"java.util.TreeMap": {"1": {"java.util.ArrayList": [{"cn.ruleengine.core.decisiontable.Row": {"colls": {"java.util.ArrayList": [{"cn.ruleengine.core.decisiontable.Coll": {"rightValue": {"cn.ruleengine.core.value.Constant": {"value": "123", "valueType": {"cn.ruleengine.core.value.ValueType": "STRING"}}}}}]}, "order": 0, "action": {"cn.ruleengine.core.value.Constant": {"value": "123", "valueType": {"cn.ruleengine.core.value.ValueType": "STRING"}}}, "priority": 1}}, {"cn.ruleengine.core.decisiontable.Row": {"colls": {"java.util.ArrayList": [{"cn.ruleengine.core.decisiontable.Coll": {"rightValue": {"cn.ruleengine.core.value.Constant": {"value": "1", "valueType": {"cn.ruleengine.core.value.ValueType": "STRING"}}}}}]}, "order": 1, "action": {"cn.ruleengine.core.value.Constant": {"value": "111", "valueType": {"cn.ruleengine.core.value.ValueType": "STRING"}}}, "priority": 1}}]}}}, "strategyType": {"cn.ruleengine.core.decisiontable.DecisionTableStrategyType": "ALL_PRIORITY"}, "abnormalAlarm": {"cn.ruleengine.core.rule.AbnormalAlarm": {"email": null, "enable": false, "timeOutThreshold": 3000}}, "workspaceCode": "default", "defaultActionValue": null}}', 1, '2021-01-06 04:59:50', '2021-01-06 04:59:50', 1);
INSERT INTO boot_engine.rule_engine_decision_table_publish (id, decision_table_id, decision_table_code, workspace_id, workspace_code, data, status, create_time, update_time, deleted) VALUES (239, 22, 'asdff', 1, 'default', '{"cn.ruleengine.core.decisiontable.DecisionTable": {"id": 22, "code": "asdff", "name": "tes", "collHeads": {"java.util.ArrayList": [{"cn.ruleengine.core.decisiontable.CollHead": {"name": "条件", "operator": {"cn.ruleengine.core.condition.Operator": "EQ"}, "leftValue": {"cn.ruleengine.core.value.Constant": {"value": "123", "valueType": {"cn.ruleengine.core.value.ValueType": "STRING"}}}}}]}, "description": null, "workspaceId": 1, "decisionTree": {"java.util.TreeMap": {"1": {"java.util.ArrayList": [{"cn.ruleengine.core.decisiontable.Row": {"colls": {"java.util.ArrayList": [{"cn.ruleengine.core.decisiontable.Coll": {"rightValue": {"cn.ruleengine.core.value.Constant": {"value": "123", "valueType": {"cn.ruleengine.core.value.ValueType": "STRING"}}}}}]}, "order": 0, "action": {"cn.ruleengine.core.value.Constant": {"value": "123", "valueType": {"cn.ruleengine.core.value.ValueType": "STRING"}}}, "priority": 1}}, {"cn.ruleengine.core.decisiontable.Row": {"colls": {"java.util.ArrayList": [{"cn.ruleengine.core.decisiontable.Coll": {"rightValue": {"cn.ruleengine.core.value.Constant": {"value": "1", "valueType": {"cn.ruleengine.core.value.ValueType": "STRING"}}}}}]}, "order": 1, "action": {"cn.ruleengine.core.value.Constant": {"value": "111", "valueType": {"cn.ruleengine.core.value.ValueType": "STRING"}}}, "priority": 1}}]}}}, "strategyType": {"cn.ruleengine.core.decisiontable.DecisionTableStrategyType": "ALL_PRIORITY"}, "abnormalAlarm": {"cn.ruleengine.core.rule.AbnormalAlarm": {"email": null, "enable": false, "timeOutThreshold": 3000}}, "workspaceCode": "default", "defaultActionValue": null}}', 1, '2021-01-06 05:25:54', '2021-01-06 05:25:54', 1);
INSERT INTO boot_engine.rule_engine_decision_table_publish (id, decision_table_id, decision_table_code, workspace_id, workspace_code, data, status, create_time, update_time, deleted) VALUES (240, 22, 'asdff', 1, 'default', '{"cn.ruleengine.core.decisiontable.DecisionTable": {"id": 22, "code": "asdff", "name": "tes", "collHeads": {"java.util.ArrayList": [{"cn.ruleengine.core.decisiontable.CollHead": {"name": "条件", "operator": {"cn.ruleengine.core.condition.Operator": "EQ"}, "leftValue": {"cn.ruleengine.core.value.Constant": {"value": "123", "valueType": {"cn.ruleengine.core.value.ValueType": "STRING"}}}}}]}, "description": null, "workspaceId": 1, "decisionTree": {"java.util.TreeMap": {"1": {"java.util.ArrayList": [{"cn.ruleengine.core.decisiontable.Row": {"colls": {"java.util.ArrayList": [{"cn.ruleengine.core.decisiontable.Coll": {"rightValue": {"cn.ruleengine.core.value.Constant": {"value": "123", "valueType": {"cn.ruleengine.core.value.ValueType": "STRING"}}}}}]}, "order": 0, "action": {"cn.ruleengine.core.value.Constant": {"value": "123", "valueType": {"cn.ruleengine.core.value.ValueType": "STRING"}}}, "priority": 1}}, {"cn.ruleengine.core.decisiontable.Row": {"colls": {"java.util.ArrayList": [{"cn.ruleengine.core.decisiontable.Coll": {"rightValue": {"cn.ruleengine.core.value.Constant": {"value": "1", "valueType": {"cn.ruleengine.core.value.ValueType": "STRING"}}}}}]}, "order": 1, "action": {"cn.ruleengine.core.value.Constant": {"value": "111", "valueType": {"cn.ruleengine.core.value.ValueType": "STRING"}}}, "priority": 1}}]}}}, "strategyType": {"cn.ruleengine.core.decisiontable.DecisionTableStrategyType": "ALL_PRIORITY"}, "abnormalAlarm": {"cn.ruleengine.core.rule.AbnormalAlarm": {"email": null, "enable": false, "timeOutThreshold": 3000}}, "workspaceCode": "default", "defaultActionValue": null}}', 1, '2021-01-06 05:34:16', '2021-01-06 05:34:16', 0);
INSERT INTO boot_engine.rule_engine_decision_table_publish (id, decision_table_id, decision_table_code, workspace_id, workspace_code, data, status, create_time, update_time, deleted) VALUES (241, 23, 'a1', 1, 'default', '{"cn.ruleengine.core.decisiontable.DecisionTable": {"id": 23, "code": "a1", "name": "1", "collHeads": {"java.util.ArrayList": [{"cn.ruleengine.core.decisiontable.CollHead": {"name": "条件", "operator": {"cn.ruleengine.core.condition.Operator": "GT"}, "leftValue": {"cn.ruleengine.core.value.Element": {"elementId": 66, "valueType": {"cn.ruleengine.core.value.ValueType": "NUMBER"}, "elementCode": "age"}}}}]}, "description": null, "workspaceId": 1, "decisionTree": {"java.util.TreeMap": {"1": {"java.util.ArrayList": [{"cn.ruleengine.core.decisiontable.Row": {"colls": {"java.util.ArrayList": [{"cn.ruleengine.core.decisiontable.Coll": {"rightValue": {"cn.ruleengine.core.value.Constant": {"value": {"java.math.BigDecimal": 10}, "valueType": {"cn.ruleengine.core.value.ValueType": "NUMBER"}}}}}]}, "order": 0, "action": {"cn.ruleengine.core.value.Constant": {"value": {"java.math.BigDecimal": 5}, "valueType": {"cn.ruleengine.core.value.ValueType": "NUMBER"}}}, "priority": 1}}]}}}, "strategyType": {"cn.ruleengine.core.decisiontable.DecisionTableStrategyType": "HIGHEST_PRIORITY_SINGLE"}, "abnormalAlarm": {"cn.ruleengine.core.rule.AbnormalAlarm": {"email": null, "enable": false, "timeOutThreshold": 3000}}, "workspaceCode": "default", "defaultActionValue": {"cn.ruleengine.core.value.Constant": {"value": {"java.math.BigDecimal": 1}, "valueType": {"cn.ruleengine.core.value.ValueType": "NUMBER"}}}}}', 1, '2021-01-07 02:28:43', '2021-01-07 02:28:43', 1);
INSERT INTO boot_engine.rule_engine_decision_table_publish (id, decision_table_id, decision_table_code, workspace_id, workspace_code, data, status, create_time, update_time, deleted) VALUES (242, 23, 'a1', 1, 'default', '{"cn.ruleengine.core.decisiontable.DecisionTable": {"id": 23, "code": "a1", "name": "1", "collHeads": {"java.util.ArrayList": [{"cn.ruleengine.core.decisiontable.CollHead": {"name": "条件", "operator": {"cn.ruleengine.core.condition.Operator": "GT"}, "leftValue": {"cn.ruleengine.core.value.Element": {"elementId": 66, "valueType": {"cn.ruleengine.core.value.ValueType": "NUMBER"}, "elementCode": "age"}}}}]}, "description": null, "workspaceId": 1, "decisionTree": {"java.util.TreeMap": {"1": {"java.util.ArrayList": [{"cn.ruleengine.core.decisiontable.Row": {"colls": {"java.util.ArrayList": [{"cn.ruleengine.core.decisiontable.Coll": {"rightValue": {"cn.ruleengine.core.value.Constant": {"value": {"java.math.BigDecimal": 10}, "valueType": {"cn.ruleengine.core.value.ValueType": "NUMBER"}}}}}]}, "order": 0, "action": {"cn.ruleengine.core.value.Constant": {"value": {"java.math.BigDecimal": 5}, "valueType": {"cn.ruleengine.core.value.ValueType": "NUMBER"}}}, "priority": 1}}]}}}, "strategyType": {"cn.ruleengine.core.decisiontable.DecisionTableStrategyType": "HIGHEST_PRIORITY_SINGLE"}, "abnormalAlarm": {"cn.ruleengine.core.rule.AbnormalAlarm": {"email": null, "enable": false, "timeOutThreshold": 3000}}, "workspaceCode": "default", "defaultActionValue": {"cn.ruleengine.core.value.Constant": {"value": {"java.math.BigDecimal": 1}, "valueType": {"cn.ruleengine.core.value.ValueType": "NUMBER"}}}}}', 1, '2021-01-07 02:29:13', '2021-01-07 02:29:13', 1);
INSERT INTO boot_engine.rule_engine_decision_table_publish (id, decision_table_id, decision_table_code, workspace_id, workspace_code, data, status, create_time, update_time, deleted) VALUES (243, 23, 'a1', 1, 'default', '{"cn.ruleengine.core.decisiontable.DecisionTable": {"id": 23, "code": "a1", "name": "1", "collHeads": {"java.util.ArrayList": [{"cn.ruleengine.core.decisiontable.CollHead": {"name": "条件", "operator": {"cn.ruleengine.core.condition.Operator": "GT"}, "leftValue": {"cn.ruleengine.core.value.Element": {"elementId": 66, "valueType": {"cn.ruleengine.core.value.ValueType": "NUMBER"}, "elementCode": "age"}}}}]}, "description": null, "workspaceId": 1, "decisionTree": {"java.util.TreeMap": {"1": {"java.util.ArrayList": [{"cn.ruleengine.core.decisiontable.Row": {"colls": {"java.util.ArrayList": [{"cn.ruleengine.core.decisiontable.Coll": {"rightValue": {"cn.ruleengine.core.value.Constant": {"value": {"java.math.BigDecimal": 10}, "valueType": {"cn.ruleengine.core.value.ValueType": "NUMBER"}}}}}]}, "order": 0, "action": {"cn.ruleengine.core.value.Constant": {"value": {"java.math.BigDecimal": 5}, "valueType": {"cn.ruleengine.core.value.ValueType": "NUMBER"}}}, "priority": 1}}]}}}, "strategyType": {"cn.ruleengine.core.decisiontable.DecisionTableStrategyType": "HIGHEST_PRIORITY_SINGLE"}, "abnormalAlarm": {"cn.ruleengine.core.rule.AbnormalAlarm": {"email": null, "enable": false, "timeOutThreshold": 3000}}, "workspaceCode": "default", "defaultActionValue": {"cn.ruleengine.core.value.Constant": {"value": {"java.math.BigDecimal": 1}, "valueType": {"cn.ruleengine.core.value.ValueType": "NUMBER"}}}}}', 1, '2021-01-07 04:18:20', '2021-01-07 04:18:20', 0);
create table rule_engine_element
(
    id               int auto_increment
        primary key,
    name             varchar(50)  not null,
    code             varchar(50)  not null,
    workspace_id     int          null,
    create_user_id   int          null,
    create_user_name varchar(50)  null,
    value_type       varchar(20)  null,
    description      varchar(500) null,
    create_time      timestamp    null,
    update_time      timestamp    null,
    deleted          tinyint      null
)
    charset = utf8;

create index rule_engine_element_name_code_index
    on rule_engine_element (name, code);

INSERT INTO boot_engine.rule_engine_element (id, name, code, workspace_id, create_user_id, create_user_name, value_type, description, create_time, update_time, deleted) VALUES (60, '字符串元素', 'ele-string', 1, null, null, 'STRING', null, '2020-08-20 02:05:43', '2020-08-20 02:05:43', 0);
INSERT INTO boot_engine.rule_engine_element (id, name, code, workspace_id, create_user_id, create_user_name, value_type, description, create_time, update_time, deleted) VALUES (61, '集合元素', 'ele-collection', 1, null, null, 'COLLECTION', null, '2020-08-20 02:05:43', '2020-08-20 02:05:43', 0);
INSERT INTO boot_engine.rule_engine_element (id, name, code, workspace_id, create_user_id, create_user_name, value_type, description, create_time, update_time, deleted) VALUES (66, '年龄', 'age', 1, null, null, 'NUMBER', null, '2020-08-27 00:14:03', '2020-08-27 00:14:03', 0);
INSERT INTO boot_engine.rule_engine_element (id, name, code, workspace_id, create_user_id, create_user_name, value_type, description, create_time, update_time, deleted) VALUES (67, 'vip等级', 'vipLevel', 1, null, null, 'NUMBER', null, '2020-08-27 00:14:34', '2020-08-27 00:14:34', 0);
INSERT INTO boot_engine.rule_engine_element (id, name, code, workspace_id, create_user_id, create_user_name, value_type, description, create_time, update_time, deleted) VALUES (68, '消费金额', 'AmountOfConsumption', 1, null, null, 'NUMBER', null, '2020-08-27 00:16:35', '2020-08-27 00:16:35', 0);
INSERT INTO boot_engine.rule_engine_element (id, name, code, workspace_id, create_user_id, create_user_name, value_type, description, create_time, update_time, deleted) VALUES (69, '家庭地址（省份）', 'HomeAddressProvince', 1, null, null, 'STRING', null, '2020-08-27 01:01:40', '2020-08-27 01:05:12', 0);
INSERT INTO boot_engine.rule_engine_element (id, name, code, workspace_id, create_user_id, create_user_name, value_type, description, create_time, update_time, deleted) VALUES (70, '学历', 'education', 1, null, null, 'STRING', null, '2020-08-27 01:07:30', '2020-08-27 01:07:30', 0);
INSERT INTO boot_engine.rule_engine_element (id, name, code, workspace_id, create_user_id, create_user_name, value_type, description, create_time, update_time, deleted) VALUES (71, '家庭地址（市区）', 'HomeAddressCityArea', 1, null, null, 'STRING', null, '2020-08-27 01:13:40', '2020-08-27 01:17:20', 0);
INSERT INTO boot_engine.rule_engine_element (id, name, code, workspace_id, create_user_id, create_user_name, value_type, description, create_time, update_time, deleted) VALUES (72, '数值', 'number', 1, null, null, 'NUMBER', null, '2020-08-28 14:47:06', '2020-08-28 14:47:06', 0);
INSERT INTO boot_engine.rule_engine_element (id, name, code, workspace_id, create_user_id, create_user_name, value_type, description, create_time, update_time, deleted) VALUES (73, '邮件内容', 'youjianneirong', 1, null, null, 'STRING', null, '2020-08-29 01:33:44', '2020-08-29 01:33:44', 0);
INSERT INTO boot_engine.rule_engine_element (id, name, code, workspace_id, create_user_id, create_user_name, value_type, description, create_time, update_time, deleted) VALUES (74, '邮件标题', 'youjianbiaoti', 1, null, null, 'STRING', '123', '2020-08-29 01:34:12', '2020-08-30 11:46:01', 0);
INSERT INTO boot_engine.rule_engine_element (id, name, code, workspace_id, create_user_id, create_user_name, value_type, description, create_time, update_time, deleted) VALUES (76, '身份证', 'identityCard', 1, null, null, 'STRING', null, '2020-09-02 13:36:00', '2020-09-02 13:36:00', 0);
INSERT INTO boot_engine.rule_engine_element (id, name, code, workspace_id, create_user_id, create_user_name, value_type, description, create_time, update_time, deleted) VALUES (77, '号码', 'phone', 1, null, null, 'STRING', null, '2020-09-10 18:07:45', '2020-09-10 18:07:45', 0);
INSERT INTO boot_engine.rule_engine_element (id, name, code, workspace_id, create_user_id, create_user_name, value_type, description, create_time, update_time, deleted) VALUES (81, '注册时间（时间戳）', 'registrationTime', 1, null, null, 'NUMBER', null, '2020-11-13 19:04:31', '2020-11-13 19:04:31', 0);
INSERT INTO boot_engine.rule_engine_element (id, name, code, workspace_id, create_user_id, create_user_name, value_type, description, create_time, update_time, deleted) VALUES (82, '邮件收件人1', 'mailRecipient', 1, null, null, 'COLLECTION', null, '2020-11-13 19:23:02', '2020-12-21 10:00:14', 0);
INSERT INTO boot_engine.rule_engine_element (id, name, code, workspace_id, create_user_id, create_user_name, value_type, description, create_time, update_time, deleted) VALUES (94, '定期存款期限', 'fixedDeposit', 1, null, null, 'NUMBER', null, '2020-12-07 11:20:26', '2020-12-07 11:20:26', 0);
INSERT INTO boot_engine.rule_engine_element (id, name, code, workspace_id, create_user_id, create_user_name, value_type, description, create_time, update_time, deleted) VALUES (95, '账户最低存款额度', 'lowestLimit', 1, null, null, 'NUMBER', null, '2020-12-07 11:21:39', '2020-12-07 11:21:39', 0);
INSERT INTO boot_engine.rule_engine_element (id, name, code, workspace_id, create_user_id, create_user_name, value_type, description, create_time, update_time, deleted) VALUES (96, '每笔存款送多少', 'send', 1, null, null, 'NUMBER', null, '2020-12-07 11:21:56', '2020-12-07 11:21:56', 0);
INSERT INTO boot_engine.rule_engine_element (id, name, code, workspace_id, create_user_id, create_user_name, value_type, description, create_time, update_time, deleted) VALUES (97, '存款', 'asdsadsa', 1, null, null, 'NUMBER', null, '2020-12-07 16:10:14', '2020-12-07 16:10:14', 0);
INSERT INTO boot_engine.rule_engine_element (id, name, code, workspace_id, create_user_id, create_user_name, value_type, description, create_time, update_time, deleted) VALUES (98, '定期存款年限', 'fixedMoney', 1, null, null, 'NUMBER', null, '2020-12-07 16:26:04', '2020-12-13 06:47:28', 0);
INSERT INTO boot_engine.rule_engine_element (id, name, code, workspace_id, create_user_id, create_user_name, value_type, description, create_time, update_time, deleted) VALUES (105, '年收入', 'annualIncome', 1, 1, 'dqw', 'NUMBER', null, '2020-12-16 10:34:01', '2020-12-16 10:34:01', 0);
INSERT INTO boot_engine.rule_engine_element (id, name, code, workspace_id, create_user_id, create_user_name, value_type, description, create_time, update_time, deleted) VALUES (114, '性别', 'sex', 1, 1, 'dqw', 'STRING', null, '2020-12-25 03:18:20', '2020-12-25 03:18:20', 0);
INSERT INTO boot_engine.rule_engine_element (id, name, code, workspace_id, create_user_id, create_user_name, value_type, description, create_time, update_time, deleted) VALUES (115, '身高', 'height', 1, 1, 'dqw', 'NUMBER', null, '2020-12-25 03:22:13', '2020-12-25 03:22:13', 0);
INSERT INTO boot_engine.rule_engine_element (id, name, code, workspace_id, create_user_id, create_user_name, value_type, description, create_time, update_time, deleted) VALUES (116, '年级', 'grade', 1, 1, 'dqw', 'NUMBER', null, '2020-12-25 03:55:16', '2020-12-25 03:55:16', 0);
INSERT INTO boot_engine.rule_engine_element (id, name, code, workspace_id, create_user_id, create_user_name, value_type, description, create_time, update_time, deleted) VALUES (117, '健康状况', 'healthStatus', 1, 1, 'dqw', 'STRING', null, '2020-12-25 03:58:24', '2020-12-25 03:58:24', 0);
INSERT INTO boot_engine.rule_engine_element (id, name, code, workspace_id, create_user_id, create_user_name, value_type, description, create_time, update_time, deleted) VALUES (118, '班级', 'class', 1, 1, 'dqw', 'STRING', null, '2020-12-25 04:02:10', '2020-12-25 04:02:10', 0);
INSERT INTO boot_engine.rule_engine_element (id, name, code, workspace_id, create_user_id, create_user_name, value_type, description, create_time, update_time, deleted) VALUES (119, '专业', 'major', 1, 1, 'dqw', 'STRING', null, '2020-12-25 04:04:07', '2020-12-25 04:04:07', 0);
INSERT INTO boot_engine.rule_engine_element (id, name, code, workspace_id, create_user_id, create_user_name, value_type, description, create_time, update_time, deleted) VALUES (120, '压力', 'carPress', 1, 2, 'lq', 'NUMBER', 'a', '2020-12-28 02:43:55', '2020-12-29 15:44:55', 0);
INSERT INTO boot_engine.rule_engine_element (id, name, code, workspace_id, create_user_id, create_user_name, value_type, description, create_time, update_time, deleted) VALUES (122, '布尔元素', 'boolean', 1, 1, 'dqw', 'BOOLEAN', null, '2021-01-03 17:47:22', '2021-01-03 17:47:22', 0);
create table rule_engine_function
(
    id                int auto_increment
        primary key,
    name              varchar(50)                         null,
    description       varchar(500)                        null,
    executor          varchar(50)                         not null,
    return_value_type varchar(50)                         null,
    create_time       timestamp default CURRENT_TIMESTAMP not null on update CURRENT_TIMESTAMP,
    update_time       timestamp                           null,
    deleted           tinyint                             null
)
    charset = utf8;

INSERT INTO boot_engine.rule_engine_function (id, name, description, executor, return_value_type, create_time, update_time, deleted) VALUES (1, '是否为邮箱', '是否为邮箱函数', 'isEmailFunction', 'BOOLEAN', '2020-09-11 20:26:14', '2020-07-16 13:00:43', 0);
INSERT INTO boot_engine.rule_engine_function (id, name, description, executor, return_value_type, create_time, update_time, deleted) VALUES (2, '是否为空集合', '是否为空集合函数', 'isEmptyCollectionFunction', 'BOOLEAN', '2020-09-11 20:26:14', '2020-07-19 18:54:10', 0);
INSERT INTO boot_engine.rule_engine_function (id, name, description, executor, return_value_type, create_time, update_time, deleted) VALUES (3, '发送邮件', '发送邮件函数', 'sendEmailFunction', 'BOOLEAN', '2020-09-11 20:26:14', '2020-08-18 17:06:45', 0);
INSERT INTO boot_engine.rule_engine_function (id, name, description, executor, return_value_type, create_time, update_time, deleted) VALUES (4, '求集合大小', null, 'collectionSizeFunction', 'NUMBER', '2020-09-11 20:26:14', '2020-08-28 14:39:39', 0);
INSERT INTO boot_engine.rule_engine_function (id, name, description, executor, return_value_type, create_time, update_time, deleted) VALUES (6, '是否为空字符串', '', 'isEmptyFunction', 'BOOLEAN', '2020-11-15 00:28:25', '2020-08-28 14:43:52', 0);
INSERT INTO boot_engine.rule_engine_function (id, name, description, executor, return_value_type, create_time, update_time, deleted) VALUES (7, '求绝对值', null, 'mathAbsFunction', 'NUMBER', '2020-09-11 20:26:14', '2020-08-28 14:45:04', 0);
INSERT INTO boot_engine.rule_engine_function (id, name, description, executor, return_value_type, create_time, update_time, deleted) VALUES (8, '返回集合中第几个元素', '不存在则返回null', 'getCollectionElementsFunction', 'STRING', '2020-09-11 20:26:14', '2020-08-30 02:05:37', 0);
INSERT INTO boot_engine.rule_engine_function (id, name, description, executor, return_value_type, create_time, update_time, deleted) VALUES (9, '在..之间', '', 'isBetweenFunction', 'BOOLEAN', '2020-09-11 20:26:14', '2020-08-30 02:16:51', 0);
INSERT INTO boot_engine.rule_engine_function (id, name, description, executor, return_value_type, create_time, update_time, deleted) VALUES (10, '求平均值', '集合中必须为number类型的值', 'avgFunction', 'NUMBER', '2020-09-11 20:26:14', '2020-09-01 13:41:44', 0);
INSERT INTO boot_engine.rule_engine_function (id, name, description, executor, return_value_type, create_time, update_time, deleted) VALUES (11, '集合中最大值', '集合中必须为number类型的值', 'collectionMaxFunction', 'NUMBER', '2020-09-11 20:26:14', '2020-09-01 13:48:32', 0);
INSERT INTO boot_engine.rule_engine_function (id, name, description, executor, return_value_type, create_time, update_time, deleted) VALUES (12, '集合中最小值', '集合中必须为number类型的值', 'collectionMinFunction', 'NUMBER', '2020-09-11 20:26:14', '2020-09-01 13:49:12', 0);
INSERT INTO boot_engine.rule_engine_function (id, name, description, executor, return_value_type, create_time, update_time, deleted) VALUES (13, '字符串的长度', '', 'stringLengthFunction', 'NUMBER', '2020-09-11 20:26:14', '2020-09-01 13:50:13', 0);
INSERT INTO boot_engine.rule_engine_function (id, name, description, executor, return_value_type, create_time, update_time, deleted) VALUES (14, '字符串去除前后空格', null, 'stringTrimFunction', 'STRING', '2020-09-11 20:26:14', '2020-09-01 13:51:14', 0);
INSERT INTO boot_engine.rule_engine_function (id, name, description, executor, return_value_type, create_time, update_time, deleted) VALUES (15, '求和', '集合中必须为number类型的值', 'sumFunction', 'NUMBER', '2020-09-11 20:26:14', '2020-09-01 13:52:08', 0);
INSERT INTO boot_engine.rule_engine_function (id, name, description, executor, return_value_type, create_time, update_time, deleted) VALUES (16, '验证是否为手机号码', null, 'isMobileFunction', 'BOOLEAN', '2020-09-11 20:26:14', '2020-09-01 13:53:17', 0);
INSERT INTO boot_engine.rule_engine_function (id, name, description, executor, return_value_type, create_time, update_time, deleted) VALUES (17, '是否为身份证', null, 'isCitizenIdFunction', 'BOOLEAN', '2020-09-11 20:26:14', '2020-09-01 13:54:34', 0);
INSERT INTO boot_engine.rule_engine_function (id, name, description, executor, return_value_type, create_time, update_time, deleted) VALUES (18, '字符串转为集合', null, 'stringToCollectionFunction', 'COLLECTION', '2020-09-11 20:26:14', '2020-09-01 14:33:48', 0);
INSERT INTO boot_engine.rule_engine_function (id, name, description, executor, return_value_type, create_time, update_time, deleted) VALUES (21, '字符串替换', null, 'stringReplaceFunction', 'STRING', '2020-11-18 23:50:09', '2020-11-18 23:50:10', 0);
INSERT INTO boot_engine.rule_engine_function (id, name, description, executor, return_value_type, create_time, update_time, deleted) VALUES (22, '集合去除重复', null, 'collectionDeduplicationFunction', 'COLLECTION', '2020-11-19 00:00:03', '2020-11-19 00:00:05', 0);
INSERT INTO boot_engine.rule_engine_function (id, name, description, executor, return_value_type, create_time, update_time, deleted) VALUES (23, '获取当前时间', null, 'currentDateFunction', 'STRING', '2020-11-19 00:37:33', '2020-11-19 00:37:34', 0);
INSERT INTO boot_engine.rule_engine_function (id, name, description, executor, return_value_type, create_time, update_time, deleted) VALUES (24, '获取手机号码所在省份', null, 'mobilePhoneProvinceFunction', 'STRING', '2020-12-13 13:28:58', '2020-12-13 13:28:59', 0);
INSERT INTO boot_engine.rule_engine_function (id, name, description, executor, return_value_type, create_time, update_time, deleted) VALUES (25, '获取JSON中指定的值返回STRING类型', '例如：JOSN数据为:{"name":"abc"},获取name的值通过JSON值路径配置为$.name,更多使用方法待文档补全。', 'parseJsonStringFunction', 'STRING', '2020-12-13 13:56:04', '2020-12-13 13:50:52', 0);
INSERT INTO boot_engine.rule_engine_function (id, name, description, executor, return_value_type, create_time, update_time, deleted) VALUES (26, '获取JSON中指定的值返回NUMBER类型', '例如：JOSN数据为:{"age":"18"},获取name的值通过JSON值路径配置为$.age,更多使用方法待文档补全。', 'parseJsonNumberFunction', 'NUMBER', '2020-12-13 14:08:28', '2020-12-13 14:08:29', 0);
INSERT INTO boot_engine.rule_engine_function (id, name, description, executor, return_value_type, create_time, update_time, deleted) VALUES (27, '字母转小写', null, 'letterToLowerCaseFunction', 'STRING', '2020-12-24 00:16:07', '2020-12-24 00:16:08', 0);
INSERT INTO boot_engine.rule_engine_function (id, name, description, executor, return_value_type, create_time, update_time, deleted) VALUES (28, '字母转大写', null, 'letterToUpperCaseFunction', 'STRING', '2020-12-24 00:16:38', '2020-12-24 00:16:39', 0);
create table rule_engine_function_param
(
    id          int auto_increment
        primary key,
    function_id int                                 not null,
    param_name  varchar(100)                        null,
    param_code  varchar(100)                        null,
    value_type  varchar(50)                         null,
    create_time timestamp default CURRENT_TIMESTAMP not null on update CURRENT_TIMESTAMP,
    update_time timestamp                           null,
    deleted     tinyint                             null
)
    charset = utf8;

create index rule_engine_function_param_function_id_index
    on rule_engine_function_param (function_id);

INSERT INTO boot_engine.rule_engine_function_param (id, function_id, param_name, param_code, value_type, create_time, update_time, deleted) VALUES (1, 1, '普通参数', 'value', 'STRING', '2020-08-27 17:43:54', '2020-07-16 13:01:21', 0);
INSERT INTO boot_engine.rule_engine_function_param (id, function_id, param_name, param_code, value_type, create_time, update_time, deleted) VALUES (2, 2, '集合', 'list', 'COLLECTION', '2020-08-27 17:43:53', '2020-07-19 18:54:39', 0);
INSERT INTO boot_engine.rule_engine_function_param (id, function_id, param_name, param_code, value_type, create_time, update_time, deleted) VALUES (3, 3, '服务器地址', 'mailSmtpHost', 'STRING', '2020-08-28 14:40:49', '2020-08-18 17:09:05', 0);
INSERT INTO boot_engine.rule_engine_function_param (id, function_id, param_name, param_code, value_type, create_time, update_time, deleted) VALUES (4, 3, '发送人', 'user', 'STRING', '2020-08-28 14:40:49', '2020-08-18 17:09:20', 0);
INSERT INTO boot_engine.rule_engine_function_param (id, function_id, param_name, param_code, value_type, create_time, update_time, deleted) VALUES (5, 3, '发送人密码', 'password', 'STRING', '2020-08-28 14:40:49', '2020-08-18 17:09:44', 0);
INSERT INTO boot_engine.rule_engine_function_param (id, function_id, param_name, param_code, value_type, create_time, update_time, deleted) VALUES (6, 3, '邮件接收人', 'tos', 'COLLECTION', '2020-08-27 17:43:54', '2020-08-18 17:10:07', 0);
INSERT INTO boot_engine.rule_engine_function_param (id, function_id, param_name, param_code, value_type, create_time, update_time, deleted) VALUES (7, 3, '邮件标题', 'title', 'STRING', '2020-08-27 17:43:53', '2020-08-18 17:10:33', 0);
INSERT INTO boot_engine.rule_engine_function_param (id, function_id, param_name, param_code, value_type, create_time, update_time, deleted) VALUES (8, 3, '邮件内容', 'text', 'STRING', '2020-08-27 17:43:53', '2020-08-18 17:10:50', 0);
INSERT INTO boot_engine.rule_engine_function_param (id, function_id, param_name, param_code, value_type, create_time, update_time, deleted) VALUES (9, 4, '集合', 'list', 'COLLECTION', '2020-08-28 14:40:29', '2020-08-28 14:40:31', 0);
INSERT INTO boot_engine.rule_engine_function_param (id, function_id, param_name, param_code, value_type, create_time, update_time, deleted) VALUES (11, 6, '字符串', 'value', 'STRING', '2020-08-28 14:44:22', '2020-08-28 14:44:24', 0);
INSERT INTO boot_engine.rule_engine_function_param (id, function_id, param_name, param_code, value_type, create_time, update_time, deleted) VALUES (12, 7, '数值', 'value', 'NUMBER', '2020-08-28 14:45:28', '2020-08-28 14:45:30', 0);
INSERT INTO boot_engine.rule_engine_function_param (id, function_id, param_name, param_code, value_type, create_time, update_time, deleted) VALUES (13, 3, '端口号', 'mailSmtpPort', 'NUMBER', '2020-08-29 01:36:00', '2020-08-29 01:36:02', 0);
INSERT INTO boot_engine.rule_engine_function_param (id, function_id, param_name, param_code, value_type, create_time, update_time, deleted) VALUES (14, 8, '集合', 'list', 'COLLECTION', '2020-08-30 02:06:06', '2020-08-30 02:06:07', 0);
INSERT INTO boot_engine.rule_engine_function_param (id, function_id, param_name, param_code, value_type, create_time, update_time, deleted) VALUES (15, 8, '索引', 'index', 'NUMBER', '2020-08-30 02:06:24', '2020-08-30 02:06:25', 0);
INSERT INTO boot_engine.rule_engine_function_param (id, function_id, param_name, param_code, value_type, create_time, update_time, deleted) VALUES (16, 9, '数值', 'value', 'NUMBER', '2020-08-30 02:17:18', '2020-08-30 02:17:19', 0);
INSERT INTO boot_engine.rule_engine_function_param (id, function_id, param_name, param_code, value_type, create_time, update_time, deleted) VALUES (17, 9, '最小', 'min', 'NUMBER', '2020-08-30 02:17:37', '2020-08-30 02:17:39', 0);
INSERT INTO boot_engine.rule_engine_function_param (id, function_id, param_name, param_code, value_type, create_time, update_time, deleted) VALUES (18, 9, '最大', 'max', 'NUMBER', '2020-08-30 02:17:57', '2020-08-30 02:17:58', 0);
INSERT INTO boot_engine.rule_engine_function_param (id, function_id, param_name, param_code, value_type, create_time, update_time, deleted) VALUES (19, 10, '集合', 'list', 'COLLECTION', '2020-09-01 13:55:40', '2020-09-01 13:42:10', 0);
INSERT INTO boot_engine.rule_engine_function_param (id, function_id, param_name, param_code, value_type, create_time, update_time, deleted) VALUES (20, 10, '小树位', 'scale', 'NUMBER', '2020-09-01 13:55:40', '2020-09-01 13:46:31', 0);
INSERT INTO boot_engine.rule_engine_function_param (id, function_id, param_name, param_code, value_type, create_time, update_time, deleted) VALUES (21, 11, '集合', 'list', 'COLLECTION', '2020-09-01 13:55:40', '2020-09-01 13:46:31', 0);
INSERT INTO boot_engine.rule_engine_function_param (id, function_id, param_name, param_code, value_type, create_time, update_time, deleted) VALUES (22, 12, '集合', 'list', 'COLLECTION', '2020-09-01 13:55:40', '2020-09-01 13:49:34', 0);
INSERT INTO boot_engine.rule_engine_function_param (id, function_id, param_name, param_code, value_type, create_time, update_time, deleted) VALUES (23, 13, '字符串', 'value', 'STRING', '2020-09-01 13:55:40', '2020-09-01 13:50:41', 0);
INSERT INTO boot_engine.rule_engine_function_param (id, function_id, param_name, param_code, value_type, create_time, update_time, deleted) VALUES (24, 14, '字符串', 'value', 'STRING', '2020-09-01 13:55:40', '2020-09-01 13:51:30', 0);
INSERT INTO boot_engine.rule_engine_function_param (id, function_id, param_name, param_code, value_type, create_time, update_time, deleted) VALUES (25, 15, '集合', 'list', 'COLLECTION', '2020-09-01 13:55:39', '2020-09-01 13:46:31', 0);
INSERT INTO boot_engine.rule_engine_function_param (id, function_id, param_name, param_code, value_type, create_time, update_time, deleted) VALUES (26, 16, '手机号', 'mobile', 'STRING', '2020-09-01 13:55:39', '2020-09-01 13:53:56', 0);
INSERT INTO boot_engine.rule_engine_function_param (id, function_id, param_name, param_code, value_type, create_time, update_time, deleted) VALUES (27, 17, '身份证号', 'citizenId', 'STRING', '2020-09-01 13:55:39', '2020-09-01 13:54:59', 0);
INSERT INTO boot_engine.rule_engine_function_param (id, function_id, param_name, param_code, value_type, create_time, update_time, deleted) VALUES (28, 18, '字符串', 'value', 'STRING', '2020-09-01 14:34:22', '2020-09-01 14:34:24', 0);
INSERT INTO boot_engine.rule_engine_function_param (id, function_id, param_name, param_code, value_type, create_time, update_time, deleted) VALUES (29, 18, '分隔符', 'regex', 'STRING', '2020-09-01 14:34:51', '2020-09-01 14:34:52', 0);
INSERT INTO boot_engine.rule_engine_function_param (id, function_id, param_name, param_code, value_type, create_time, update_time, deleted) VALUES (30, 21, '字符串', 'value', 'STRING', '2020-11-18 23:50:55', '2020-11-18 23:50:57', 0);
INSERT INTO boot_engine.rule_engine_function_param (id, function_id, param_name, param_code, value_type, create_time, update_time, deleted) VALUES (31, 21, '目标', 'target', 'STRING', '2020-11-18 23:51:28', '2020-11-18 23:51:30', 0);
INSERT INTO boot_engine.rule_engine_function_param (id, function_id, param_name, param_code, value_type, create_time, update_time, deleted) VALUES (32, 21, '替身', 'replacement', 'STRING', '2020-11-18 23:51:51', '2020-11-18 23:51:52', 0);
INSERT INTO boot_engine.rule_engine_function_param (id, function_id, param_name, param_code, value_type, create_time, update_time, deleted) VALUES (33, 22, '集合', 'list', 'COLLECTION', '2020-11-19 00:00:44', '2020-11-19 00:00:45', 0);
INSERT INTO boot_engine.rule_engine_function_param (id, function_id, param_name, param_code, value_type, create_time, update_time, deleted) VALUES (34, 23, '格式', 'pattern', 'STRING', '2020-11-19 00:38:14', '2020-11-19 00:38:15', 0);
INSERT INTO boot_engine.rule_engine_function_param (id, function_id, param_name, param_code, value_type, create_time, update_time, deleted) VALUES (35, 23, '时区', 'timeZone', 'STRING', '2020-11-19 00:38:44', '2020-11-19 00:38:46', 0);
INSERT INTO boot_engine.rule_engine_function_param (id, function_id, param_name, param_code, value_type, create_time, update_time, deleted) VALUES (36, 24, '手机号', 'phone', 'STRING', '2020-12-13 13:29:29', '2020-12-13 13:29:30', 0);
INSERT INTO boot_engine.rule_engine_function_param (id, function_id, param_name, param_code, value_type, create_time, update_time, deleted) VALUES (37, 25, 'JSON字符串', 'jsonString', 'STRING', '2020-12-13 13:51:39', '2020-12-13 13:51:41', 0);
INSERT INTO boot_engine.rule_engine_function_param (id, function_id, param_name, param_code, value_type, create_time, update_time, deleted) VALUES (38, 25, 'JSON值路径', 'jsonValuePath', 'STRING', '2020-12-13 13:52:35', '2020-12-13 13:52:37', 0);
INSERT INTO boot_engine.rule_engine_function_param (id, function_id, param_name, param_code, value_type, create_time, update_time, deleted) VALUES (39, 26, 'JSON字符串', 'jsonString', 'STRING', '2020-12-13 14:09:20', '2020-12-13 14:09:21', 0);
INSERT INTO boot_engine.rule_engine_function_param (id, function_id, param_name, param_code, value_type, create_time, update_time, deleted) VALUES (40, 26, 'JSON值路径', 'jsonValuePath', 'STRING', '2020-12-13 14:09:56', '2020-12-13 14:09:57', 0);
INSERT INTO boot_engine.rule_engine_function_param (id, function_id, param_name, param_code, value_type, create_time, update_time, deleted) VALUES (41, 27, '字母', 'letter', 'STRING', '2020-12-24 00:17:14', '2020-12-24 00:17:15', 0);
INSERT INTO boot_engine.rule_engine_function_param (id, function_id, param_name, param_code, value_type, create_time, update_time, deleted) VALUES (42, 28, '字母', 'letter', 'STRING', '2020-12-24 00:17:29', '2020-12-24 00:17:30', 0);
create table rule_engine_function_value
(
    id          int auto_increment
        primary key,
    function_id int           not null,
    variable_id int           not null,
    param_name  varchar(100)  null,
    param_code  varchar(100)  null,
    type        int           null comment '0:元素，1:变量,2:固定值',
    value_type  varchar(50)   null,
    value       varchar(2000) null,
    create_time timestamp     null,
    update_time timestamp     null,
    deleted     tinyint       null
)
    charset = utf8;

create index rule_engine_function_value_function_id_variable_id_index
    on rule_engine_function_value (function_id, variable_id);

INSERT INTO boot_engine.rule_engine_function_value (id, function_id, variable_id, param_name, param_code, type, value_type, value, create_time, update_time, deleted) VALUES (38, 1, 33, null, 'value', 0, 'STRING', '60', '2020-08-20 02:05:43', '2020-08-20 02:05:43', 0);
INSERT INTO boot_engine.rule_engine_function_value (id, function_id, variable_id, param_name, param_code, type, value_type, value, create_time, update_time, deleted) VALUES (39, 2, 34, null, 'list', 0, 'COLLECTION', '61', '2020-08-20 02:05:43', '2020-08-20 02:05:43', 0);
INSERT INTO boot_engine.rule_engine_function_value (id, function_id, variable_id, param_name, param_code, type, value_type, value, create_time, update_time, deleted) VALUES (42, 2, 50, '集合', 'list', 2, 'COLLECTION', '123，3', '2020-08-27 22:28:49', '2020-08-27 22:28:49', 0);
INSERT INTO boot_engine.rule_engine_function_value (id, function_id, variable_id, param_name, param_code, type, value_type, value, create_time, update_time, deleted) VALUES (50, 1, 51, '普通参数', 'value', 0, 'STRING', '60', '2020-08-27 23:27:06', '2020-08-27 23:27:06', 0);
INSERT INTO boot_engine.rule_engine_function_value (id, function_id, variable_id, param_name, param_code, type, value_type, value, create_time, update_time, deleted) VALUES (51, 7, 52, '数值', 'value', 0, 'NUMBER', '72', '2020-08-28 14:47:28', '2020-08-28 14:47:28', 0);
INSERT INTO boot_engine.rule_engine_function_value (id, function_id, variable_id, param_name, param_code, type, value_type, value, create_time, update_time, deleted) VALUES (53, 4, 54, '集合', 'list', 1, 'COLLECTION', '35', '2020-08-28 15:22:10', '2020-08-28 15:22:10', 0);
INSERT INTO boot_engine.rule_engine_function_value (id, function_id, variable_id, param_name, param_code, type, value_type, value, create_time, update_time, deleted) VALUES (54, 7, 55, '数值', 'value', 1, 'NUMBER', '53', '2020-08-28 15:26:00', '2020-08-28 15:26:00', 0);
INSERT INTO boot_engine.rule_engine_function_value (id, function_id, variable_id, param_name, param_code, type, value_type, value, create_time, update_time, deleted) VALUES (56, 4, 35, '集合', 'list', 2, 'COLLECTION', '123,a,v', '2020-08-28 16:02:37', '2020-08-28 16:02:37', 0);
INSERT INTO boot_engine.rule_engine_function_value (id, function_id, variable_id, param_name, param_code, type, value_type, value, create_time, update_time, deleted) VALUES (60, 4, 53, '集合', 'list', 0, 'COLLECTION', '61', '2020-08-28 16:22:59', '2020-08-28 16:22:59', 0);
INSERT INTO boot_engine.rule_engine_function_value (id, function_id, variable_id, param_name, param_code, type, value_type, value, create_time, update_time, deleted) VALUES (61, 5, 57, '规则入参', 'info', 0, 'STRING', '60', '2020-08-28 21:29:09', '2020-08-28 21:29:09', 0);
INSERT INTO boot_engine.rule_engine_function_value (id, function_id, variable_id, param_name, param_code, type, value_type, value, create_time, update_time, deleted) VALUES (64, 4, 58, '集合', 'list', 2, 'COLLECTION', '123,123', '2020-08-29 01:28:39', '2020-08-29 01:28:39', 0);
INSERT INTO boot_engine.rule_engine_function_value (id, function_id, variable_id, param_name, param_code, type, value_type, value, create_time, update_time, deleted) VALUES (113, 8, 61, '集合', 'list', 0, 'COLLECTION', '61', '2020-08-30 12:35:49', '2020-08-30 12:35:49', 0);
INSERT INTO boot_engine.rule_engine_function_value (id, function_id, variable_id, param_name, param_code, type, value_type, value, create_time, update_time, deleted) VALUES (114, 8, 61, '索引', 'index', 2, 'NUMBER', '12', '2020-08-30 12:35:49', '2020-08-30 12:35:49', 0);
INSERT INTO boot_engine.rule_engine_function_value (id, function_id, variable_id, param_name, param_code, type, value_type, value, create_time, update_time, deleted) VALUES (115, 3, 63, '服务器地址', 'mailSmtpHost', 0, 'STRING', '60', '2020-08-30 12:40:08', '2020-08-30 12:40:08', 0);
INSERT INTO boot_engine.rule_engine_function_value (id, function_id, variable_id, param_name, param_code, type, value_type, value, create_time, update_time, deleted) VALUES (116, 3, 63, '发送人', 'user', 2, 'STRING', '123', '2020-08-30 12:40:08', '2020-08-30 12:40:08', 0);
INSERT INTO boot_engine.rule_engine_function_value (id, function_id, variable_id, param_name, param_code, type, value_type, value, create_time, update_time, deleted) VALUES (117, 3, 63, '发送人密码', 'password', null, 'STRING', null, '2020-08-30 12:40:08', '2020-08-30 12:40:08', 0);
INSERT INTO boot_engine.rule_engine_function_value (id, function_id, variable_id, param_name, param_code, type, value_type, value, create_time, update_time, deleted) VALUES (118, 3, 63, '邮件接收人', 'tos', null, 'COLLECTION', null, '2020-08-30 12:40:08', '2020-08-30 12:40:08', 0);
INSERT INTO boot_engine.rule_engine_function_value (id, function_id, variable_id, param_name, param_code, type, value_type, value, create_time, update_time, deleted) VALUES (119, 3, 63, '邮件标题', 'title', null, 'STRING', null, '2020-08-30 12:40:08', '2020-08-30 12:40:08', 0);
INSERT INTO boot_engine.rule_engine_function_value (id, function_id, variable_id, param_name, param_code, type, value_type, value, create_time, update_time, deleted) VALUES (120, 3, 63, '邮件内容', 'text', null, 'STRING', null, '2020-08-30 12:40:08', '2020-08-30 12:40:08', 0);
INSERT INTO boot_engine.rule_engine_function_value (id, function_id, variable_id, param_name, param_code, type, value_type, value, create_time, update_time, deleted) VALUES (121, 3, 63, '端口号', 'mailSmtpPort', 2, 'NUMBER', '0', '2020-08-30 12:40:08', '2020-08-30 12:40:08', 0);
INSERT INTO boot_engine.rule_engine_function_value (id, function_id, variable_id, param_name, param_code, type, value_type, value, create_time, update_time, deleted) VALUES (122, 3, 64, '服务器地址', 'mailSmtpHost', 2, 'STRING', '123', '2020-08-30 12:42:12', '2020-08-30 12:42:12', 0);
INSERT INTO boot_engine.rule_engine_function_value (id, function_id, variable_id, param_name, param_code, type, value_type, value, create_time, update_time, deleted) VALUES (123, 3, 64, '发送人', 'user', 2, 'STRING', '123123123', '2020-08-30 12:42:12', '2020-08-30 12:42:12', 0);
INSERT INTO boot_engine.rule_engine_function_value (id, function_id, variable_id, param_name, param_code, type, value_type, value, create_time, update_time, deleted) VALUES (124, 3, 64, '发送人密码', 'password', null, 'STRING', null, '2020-08-30 12:42:12', '2020-08-30 12:42:12', 0);
INSERT INTO boot_engine.rule_engine_function_value (id, function_id, variable_id, param_name, param_code, type, value_type, value, create_time, update_time, deleted) VALUES (125, 3, 64, '邮件接收人', 'tos', null, 'COLLECTION', null, '2020-08-30 12:42:12', '2020-08-30 12:42:12', 0);
INSERT INTO boot_engine.rule_engine_function_value (id, function_id, variable_id, param_name, param_code, type, value_type, value, create_time, update_time, deleted) VALUES (126, 3, 64, '邮件标题', 'title', null, 'STRING', null, '2020-08-30 12:42:12', '2020-08-30 12:42:12', 0);
INSERT INTO boot_engine.rule_engine_function_value (id, function_id, variable_id, param_name, param_code, type, value_type, value, create_time, update_time, deleted) VALUES (127, 3, 64, '邮件内容', 'text', null, 'STRING', null, '2020-08-30 12:42:12', '2020-08-30 12:42:12', 0);
INSERT INTO boot_engine.rule_engine_function_value (id, function_id, variable_id, param_name, param_code, type, value_type, value, create_time, update_time, deleted) VALUES (128, 3, 64, '端口号', 'mailSmtpPort', 2, 'NUMBER', '12', '2020-08-30 12:42:12', '2020-08-30 12:42:12', 0);
INSERT INTO boot_engine.rule_engine_function_value (id, function_id, variable_id, param_name, param_code, type, value_type, value, create_time, update_time, deleted) VALUES (136, 6, 67, '字符串', 'value', 2, 'STRING', '123', '2020-08-30 13:20:35', '2020-08-30 13:20:35', 0);
INSERT INTO boot_engine.rule_engine_function_value (id, function_id, variable_id, param_name, param_code, type, value_type, value, create_time, update_time, deleted) VALUES (270, 3, 65, '服务器地址', 'mailSmtpHost', 2, 'STRING', '123', '2020-08-30 13:53:58', '2020-08-30 13:53:58', 0);
INSERT INTO boot_engine.rule_engine_function_value (id, function_id, variable_id, param_name, param_code, type, value_type, value, create_time, update_time, deleted) VALUES (271, 3, 65, '发送人', 'user', 2, 'STRING', null, '2020-08-30 13:53:58', '2020-08-30 13:53:58', 0);
INSERT INTO boot_engine.rule_engine_function_value (id, function_id, variable_id, param_name, param_code, type, value_type, value, create_time, update_time, deleted) VALUES (272, 3, 65, '发送人密码', 'password', 2, 'STRING', null, '2020-08-30 13:53:58', '2020-08-30 13:53:58', 0);
INSERT INTO boot_engine.rule_engine_function_value (id, function_id, variable_id, param_name, param_code, type, value_type, value, create_time, update_time, deleted) VALUES (273, 3, 65, '邮件接收人', 'tos', 2, 'COLLECTION', null, '2020-08-30 13:53:58', '2020-08-30 13:53:58', 0);
INSERT INTO boot_engine.rule_engine_function_value (id, function_id, variable_id, param_name, param_code, type, value_type, value, create_time, update_time, deleted) VALUES (274, 3, 65, '邮件标题', 'title', 2, 'STRING', null, '2020-08-30 13:53:58', '2020-08-30 13:53:58', 0);
INSERT INTO boot_engine.rule_engine_function_value (id, function_id, variable_id, param_name, param_code, type, value_type, value, create_time, update_time, deleted) VALUES (275, 3, 65, '邮件内容', 'text', 2, 'STRING', null, '2020-08-30 13:53:58', '2020-08-30 13:53:58', 0);
INSERT INTO boot_engine.rule_engine_function_value (id, function_id, variable_id, param_name, param_code, type, value_type, value, create_time, update_time, deleted) VALUES (276, 3, 65, '端口号', 'mailSmtpPort', 2, 'NUMBER', '21', '2020-08-30 13:53:58', '2020-08-30 13:53:58', 0);
INSERT INTO boot_engine.rule_engine_function_value (id, function_id, variable_id, param_name, param_code, type, value_type, value, create_time, update_time, deleted) VALUES (286, 9, 70, '数值', 'value', 0, 'NUMBER', '66', '2020-08-30 23:52:20', '2020-08-30 23:52:20', 0);
INSERT INTO boot_engine.rule_engine_function_value (id, function_id, variable_id, param_name, param_code, type, value_type, value, create_time, update_time, deleted) VALUES (287, 9, 70, '最小', 'min', 2, 'NUMBER', '20', '2020-08-30 23:52:20', '2020-08-30 23:52:20', 0);
INSERT INTO boot_engine.rule_engine_function_value (id, function_id, variable_id, param_name, param_code, type, value_type, value, create_time, update_time, deleted) VALUES (288, 9, 70, '最大', 'max', 2, 'NUMBER', '26', '2020-08-30 23:52:20', '2020-08-30 23:52:20', 0);
INSERT INTO boot_engine.rule_engine_function_value (id, function_id, variable_id, param_name, param_code, type, value_type, value, create_time, update_time, deleted) VALUES (291, 15, 72, '集合', 'list', 2, 'COLLECTION', '1,3', '2020-09-01 14:04:50', '2020-09-01 14:04:50', 0);
INSERT INTO boot_engine.rule_engine_function_value (id, function_id, variable_id, param_name, param_code, type, value_type, value, create_time, update_time, deleted) VALUES (305, 17, 71, '身份证号', 'citizenId', 0, 'STRING', '76', '2020-09-04 19:38:53', '2020-09-04 19:38:53', 0);
INSERT INTO boot_engine.rule_engine_function_value (id, function_id, variable_id, param_name, param_code, type, value_type, value, create_time, update_time, deleted) VALUES (306, 11, 73, '集合', 'list', 2, 'COLLECTION', '1,19,20,5', '2020-09-08 12:19:25', '2020-09-08 12:19:25', 0);
INSERT INTO boot_engine.rule_engine_function_value (id, function_id, variable_id, param_name, param_code, type, value_type, value, create_time, update_time, deleted) VALUES (307, 8, 74, '集合', 'list', 2, 'COLLECTION', '123,34,33', '2020-09-08 12:23:25', '2020-09-08 12:23:25', 0);
INSERT INTO boot_engine.rule_engine_function_value (id, function_id, variable_id, param_name, param_code, type, value_type, value, create_time, update_time, deleted) VALUES (308, 8, 74, '索引', 'index', 2, 'NUMBER', '0', '2020-09-08 12:23:25', '2020-09-08 12:23:25', 0);
INSERT INTO boot_engine.rule_engine_function_value (id, function_id, variable_id, param_name, param_code, type, value_type, value, create_time, update_time, deleted) VALUES (309, 10, 75, '集合', 'list', 2, 'COLLECTION', '4,10', '2020-09-08 12:25:40', '2020-09-08 12:25:40', 0);
INSERT INTO boot_engine.rule_engine_function_value (id, function_id, variable_id, param_name, param_code, type, value_type, value, create_time, update_time, deleted) VALUES (310, 10, 75, '小树位', 'scale', 2, 'NUMBER', '2', '2020-09-08 12:25:40', '2020-09-08 12:25:40', 0);
INSERT INTO boot_engine.rule_engine_function_value (id, function_id, variable_id, param_name, param_code, type, value_type, value, create_time, update_time, deleted) VALUES (311, 13, 76, '字符串', 'value', 0, 'STRING', '77', '2020-09-10 18:11:06', '2020-09-10 18:11:06', 0);
INSERT INTO boot_engine.rule_engine_function_value (id, function_id, variable_id, param_name, param_code, type, value_type, value, create_time, update_time, deleted) VALUES (314, 16, 79, '手机号', 'mobile', 0, 'STRING', '77', '2020-09-18 19:08:19', '2020-09-18 19:08:19', 0);
INSERT INTO boot_engine.rule_engine_function_value (id, function_id, variable_id, param_name, param_code, type, value_type, value, create_time, update_time, deleted) VALUES (368, 8, 87, '集合', 'list', 2, 'COLLECTION', '123123', '2020-11-15 00:26:14', '2020-11-15 00:26:14', 0);
INSERT INTO boot_engine.rule_engine_function_value (id, function_id, variable_id, param_name, param_code, type, value_type, value, create_time, update_time, deleted) VALUES (369, 8, 87, '索引', 'index', 0, 'NUMBER', '83', '2020-11-15 00:26:14', '2020-11-15 00:26:14', 0);
INSERT INTO boot_engine.rule_engine_function_value (id, function_id, variable_id, param_name, param_code, type, value_type, value, create_time, update_time, deleted) VALUES (374, 1, 84, '普通参数', 'value', 1, 'STRING', '88', '2020-11-15 01:08:50', '2020-11-15 01:08:50', 0);
INSERT INTO boot_engine.rule_engine_function_value (id, function_id, variable_id, param_name, param_code, type, value_type, value, create_time, update_time, deleted) VALUES (377, 8, 88, '集合', 'list', 2, 'COLLECTION', '123', '2020-11-15 01:10:16', '2020-11-15 01:10:16', 0);
INSERT INTO boot_engine.rule_engine_function_value (id, function_id, variable_id, param_name, param_code, type, value_type, value, create_time, update_time, deleted) VALUES (410, 15, 98, '集合', 'list', 0, 'COLLECTION', '61', '2020-12-01 18:20:32', '2020-12-01 18:20:32', 0);
INSERT INTO boot_engine.rule_engine_function_value (id, function_id, variable_id, param_name, param_code, type, value_type, value, create_time, update_time, deleted) VALUES (451, 9, 118, '数值', 'value', 0, 'NUMBER', '66', '2020-12-25 04:07:45', '2020-12-25 04:07:45', 0);
INSERT INTO boot_engine.rule_engine_function_value (id, function_id, variable_id, param_name, param_code, type, value_type, value, create_time, update_time, deleted) VALUES (452, 9, 118, '最小', 'min', 2, 'NUMBER', '7', '2020-12-25 04:07:45', '2020-12-25 04:07:45', 0);
INSERT INTO boot_engine.rule_engine_function_value (id, function_id, variable_id, param_name, param_code, type, value_type, value, create_time, update_time, deleted) VALUES (453, 9, 118, '最大', 'max', 2, 'NUMBER', '11', '2020-12-25 04:07:45', '2020-12-25 04:07:45', 0);
INSERT INTO boot_engine.rule_engine_function_value (id, function_id, variable_id, param_name, param_code, type, value_type, value, create_time, update_time, deleted) VALUES (454, 3, 124, '服务器地址', 'mailSmtpHost', 2, 'STRING', 't', '2021-01-01 11:45:27', '2021-01-01 11:45:27', 0);
INSERT INTO boot_engine.rule_engine_function_value (id, function_id, variable_id, param_name, param_code, type, value_type, value, create_time, update_time, deleted) VALUES (455, 3, 124, '发送人', 'user', 2, 'STRING', 't', '2021-01-01 11:45:27', '2021-01-01 11:45:27', 0);
INSERT INTO boot_engine.rule_engine_function_value (id, function_id, variable_id, param_name, param_code, type, value_type, value, create_time, update_time, deleted) VALUES (456, 3, 124, '发送人密码', 'password', 2, 'STRING', 't', '2021-01-01 11:45:27', '2021-01-01 11:45:27', 0);
INSERT INTO boot_engine.rule_engine_function_value (id, function_id, variable_id, param_name, param_code, type, value_type, value, create_time, update_time, deleted) VALUES (457, 3, 124, '邮件接收人', 'tos', 2, 'COLLECTION', 't', '2021-01-01 11:45:27', '2021-01-01 11:45:27', 0);
INSERT INTO boot_engine.rule_engine_function_value (id, function_id, variable_id, param_name, param_code, type, value_type, value, create_time, update_time, deleted) VALUES (458, 3, 124, '邮件标题', 'title', 2, 'STRING', 't', '2021-01-01 11:45:27', '2021-01-01 11:45:27', 0);
INSERT INTO boot_engine.rule_engine_function_value (id, function_id, variable_id, param_name, param_code, type, value_type, value, create_time, update_time, deleted) VALUES (459, 3, 124, '邮件内容', 'text', 2, 'STRING', 't', '2021-01-01 11:45:27', '2021-01-01 11:45:27', 0);
INSERT INTO boot_engine.rule_engine_function_value (id, function_id, variable_id, param_name, param_code, type, value_type, value, create_time, update_time, deleted) VALUES (460, 3, 124, '端口号', 'mailSmtpPort', 2, 'NUMBER', '22', '2021-01-01 11:45:27', '2021-01-01 11:45:27', 0);
create table rule_engine_general_rule
(
    id                        int auto_increment
        primary key,
    name                      varchar(50)   not null,
    code                      varchar(50)   not null,
    rule_id                   int           null,
    description               varchar(500)  null,
    workspace_id              int           null,
    workspace_code            varchar(20)   null,
    create_user_id            int           null,
    create_user_name          varchar(100)  null,
    status                    tinyint       null,
    enable_default_action     tinyint       null,
    default_action_value      varchar(2000) null,
    default_action_type       tinyint       null,
    default_action_value_type varchar(50)   null,
    abnormal_alarm            json          null,
    create_time               timestamp     null,
    update_time               timestamp     null,
    deleted                   tinyint       null
)
    charset = utf8;

create index rule_engine_rule_code_workspace_id_index
    on rule_engine_general_rule (code, workspace_id);

INSERT INTO boot_engine.rule_engine_general_rule (id, name, code, rule_id, description, workspace_id, workspace_code, create_user_id, create_user_name, status, enable_default_action, default_action_value, default_action_type, default_action_value_type, abnormal_alarm, create_time, update_time, deleted) VALUES (120, 'test', 'test', 120, null, 2, 'test', 2, 'lq', 0, null, null, null, null, '{"email": [""], "enable": false, "timeOutThreshold": 3000}', '2020-12-29 01:46:36', '2020-12-29 01:50:23', 0);
INSERT INTO boot_engine.rule_engine_general_rule (id, name, code, rule_id, description, workspace_id, workspace_code, create_user_id, create_user_name, status, enable_default_action, default_action_value, default_action_type, default_action_value_type, abnormal_alarm, create_time, update_time, deleted) VALUES (121, '篮球苗子', 'bs', 121, '是否为篮球苗子测试', 1, 'default', 1, 'dqw', 2, 0, '不是', 2, 'STRING', '{"email": [""], "enable": false, "timeOutThreshold": 3000}', '2020-12-29 03:07:07', '2020-12-29 16:20:53', 0);
INSERT INTO boot_engine.rule_engine_general_rule (id, name, code, rule_id, description, workspace_id, workspace_code, create_user_id, create_user_name, status, enable_default_action, default_action_value, default_action_type, default_action_value_type, abnormal_alarm, create_time, update_time, deleted) VALUES (122, '手机号规则测试', 'phoneRuletest', 122, null, 1, 'default', 1, 'dqw', 1, 0, 'false', 2, 'BOOLEAN', '{"email": [""], "enable": false, "timeOutThreshold": 3000}', '2020-12-29 03:12:45', '2021-01-03 17:54:12', 0);
INSERT INTO boot_engine.rule_engine_general_rule (id, name, code, rule_id, description, workspace_id, workspace_code, create_user_id, create_user_name, status, enable_default_action, default_action_value, default_action_type, default_action_value_type, abnormal_alarm, create_time, update_time, deleted) VALUES (123, 'test', 'test', 123, null, 1, 'default', 1, 'dqw', 1, 0, '123', 2, 'STRING', '{"email": [""], "enable": false, "timeOutThreshold": 3000}', '2020-12-29 15:39:44', '2020-12-29 15:39:44', 1);
INSERT INTO boot_engine.rule_engine_general_rule (id, name, code, rule_id, description, workspace_id, workspace_code, create_user_id, create_user_name, status, enable_default_action, default_action_value, default_action_type, default_action_value_type, abnormal_alarm, create_time, update_time, deleted) VALUES (124, '测试', 'TEST_1230', 124, null, 1, 'default', 2, 'lq', 2, 0, '测试111', 2, 'STRING', '{"email": [""], "enable": false, "timeOutThreshold": 3000}', '2020-12-30 00:45:44', '2020-12-30 00:45:44', 1);
INSERT INTO boot_engine.rule_engine_general_rule (id, name, code, rule_id, description, workspace_id, workspace_code, create_user_id, create_user_name, status, enable_default_action, default_action_value, default_action_type, default_action_value_type, abnormal_alarm, create_time, update_time, deleted) VALUES (125, '订单-策略', 'order_ll', 125, null, 1, 'default', 2, 'lq', 2, 0, '222', 2, 'STRING', '{"email": [""], "enable": false, "timeOutThreshold": 3000}', '2020-12-30 01:36:48', '2020-12-30 01:36:48', 1);
INSERT INTO boot_engine.rule_engine_general_rule (id, name, code, rule_id, description, workspace_id, workspace_code, create_user_id, create_user_name, status, enable_default_action, default_action_value, default_action_type, default_action_value_type, abnormal_alarm, create_time, update_time, deleted) VALUES (126, '订单策略', 'order', 126, null, 1, 'default', 2, 'lq', 2, 0, 'false', 2, 'STRING', '{"email": [""], "enable": false, "timeOutThreshold": 3000}', '2020-12-30 01:40:55', '2020-12-30 01:40:55', 1);
INSERT INTO boot_engine.rule_engine_general_rule (id, name, code, rule_id, description, workspace_id, workspace_code, create_user_id, create_user_name, status, enable_default_action, default_action_value, default_action_type, default_action_value_type, abnormal_alarm, create_time, update_time, deleted) VALUES (127, 'zjh-test-1', 'zjh-test-1', 127, null, 1, 'default', 2, 'lq', 0, null, null, null, null, null, '2020-12-30 03:53:50', '2020-12-30 03:53:50', 1);
INSERT INTO boot_engine.rule_engine_general_rule (id, name, code, rule_id, description, workspace_id, workspace_code, create_user_id, create_user_name, status, enable_default_action, default_action_value, default_action_type, default_action_value_type, abnormal_alarm, create_time, update_time, deleted) VALUES (128, '测试一下', 'test1111', 128, null, 1, 'default', 2, 'lq', 1, null, null, null, null, '{"email": [""], "enable": false, "timeOutThreshold": 3000}', '2020-12-30 11:50:05', '2020-12-30 11:50:05', 1);
INSERT INTO boot_engine.rule_engine_general_rule (id, name, code, rule_id, description, workspace_id, workspace_code, create_user_id, create_user_name, status, enable_default_action, default_action_value, default_action_type, default_action_value_type, abnormal_alarm, create_time, update_time, deleted) VALUES (129, 'test', 'test', 129, null, 1, 'default', 2, 'lq', 1, null, null, null, null, '{"email": [""], "enable": false, "timeOutThreshold": 3000}', '2020-12-30 17:19:03', '2020-12-30 17:19:03', 1);
INSERT INTO boot_engine.rule_engine_general_rule (id, name, code, rule_id, description, workspace_id, workspace_code, create_user_id, create_user_name, status, enable_default_action, default_action_value, default_action_type, default_action_value_type, abnormal_alarm, create_time, update_time, deleted) VALUES (130, 'test', 'ste', 130, null, 1, 'default', 2, 'lq', 2, null, null, null, null, '{"email": [""], "enable": false, "timeOutThreshold": 3000}', '2020-12-30 17:19:21', '2020-12-30 17:19:21', 1);
INSERT INTO boot_engine.rule_engine_general_rule (id, name, code, rule_id, description, workspace_id, workspace_code, create_user_id, create_user_name, status, enable_default_action, default_action_value, default_action_type, default_action_value_type, abnormal_alarm, create_time, update_time, deleted) VALUES (131, '444', 'a_666', 131, '77776', 2, 'test', 2, 'lq', 0, null, null, null, null, null, '2020-12-31 09:15:28', '2020-12-31 09:15:28', 0);
INSERT INTO boot_engine.rule_engine_general_rule (id, name, code, rule_id, description, workspace_id, workspace_code, create_user_id, create_user_name, status, enable_default_action, default_action_value, default_action_type, default_action_value_type, abnormal_alarm, create_time, update_time, deleted) VALUES (132, '测试', 'test', 132, null, 1, 'default', 2, 'lq', 1, 0, '60', 0, 'STRING', '{"email": [""], "enable": false, "timeOutThreshold": 3000}', '2021-01-05 08:59:20', '2021-01-05 18:48:59', 1);
INSERT INTO boot_engine.rule_engine_general_rule (id, name, code, rule_id, description, workspace_id, workspace_code, create_user_id, create_user_name, status, enable_default_action, default_action_value, default_action_type, default_action_value_type, abnormal_alarm, create_time, update_time, deleted) VALUES (133, 'kevin_test', 'sad', 133, null, 1, 'default', 2, 'lq', 0, null, null, null, null, null, '2021-01-05 09:13:10', '2021-01-05 09:13:10', 1);
INSERT INTO boot_engine.rule_engine_general_rule (id, name, code, rule_id, description, workspace_id, workspace_code, create_user_id, create_user_name, status, enable_default_action, default_action_value, default_action_type, default_action_value_type, abnormal_alarm, create_time, update_time, deleted) VALUES (134, '绩效', 'aaa', 134, null, 1, 'default', 2, 'lq', 0, null, null, null, null, null, '2021-01-05 09:32:39', '2021-01-05 09:47:19', 1);
INSERT INTO boot_engine.rule_engine_general_rule (id, name, code, rule_id, description, workspace_id, workspace_code, create_user_id, create_user_name, status, enable_default_action, default_action_value, default_action_type, default_action_value_type, abnormal_alarm, create_time, update_time, deleted) VALUES (135, '3', 'a', 135, null, 1, 'default', 2, 'lq', 0, null, null, null, null, null, '2021-01-05 09:45:26', '2021-01-05 09:45:26', 1);
INSERT INTO boot_engine.rule_engine_general_rule (id, name, code, rule_id, description, workspace_id, workspace_code, create_user_id, create_user_name, status, enable_default_action, default_action_value, default_action_type, default_action_value_type, abnormal_alarm, create_time, update_time, deleted) VALUES (136, 'f', 'f', 136, null, 1, 'default', 2, 'lq', 0, null, null, null, null, null, '2021-01-05 09:46:03', '2021-01-05 09:46:03', 1);
INSERT INTO boot_engine.rule_engine_general_rule (id, name, code, rule_id, description, workspace_id, workspace_code, create_user_id, create_user_name, status, enable_default_action, default_action_value, default_action_type, default_action_value_type, abnormal_alarm, create_time, update_time, deleted) VALUES (137, '---', 'a123', 137, null, 1, 'default', 2, 'lq', 2, null, null, null, null, '{"email": [""], "enable": false, "timeOutThreshold": 3000}', '2021-01-07 02:24:26', '2021-01-07 02:24:26', 0);
create table rule_engine_general_rule_publish
(
    id                int auto_increment
        primary key,
    general_rule_id   int         not null,
    general_rule_code varchar(50) null,
    workspace_id      int         null,
    workspace_code    varchar(20) null,
    data              json        null,
    status            tinyint     null,
    create_time       timestamp   null,
    update_time       timestamp   null,
    deleted           tinyint     null
)
    charset = utf8;

create index rule_engine_rule_publish_rule_code_index
    on rule_engine_general_rule_publish (general_rule_code);

create index rule_engine_rule_publish_rule_id_index
    on rule_engine_general_rule_publish (general_rule_id);

INSERT INTO boot_engine.rule_engine_general_rule_publish (id, general_rule_id, general_rule_code, workspace_id, workspace_code, data, status, create_time, update_time, deleted) VALUES (227, 122, 'phoneRuletest', 1, 'default', '{"cn.ruleengine.core.rule.GeneralRule": {"id": 122, "code": "phoneRuletest", "name": "手机号规则测试", "actionValue": {"cn.ruleengine.core.value.Constant": {"value": true, "valueType": {"cn.ruleengine.core.value.ValueType": "BOOLEAN"}}}, "description": null, "workspaceId": 1, "conditionSet": {"cn.ruleengine.core.condition.ConditionSet": {"conditionGroups": {"java.util.ArrayList": [{"cn.ruleengine.core.condition.ConditionGroup": {"id": 1413, "name": null, "orderNo": 1, "conditions": {"java.util.ArrayList": [{"cn.ruleengine.core.condition.Condition": {"id": 71, "name": "排除号码在白名单的", "orderNo": 1, "operator": {"cn.ruleengine.core.condition.Operator": "CONTAIN"}, "leftValue": {"cn.ruleengine.core.value.Variable": {"valueType": {"cn.ruleengine.core.value.ValueType": "COLLECTION"}, "variableId": 77}}, "rightValue": {"cn.ruleengine.core.value.Element": {"elementId": 77, "valueType": {"cn.ruleengine.core.value.ValueType": "STRING"}, "elementCode": "phone"}}}}]}}}, {"cn.ruleengine.core.condition.ConditionGroup": {"id": 1414, "name": null, "orderNo": 2, "conditions": {"java.util.ArrayList": [{"cn.ruleengine.core.condition.Condition": {"id": 73, "name": "验证是否为手机号码条件", "orderNo": 1, "operator": {"cn.ruleengine.core.condition.Operator": "EQ"}, "leftValue": {"cn.ruleengine.core.value.Variable": {"valueType": {"cn.ruleengine.core.value.ValueType": "BOOLEAN"}, "variableId": 79}}, "rightValue": {"cn.ruleengine.core.value.Constant": {"value": true, "valueType": {"cn.ruleengine.core.value.ValueType": "BOOLEAN"}}}}}, {"cn.ruleengine.core.condition.Condition": {"id": 70, "name": "限制号码长度", "orderNo": 2, "operator": {"cn.ruleengine.core.condition.Operator": "LE"}, "leftValue": {"cn.ruleengine.core.value.Variable": {"valueType": {"cn.ruleengine.core.value.ValueType": "NUMBER"}, "variableId": 76}}, "rightValue": {"cn.ruleengine.core.value.Constant": {"value": {"java.math.BigDecimal": 17}, "valueType": {"cn.ruleengine.core.value.ValueType": "NUMBER"}}}}}, {"cn.ruleengine.core.condition.Condition": {"id": 69, "name": "号码开头", "orderNo": 3, "operator": {"cn.ruleengine.core.condition.Operator": "STARTS_WITH"}, "leftValue": {"cn.ruleengine.core.value.Element": {"elementId": 77, "valueType": {"cn.ruleengine.core.value.ValueType": "STRING"}, "elementCode": "phone"}}, "rightValue": {"cn.ruleengine.core.value.Constant": {"value": "137", "valueType": {"cn.ruleengine.core.value.ValueType": "STRING"}}}}}]}}}]}}}, "precondition": {"cn.ruleengine.core.condition.Precondition": {"precondition": {"java.util.ArrayList": []}}}, "abnormalAlarm": {"cn.ruleengine.core.rule.AbnormalAlarm": {"email": {"[Ljava.lang.String;": [""]}, "enable": false, "timeOutThreshold": 3000}}, "enableMonitor": false, "workspaceCode": "default", "defaultActionValue": {"cn.ruleengine.core.value.Constant": {"value": false, "valueType": {"cn.ruleengine.core.value.ValueType": "BOOLEAN"}}}}}', 2, '2020-12-29 13:44:23', '2020-12-29 13:44:23', 0);
INSERT INTO boot_engine.rule_engine_general_rule_publish (id, general_rule_id, general_rule_code, workspace_id, workspace_code, data, status, create_time, update_time, deleted) VALUES (228, 121, 'bs', 1, 'default', '{"cn.ruleengine.core.rule.GeneralRule": {"id": 121, "code": "bs", "name": "篮球苗子", "actionValue": {"cn.ruleengine.core.value.Constant": {"value": "是一个篮球苗子，需要培养", "valueType": {"cn.ruleengine.core.value.ValueType": "STRING"}}}, "description": "是否为篮球苗子测试", "workspaceId": 1, "conditionSet": {"cn.ruleengine.core.condition.ConditionSet": {"conditionGroups": {"java.util.ArrayList": [{"cn.ruleengine.core.condition.ConditionGroup": {"id": 1415, "name": null, "orderNo": 1, "conditions": {"java.util.ArrayList": [{"cn.ruleengine.core.condition.Condition": {"id": 103, "name": "专业是否为体育生", "orderNo": 1, "operator": {"cn.ruleengine.core.condition.Operator": "EQ"}, "leftValue": {"cn.ruleengine.core.value.Constant": {"value": "体育", "valueType": {"cn.ruleengine.core.value.ValueType": "STRING"}}}, "rightValue": {"cn.ruleengine.core.value.Element": {"elementId": 119, "valueType": {"cn.ruleengine.core.value.ValueType": "STRING"}, "elementCode": "major"}}}}]}}}, {"cn.ruleengine.core.condition.ConditionGroup": {"id": 1416, "name": null, "orderNo": 2, "conditions": {"java.util.ArrayList": [{"cn.ruleengine.core.condition.Condition": {"id": 104, "name": "年龄在7-11之间条件", "orderNo": 1, "operator": {"cn.ruleengine.core.condition.Operator": "EQ"}, "leftValue": {"cn.ruleengine.core.value.Variable": {"valueType": {"cn.ruleengine.core.value.ValueType": "BOOLEAN"}, "variableId": 118}}, "rightValue": {"cn.ruleengine.core.value.Constant": {"value": true, "valueType": {"cn.ruleengine.core.value.ValueType": "BOOLEAN"}}}}}, {"cn.ruleengine.core.condition.Condition": {"id": 102, "name": "身体是否健壮", "orderNo": 2, "operator": {"cn.ruleengine.core.condition.Operator": "CONTAIN"}, "leftValue": {"cn.ruleengine.core.value.Constant": {"value": {"java.util.Arrays$ArrayList": ["健壮", "优秀", "良好"]}, "valueType": {"cn.ruleengine.core.value.ValueType": "COLLECTION"}}}, "rightValue": {"cn.ruleengine.core.value.Element": {"elementId": 117, "valueType": {"cn.ruleengine.core.value.ValueType": "STRING"}, "elementCode": "healthStatus"}}}}, {"cn.ruleengine.core.condition.Condition": {"id": 101, "name": "年级是三年级以上", "orderNo": 3, "operator": {"cn.ruleengine.core.condition.Operator": "GT"}, "leftValue": {"cn.ruleengine.core.value.Element": {"elementId": 116, "valueType": {"cn.ruleengine.core.value.ValueType": "NUMBER"}, "elementCode": "grade"}}, "rightValue": {"cn.ruleengine.core.value.Constant": {"value": {"java.math.BigDecimal": 3}, "valueType": {"cn.ruleengine.core.value.ValueType": "NUMBER"}}}}}, {"cn.ruleengine.core.condition.Condition": {"id": 100, "name": "身高170cm以上", "orderNo": 4, "operator": {"cn.ruleengine.core.condition.Operator": "GE"}, "leftValue": {"cn.ruleengine.core.value.Element": {"elementId": 115, "valueType": {"cn.ruleengine.core.value.ValueType": "NUMBER"}, "elementCode": "height"}}, "rightValue": {"cn.ruleengine.core.value.Constant": {"value": {"java.math.BigDecimal": 170}, "valueType": {"cn.ruleengine.core.value.ValueType": "NUMBER"}}}}}, {"cn.ruleengine.core.condition.Condition": {"id": 98, "name": "性别是男的", "orderNo": 5, "operator": {"cn.ruleengine.core.condition.Operator": "EQ"}, "leftValue": {"cn.ruleengine.core.value.Element": {"elementId": 114, "valueType": {"cn.ruleengine.core.value.ValueType": "STRING"}, "elementCode": "sex"}}, "rightValue": {"cn.ruleengine.core.value.Constant": {"value": "男", "valueType": {"cn.ruleengine.core.value.ValueType": "STRING"}}}}}]}}}]}}}, "precondition": {"cn.ruleengine.core.condition.Precondition": {"precondition": {"java.util.ArrayList": []}}}, "abnormalAlarm": {"cn.ruleengine.core.rule.AbnormalAlarm": {"email": {"[Ljava.lang.String;": [""]}, "enable": false, "timeOutThreshold": 3000}}, "enableMonitor": false, "workspaceCode": "default", "defaultActionValue": {"cn.ruleengine.core.value.Constant": {"value": "不是", "valueType": {"cn.ruleengine.core.value.ValueType": "STRING"}}}}}', 2, '2020-12-29 14:11:21', '2020-12-29 14:11:21', 1);
INSERT INTO boot_engine.rule_engine_general_rule_publish (id, general_rule_id, general_rule_code, workspace_id, workspace_code, data, status, create_time, update_time, deleted) VALUES (229, 121, 'bs', 1, 'default', '{"cn.ruleengine.core.rule.GeneralRule": {"id": 121, "code": "bs", "name": "篮球苗子", "actionValue": {"cn.ruleengine.core.value.Constant": {"value": "是一个篮球苗子，需要培养", "valueType": {"cn.ruleengine.core.value.ValueType": "STRING"}}}, "description": "是否为篮球苗子测试", "workspaceId": 1, "conditionSet": {"cn.ruleengine.core.condition.ConditionSet": {"conditionGroups": {"java.util.ArrayList": [{"cn.ruleengine.core.condition.ConditionGroup": {"id": 1417, "name": null, "orderNo": 1, "conditions": {"java.util.ArrayList": [{"cn.ruleengine.core.condition.Condition": {"id": 103, "name": "专业是否为体育生条件", "orderNo": 1, "operator": {"cn.ruleengine.core.condition.Operator": "EQ"}, "leftValue": {"cn.ruleengine.core.value.Constant": {"value": "体育", "valueType": {"cn.ruleengine.core.value.ValueType": "STRING"}}}, "rightValue": {"cn.ruleengine.core.value.Element": {"elementId": 119, "valueType": {"cn.ruleengine.core.value.ValueType": "STRING"}, "elementCode": "major"}}}}]}}}, {"cn.ruleengine.core.condition.ConditionGroup": {"id": 1418, "name": null, "orderNo": 2, "conditions": {"java.util.ArrayList": [{"cn.ruleengine.core.condition.Condition": {"id": 104, "name": "年龄在7-11之间条件", "orderNo": 1, "operator": {"cn.ruleengine.core.condition.Operator": "EQ"}, "leftValue": {"cn.ruleengine.core.value.Variable": {"valueType": {"cn.ruleengine.core.value.ValueType": "BOOLEAN"}, "variableId": 118}}, "rightValue": {"cn.ruleengine.core.value.Constant": {"value": true, "valueType": {"cn.ruleengine.core.value.ValueType": "BOOLEAN"}}}}}, {"cn.ruleengine.core.condition.Condition": {"id": 102, "name": "身体是否健壮", "orderNo": 2, "operator": {"cn.ruleengine.core.condition.Operator": "CONTAIN"}, "leftValue": {"cn.ruleengine.core.value.Constant": {"value": {"java.util.Arrays$ArrayList": ["健壮", "优秀", "良好"]}, "valueType": {"cn.ruleengine.core.value.ValueType": "COLLECTION"}}}, "rightValue": {"cn.ruleengine.core.value.Element": {"elementId": 117, "valueType": {"cn.ruleengine.core.value.ValueType": "STRING"}, "elementCode": "healthStatus"}}}}, {"cn.ruleengine.core.condition.Condition": {"id": 101, "name": "年级是三年级以上", "orderNo": 3, "operator": {"cn.ruleengine.core.condition.Operator": "GT"}, "leftValue": {"cn.ruleengine.core.value.Element": {"elementId": 116, "valueType": {"cn.ruleengine.core.value.ValueType": "NUMBER"}, "elementCode": "grade"}}, "rightValue": {"cn.ruleengine.core.value.Constant": {"value": {"java.math.BigDecimal": 3}, "valueType": {"cn.ruleengine.core.value.ValueType": "NUMBER"}}}}}, {"cn.ruleengine.core.condition.Condition": {"id": 100, "name": "身高170cm以上", "orderNo": 4, "operator": {"cn.ruleengine.core.condition.Operator": "GE"}, "leftValue": {"cn.ruleengine.core.value.Element": {"elementId": 115, "valueType": {"cn.ruleengine.core.value.ValueType": "NUMBER"}, "elementCode": "height"}}, "rightValue": {"cn.ruleengine.core.value.Constant": {"value": {"java.math.BigDecimal": 170}, "valueType": {"cn.ruleengine.core.value.ValueType": "NUMBER"}}}}}, {"cn.ruleengine.core.condition.Condition": {"id": 98, "name": "性别是男的", "orderNo": 5, "operator": {"cn.ruleengine.core.condition.Operator": "EQ"}, "leftValue": {"cn.ruleengine.core.value.Element": {"elementId": 114, "valueType": {"cn.ruleengine.core.value.ValueType": "STRING"}, "elementCode": "sex"}}, "rightValue": {"cn.ruleengine.core.value.Constant": {"value": "男", "valueType": {"cn.ruleengine.core.value.ValueType": "STRING"}}}}}]}}}]}}}, "precondition": {"cn.ruleengine.core.condition.Precondition": {"precondition": {"java.util.ArrayList": []}}}, "abnormalAlarm": {"cn.ruleengine.core.rule.AbnormalAlarm": {"email": {"[Ljava.lang.String;": [""]}, "enable": false, "timeOutThreshold": 3000}}, "enableMonitor": false, "workspaceCode": "default", "defaultActionValue": {"cn.ruleengine.core.value.Constant": {"value": "不是", "valueType": {"cn.ruleengine.core.value.ValueType": "STRING"}}}}}', 2, '2020-12-29 14:12:00', '2020-12-29 14:12:00', 1);
INSERT INTO boot_engine.rule_engine_general_rule_publish (id, general_rule_id, general_rule_code, workspace_id, workspace_code, data, status, create_time, update_time, deleted) VALUES (230, 123, 'test', 1, 'default', '{"cn.ruleengine.core.rule.GeneralRule": {"id": 123, "code": "test", "name": "test", "actionValue": {"cn.ruleengine.core.value.Constant": {"value": true, "valueType": {"cn.ruleengine.core.value.ValueType": "BOOLEAN"}}}, "description": null, "workspaceId": 1, "conditionSet": {"cn.ruleengine.core.condition.ConditionSet": {"conditionGroups": {"java.util.ArrayList": []}}}, "precondition": {"cn.ruleengine.core.condition.Precondition": {"precondition": {"java.util.ArrayList": []}}}, "abnormalAlarm": {"cn.ruleengine.core.rule.AbnormalAlarm": {"email": {"[Ljava.lang.String;": [""]}, "enable": false, "timeOutThreshold": 3000}}, "enableMonitor": false, "workspaceCode": "default", "defaultActionValue": {"cn.ruleengine.core.value.Constant": {"value": "123", "valueType": {"cn.ruleengine.core.value.ValueType": "STRING"}}}}}', 1, '2020-12-29 15:51:30', '2020-12-29 15:51:30', 1);
INSERT INTO boot_engine.rule_engine_general_rule_publish (id, general_rule_id, general_rule_code, workspace_id, workspace_code, data, status, create_time, update_time, deleted) VALUES (231, 121, 'bs', 1, 'default', '{"cn.ruleengine.core.rule.GeneralRule": {"id": 121, "code": "bs", "name": "篮球苗子", "actionValue": {"cn.ruleengine.core.value.Constant": {"value": "是一个篮球苗子，需要培养", "valueType": {"cn.ruleengine.core.value.ValueType": "STRING"}}}, "description": "是否为篮球苗子测试", "workspaceId": 1, "conditionSet": {"cn.ruleengine.core.condition.ConditionSet": {"conditionGroups": {"java.util.ArrayList": [{"cn.ruleengine.core.condition.ConditionGroup": {"id": 1419, "name": null, "orderNo": 1, "conditions": {"java.util.ArrayList": [{"cn.ruleengine.core.condition.Condition": {"id": 103, "name": "专业是否为体育生", "orderNo": 1, "operator": {"cn.ruleengine.core.condition.Operator": "EQ"}, "leftValue": {"cn.ruleengine.core.value.Constant": {"value": "体育", "valueType": {"cn.ruleengine.core.value.ValueType": "STRING"}}}, "rightValue": {"cn.ruleengine.core.value.Element": {"elementId": 119, "valueType": {"cn.ruleengine.core.value.ValueType": "STRING"}, "elementCode": "major"}}}}]}}}, {"cn.ruleengine.core.condition.ConditionGroup": {"id": 1420, "name": null, "orderNo": 2, "conditions": {"java.util.ArrayList": [{"cn.ruleengine.core.condition.Condition": {"id": 104, "name": "年龄在7-11之间条件", "orderNo": 1, "operator": {"cn.ruleengine.core.condition.Operator": "EQ"}, "leftValue": {"cn.ruleengine.core.value.Variable": {"valueType": {"cn.ruleengine.core.value.ValueType": "BOOLEAN"}, "variableId": 118}}, "rightValue": {"cn.ruleengine.core.value.Constant": {"value": true, "valueType": {"cn.ruleengine.core.value.ValueType": "BOOLEAN"}}}}}, {"cn.ruleengine.core.condition.Condition": {"id": 102, "name": "身体是否健壮", "orderNo": 2, "operator": {"cn.ruleengine.core.condition.Operator": "CONTAIN"}, "leftValue": {"cn.ruleengine.core.value.Constant": {"value": {"java.util.Arrays$ArrayList": ["健壮", "优秀", "良好"]}, "valueType": {"cn.ruleengine.core.value.ValueType": "COLLECTION"}}}, "rightValue": {"cn.ruleengine.core.value.Element": {"elementId": 117, "valueType": {"cn.ruleengine.core.value.ValueType": "STRING"}, "elementCode": "healthStatus"}}}}, {"cn.ruleengine.core.condition.Condition": {"id": 101, "name": "年级是三年级以上", "orderNo": 3, "operator": {"cn.ruleengine.core.condition.Operator": "GT"}, "leftValue": {"cn.ruleengine.core.value.Element": {"elementId": 116, "valueType": {"cn.ruleengine.core.value.ValueType": "NUMBER"}, "elementCode": "grade"}}, "rightValue": {"cn.ruleengine.core.value.Constant": {"value": {"java.math.BigDecimal": 3}, "valueType": {"cn.ruleengine.core.value.ValueType": "NUMBER"}}}}}, {"cn.ruleengine.core.condition.Condition": {"id": 100, "name": "身高170cm以上", "orderNo": 4, "operator": {"cn.ruleengine.core.condition.Operator": "GE"}, "leftValue": {"cn.ruleengine.core.value.Element": {"elementId": 115, "valueType": {"cn.ruleengine.core.value.ValueType": "NUMBER"}, "elementCode": "height"}}, "rightValue": {"cn.ruleengine.core.value.Constant": {"value": {"java.math.BigDecimal": 170}, "valueType": {"cn.ruleengine.core.value.ValueType": "NUMBER"}}}}}, {"cn.ruleengine.core.condition.Condition": {"id": 98, "name": "性别是男的", "orderNo": 5, "operator": {"cn.ruleengine.core.condition.Operator": "EQ"}, "leftValue": {"cn.ruleengine.core.value.Element": {"elementId": 114, "valueType": {"cn.ruleengine.core.value.ValueType": "STRING"}, "elementCode": "sex"}}, "rightValue": {"cn.ruleengine.core.value.Constant": {"value": "男", "valueType": {"cn.ruleengine.core.value.ValueType": "STRING"}}}}}]}}}]}}}, "precondition": {"cn.ruleengine.core.condition.Precondition": {"precondition": {"java.util.ArrayList": []}}}, "abnormalAlarm": {"cn.ruleengine.core.rule.AbnormalAlarm": {"email": {"[Ljava.lang.String;": [""]}, "enable": false, "timeOutThreshold": 3000}}, "enableMonitor": false, "workspaceCode": "default", "defaultActionValue": {"cn.ruleengine.core.value.Constant": {"value": "不是", "valueType": {"cn.ruleengine.core.value.ValueType": "STRING"}}}}}', 2, '2020-12-29 16:20:58', '2020-12-29 16:20:58', 0);
INSERT INTO boot_engine.rule_engine_general_rule_publish (id, general_rule_id, general_rule_code, workspace_id, workspace_code, data, status, create_time, update_time, deleted) VALUES (232, 124, 'TEST_1230', 1, 'default', '{"cn.ruleengine.core.rule.GeneralRule": {"id": 124, "code": "TEST_1230", "name": "测试", "actionValue": {"cn.ruleengine.core.value.Constant": {"value": "测试", "valueType": {"cn.ruleengine.core.value.ValueType": "STRING"}}}, "description": null, "workspaceId": 1, "conditionSet": {"cn.ruleengine.core.condition.ConditionSet": {"conditionGroups": {"java.util.ArrayList": [{"cn.ruleengine.core.condition.ConditionGroup": {"id": 1421, "name": null, "orderNo": 1, "conditions": {"java.util.ArrayList": [{"cn.ruleengine.core.condition.Condition": {"id": 103, "name": "专业是否为体育生", "orderNo": 1, "operator": {"cn.ruleengine.core.condition.Operator": "EQ"}, "leftValue": {"cn.ruleengine.core.value.Constant": {"value": "体育", "valueType": {"cn.ruleengine.core.value.ValueType": "STRING"}}}, "rightValue": {"cn.ruleengine.core.value.Element": {"elementId": 119, "valueType": {"cn.ruleengine.core.value.ValueType": "STRING"}, "elementCode": "major"}}}}, {"cn.ruleengine.core.condition.Condition": {"id": 104, "name": "年龄在7-11之间条件", "orderNo": 2, "operator": {"cn.ruleengine.core.condition.Operator": "EQ"}, "leftValue": {"cn.ruleengine.core.value.Variable": {"valueType": {"cn.ruleengine.core.value.ValueType": "BOOLEAN"}, "variableId": 118}}, "rightValue": {"cn.ruleengine.core.value.Constant": {"value": true, "valueType": {"cn.ruleengine.core.value.ValueType": "BOOLEAN"}}}}}, {"cn.ruleengine.core.condition.Condition": {"id": 98, "name": "性别是男的", "orderNo": 3, "operator": {"cn.ruleengine.core.condition.Operator": "EQ"}, "leftValue": {"cn.ruleengine.core.value.Element": {"elementId": 114, "valueType": {"cn.ruleengine.core.value.ValueType": "STRING"}, "elementCode": "sex"}}, "rightValue": {"cn.ruleengine.core.value.Constant": {"value": "男", "valueType": {"cn.ruleengine.core.value.ValueType": "STRING"}}}}}]}}}]}}}, "precondition": {"cn.ruleengine.core.condition.Precondition": {"precondition": {"java.util.ArrayList": []}}}, "abnormalAlarm": {"cn.ruleengine.core.rule.AbnormalAlarm": {"email": {"[Ljava.lang.String;": [""]}, "enable": false, "timeOutThreshold": 3000}}, "enableMonitor": false, "workspaceCode": "default", "defaultActionValue": {"cn.ruleengine.core.value.Constant": {"value": "测试111", "valueType": {"cn.ruleengine.core.value.ValueType": "STRING"}}}}}', 2, '2020-12-30 00:49:55', '2020-12-30 00:49:55', 1);
INSERT INTO boot_engine.rule_engine_general_rule_publish (id, general_rule_id, general_rule_code, workspace_id, workspace_code, data, status, create_time, update_time, deleted) VALUES (233, 125, 'order_ll', 1, 'default', '{"cn.ruleengine.core.rule.GeneralRule": {"id": 125, "code": "order_ll", "name": "订单-策略", "actionValue": {"cn.ruleengine.core.value.Constant": {"value": "1111", "valueType": {"cn.ruleengine.core.value.ValueType": "STRING"}}}, "description": null, "workspaceId": 1, "conditionSet": {"cn.ruleengine.core.condition.ConditionSet": {"conditionGroups": {"java.util.ArrayList": [{"cn.ruleengine.core.condition.ConditionGroup": {"id": 1422, "name": null, "orderNo": 1, "conditions": {"java.util.ArrayList": [{"cn.ruleengine.core.condition.Condition": {"id": 103, "name": "专业是否为体育生", "orderNo": 1, "operator": {"cn.ruleengine.core.condition.Operator": "EQ"}, "leftValue": {"cn.ruleengine.core.value.Constant": {"value": "体育", "valueType": {"cn.ruleengine.core.value.ValueType": "STRING"}}}, "rightValue": {"cn.ruleengine.core.value.Element": {"elementId": 119, "valueType": {"cn.ruleengine.core.value.ValueType": "STRING"}, "elementCode": "major"}}}}]}}}, {"cn.ruleengine.core.condition.ConditionGroup": {"id": 1423, "name": null, "orderNo": 2, "conditions": {"java.util.ArrayList": [{"cn.ruleengine.core.condition.Condition": {"id": 104, "name": "年龄在7-11之间条件", "orderNo": 1, "operator": {"cn.ruleengine.core.condition.Operator": "EQ"}, "leftValue": {"cn.ruleengine.core.value.Variable": {"valueType": {"cn.ruleengine.core.value.ValueType": "BOOLEAN"}, "variableId": 118}}, "rightValue": {"cn.ruleengine.core.value.Constant": {"value": true, "valueType": {"cn.ruleengine.core.value.ValueType": "BOOLEAN"}}}}}]}}}]}}}, "precondition": {"cn.ruleengine.core.condition.Precondition": {"precondition": {"java.util.ArrayList": []}}}, "abnormalAlarm": {"cn.ruleengine.core.rule.AbnormalAlarm": {"email": {"[Ljava.lang.String;": [""]}, "enable": false, "timeOutThreshold": 3000}}, "enableMonitor": false, "workspaceCode": "default", "defaultActionValue": {"cn.ruleengine.core.value.Constant": {"value": "222", "valueType": {"cn.ruleengine.core.value.ValueType": "STRING"}}}}}', 2, '2020-12-30 01:38:21', '2020-12-30 01:38:21', 1);
INSERT INTO boot_engine.rule_engine_general_rule_publish (id, general_rule_id, general_rule_code, workspace_id, workspace_code, data, status, create_time, update_time, deleted) VALUES (234, 126, 'order', 1, 'default', '{"cn.ruleengine.core.rule.GeneralRule": {"id": 126, "code": "order", "name": "订单策略", "actionValue": {"cn.ruleengine.core.value.Constant": {"value": "true", "valueType": {"cn.ruleengine.core.value.ValueType": "STRING"}}}, "description": null, "workspaceId": 1, "conditionSet": {"cn.ruleengine.core.condition.ConditionSet": {"conditionGroups": {"java.util.ArrayList": [{"cn.ruleengine.core.condition.ConditionGroup": {"id": 1424, "name": null, "orderNo": 1, "conditions": {"java.util.ArrayList": [{"cn.ruleengine.core.condition.Condition": {"id": 99, "name": "年龄小于10岁", "orderNo": 1, "operator": {"cn.ruleengine.core.condition.Operator": "LT"}, "leftValue": {"cn.ruleengine.core.value.Element": {"elementId": 66, "valueType": {"cn.ruleengine.core.value.ValueType": "NUMBER"}, "elementCode": "age"}}, "rightValue": {"cn.ruleengine.core.value.Constant": {"value": {"java.math.BigDecimal": 10}, "valueType": {"cn.ruleengine.core.value.ValueType": "NUMBER"}}}}}]}}}, {"cn.ruleengine.core.condition.ConditionGroup": {"id": 1425, "name": null, "orderNo": 2, "conditions": {"java.util.ArrayList": [{"cn.ruleengine.core.condition.Condition": {"id": 65, "name": "年龄大于等于20条件", "orderNo": 1, "operator": {"cn.ruleengine.core.condition.Operator": "GE"}, "leftValue": {"cn.ruleengine.core.value.Element": {"elementId": 66, "valueType": {"cn.ruleengine.core.value.ValueType": "NUMBER"}, "elementCode": "age"}}, "rightValue": {"cn.ruleengine.core.value.Constant": {"value": {"java.math.BigDecimal": 20}, "valueType": {"cn.ruleengine.core.value.ValueType": "NUMBER"}}}}}]}}}]}}}, "precondition": {"cn.ruleengine.core.condition.Precondition": {"precondition": {"java.util.ArrayList": []}}}, "abnormalAlarm": {"cn.ruleengine.core.rule.AbnormalAlarm": {"email": {"[Ljava.lang.String;": [""]}, "enable": false, "timeOutThreshold": 3000}}, "enableMonitor": false, "workspaceCode": "default", "defaultActionValue": {"cn.ruleengine.core.value.Constant": {"value": "false", "valueType": {"cn.ruleengine.core.value.ValueType": "STRING"}}}}}', 2, '2020-12-30 01:42:08', '2020-12-30 01:42:08', 1);
INSERT INTO boot_engine.rule_engine_general_rule_publish (id, general_rule_id, general_rule_code, workspace_id, workspace_code, data, status, create_time, update_time, deleted) VALUES (235, 128, 'test1111', 1, 'default', '{"cn.ruleengine.core.rule.GeneralRule": {"id": 128, "code": "test1111", "name": "测试一下", "actionValue": {"cn.ruleengine.core.value.Element": {"elementId": 82, "valueType": {"cn.ruleengine.core.value.ValueType": "COLLECTION"}, "elementCode": "mailRecipient"}}, "description": null, "workspaceId": 1, "conditionSet": {"cn.ruleengine.core.condition.ConditionSet": {"conditionGroups": {"java.util.ArrayList": [{"cn.ruleengine.core.condition.ConditionGroup": {"id": 1426, "name": null, "orderNo": 1, "conditions": {"java.util.ArrayList": [{"cn.ruleengine.core.condition.Condition": {"id": 57, "name": "审批人测试", "orderNo": 1, "operator": {"cn.ruleengine.core.condition.Operator": "CONTAIN"}, "leftValue": {"cn.ruleengine.core.value.Variable": {"valueType": {"cn.ruleengine.core.value.ValueType": "COLLECTION"}, "variableId": 35}}, "rightValue": {"cn.ruleengine.core.value.Constant": {"value": {"java.math.BigDecimal": 123}, "valueType": {"cn.ruleengine.core.value.ValueType": "NUMBER"}}}}}]}}}]}}}, "precondition": {"cn.ruleengine.core.condition.Precondition": {"precondition": {"java.util.ArrayList": []}}}, "abnormalAlarm": {"cn.ruleengine.core.rule.AbnormalAlarm": {"email": {"[Ljava.lang.String;": [""]}, "enable": false, "timeOutThreshold": 3000}}, "enableMonitor": false, "workspaceCode": "default", "defaultActionValue": null}}', 1, '2020-12-30 11:51:11', '2020-12-30 11:51:11', 1);
INSERT INTO boot_engine.rule_engine_general_rule_publish (id, general_rule_id, general_rule_code, workspace_id, workspace_code, data, status, create_time, update_time, deleted) VALUES (236, 128, 'test1111', 1, 'default', '{"cn.ruleengine.core.rule.GeneralRule": {"id": 128, "code": "test1111", "name": "测试一下", "actionValue": {"cn.ruleengine.core.value.Element": {"elementId": 82, "valueType": {"cn.ruleengine.core.value.ValueType": "COLLECTION"}, "elementCode": "mailRecipient"}}, "description": null, "workspaceId": 1, "conditionSet": {"cn.ruleengine.core.condition.ConditionSet": {"conditionGroups": {"java.util.ArrayList": [{"cn.ruleengine.core.condition.ConditionGroup": {"id": 1427, "name": null, "orderNo": 1, "conditions": {"java.util.ArrayList": [{"cn.ruleengine.core.condition.Condition": {"id": 57, "name": "审批人测试", "orderNo": 1, "operator": {"cn.ruleengine.core.condition.Operator": "CONTAIN"}, "leftValue": {"cn.ruleengine.core.value.Variable": {"valueType": {"cn.ruleengine.core.value.ValueType": "COLLECTION"}, "variableId": 35}}, "rightValue": {"cn.ruleengine.core.value.Constant": {"value": {"java.math.BigDecimal": 123}, "valueType": {"cn.ruleengine.core.value.ValueType": "NUMBER"}}}}}]}}}]}}}, "precondition": {"cn.ruleengine.core.condition.Precondition": {"precondition": {"java.util.ArrayList": []}}}, "abnormalAlarm": {"cn.ruleengine.core.rule.AbnormalAlarm": {"email": {"[Ljava.lang.String;": [""]}, "enable": false, "timeOutThreshold": 3000}}, "enableMonitor": false, "workspaceCode": "default", "defaultActionValue": null}}', 1, '2020-12-30 14:51:16', '2020-12-30 14:51:16', 1);
INSERT INTO boot_engine.rule_engine_general_rule_publish (id, general_rule_id, general_rule_code, workspace_id, workspace_code, data, status, create_time, update_time, deleted) VALUES (237, 129, 'test', 1, 'default', '{"cn.ruleengine.core.rule.GeneralRule": {"id": 129, "code": "test", "name": "test", "actionValue": {"cn.ruleengine.core.value.Constant": {"value": true, "valueType": {"cn.ruleengine.core.value.ValueType": "BOOLEAN"}}}, "description": null, "workspaceId": 1, "conditionSet": {"cn.ruleengine.core.condition.ConditionSet": {"conditionGroups": {"java.util.ArrayList": []}}}, "precondition": {"cn.ruleengine.core.condition.Precondition": {"precondition": {"java.util.ArrayList": []}}}, "abnormalAlarm": {"cn.ruleengine.core.rule.AbnormalAlarm": {"email": {"[Ljava.lang.String;": [""]}, "enable": false, "timeOutThreshold": 3000}}, "enableMonitor": false, "workspaceCode": "default", "defaultActionValue": null}}', 1, '2020-12-30 17:19:08', '2020-12-30 17:19:08', 1);
INSERT INTO boot_engine.rule_engine_general_rule_publish (id, general_rule_id, general_rule_code, workspace_id, workspace_code, data, status, create_time, update_time, deleted) VALUES (238, 130, 'ste', 1, 'default', '{"cn.ruleengine.core.rule.GeneralRule": {"id": 130, "code": "ste", "name": "test", "actionValue": {"cn.ruleengine.core.value.Constant": {"value": {"java.math.BigDecimal": 123}, "valueType": {"cn.ruleengine.core.value.ValueType": "NUMBER"}}}, "description": null, "workspaceId": 1, "conditionSet": {"cn.ruleengine.core.condition.ConditionSet": {"conditionGroups": {"java.util.ArrayList": []}}}, "precondition": {"cn.ruleengine.core.condition.Precondition": {"precondition": {"java.util.ArrayList": []}}}, "abnormalAlarm": {"cn.ruleengine.core.rule.AbnormalAlarm": {"email": {"[Ljava.lang.String;": [""]}, "enable": false, "timeOutThreshold": 3000}}, "enableMonitor": false, "workspaceCode": "default", "defaultActionValue": null}}', 2, '2020-12-30 17:19:33', '2020-12-30 17:19:33', 1);
INSERT INTO boot_engine.rule_engine_general_rule_publish (id, general_rule_id, general_rule_code, workspace_id, workspace_code, data, status, create_time, update_time, deleted) VALUES (239, 122, 'phoneRuletest', 1, 'default', '{"cn.ruleengine.core.rule.GeneralRule": {"id": 122, "code": "phoneRuletest", "name": "手机号规则测试", "actionValue": {"cn.ruleengine.core.value.Constant": {"value": true, "valueType": {"cn.ruleengine.core.value.ValueType": "BOOLEAN"}}}, "description": null, "workspaceId": 1, "conditionSet": {"cn.ruleengine.core.condition.ConditionSet": {"conditionGroups": {"java.util.ArrayList": [{"cn.ruleengine.core.condition.ConditionGroup": {"id": 1428, "name": null, "orderNo": 1, "conditions": {"java.util.ArrayList": [{"cn.ruleengine.core.condition.Condition": {"id": 71, "name": "排除号码在白名单的", "orderNo": 1, "operator": {"cn.ruleengine.core.condition.Operator": "CONTAIN"}, "leftValue": {"cn.ruleengine.core.value.Variable": {"valueType": {"cn.ruleengine.core.value.ValueType": "COLLECTION"}, "variableId": 77}}, "rightValue": {"cn.ruleengine.core.value.Element": {"elementId": 77, "valueType": {"cn.ruleengine.core.value.ValueType": "STRING"}, "elementCode": "phone"}}}}]}}}, {"cn.ruleengine.core.condition.ConditionGroup": {"id": 1429, "name": null, "orderNo": 2, "conditions": {"java.util.ArrayList": [{"cn.ruleengine.core.condition.Condition": {"id": 73, "name": "验证是否为手机号码条件", "orderNo": 1, "operator": {"cn.ruleengine.core.condition.Operator": "EQ"}, "leftValue": {"cn.ruleengine.core.value.Variable": {"valueType": {"cn.ruleengine.core.value.ValueType": "BOOLEAN"}, "variableId": 79}}, "rightValue": {"cn.ruleengine.core.value.Constant": {"value": true, "valueType": {"cn.ruleengine.core.value.ValueType": "BOOLEAN"}}}}}, {"cn.ruleengine.core.condition.Condition": {"id": 70, "name": "限制号码长度", "orderNo": 2, "operator": {"cn.ruleengine.core.condition.Operator": "LE"}, "leftValue": {"cn.ruleengine.core.value.Variable": {"valueType": {"cn.ruleengine.core.value.ValueType": "NUMBER"}, "variableId": 76}}, "rightValue": {"cn.ruleengine.core.value.Constant": {"value": {"java.math.BigDecimal": 17}, "valueType": {"cn.ruleengine.core.value.ValueType": "NUMBER"}}}}}, {"cn.ruleengine.core.condition.Condition": {"id": 69, "name": "号码开头", "orderNo": 3, "operator": {"cn.ruleengine.core.condition.Operator": "STARTS_WITH"}, "leftValue": {"cn.ruleengine.core.value.Element": {"elementId": 77, "valueType": {"cn.ruleengine.core.value.ValueType": "STRING"}, "elementCode": "phone"}}, "rightValue": {"cn.ruleengine.core.value.Constant": {"value": "137", "valueType": {"cn.ruleengine.core.value.ValueType": "STRING"}}}}}]}}}]}}}, "precondition": {"cn.ruleengine.core.condition.Precondition": {"precondition": {"java.util.ArrayList": []}}}, "abnormalAlarm": {"cn.ruleengine.core.rule.AbnormalAlarm": {"email": {"[Ljava.lang.String;": [""]}, "enable": false, "timeOutThreshold": 3000}}, "enableMonitor": false, "workspaceCode": "default", "defaultActionValue": {"cn.ruleengine.core.value.Constant": {"value": false, "valueType": {"cn.ruleengine.core.value.ValueType": "BOOLEAN"}}}}}', 1, '2021-01-02 19:12:27', '2021-01-02 19:12:27', 1);
INSERT INTO boot_engine.rule_engine_general_rule_publish (id, general_rule_id, general_rule_code, workspace_id, workspace_code, data, status, create_time, update_time, deleted) VALUES (241, 122, 'phoneRuletest', 1, 'default', '{"cn.ruleengine.core.rule.GeneralRule": {"id": 122, "code": "phoneRuletest", "name": "手机号规则测试", "actionValue": {"cn.ruleengine.core.value.Constant": {"value": true, "valueType": {"cn.ruleengine.core.value.ValueType": "BOOLEAN"}}}, "description": null, "workspaceId": 1, "conditionSet": {"cn.ruleengine.core.condition.ConditionSet": {"conditionGroups": {"java.util.ArrayList": [{"cn.ruleengine.core.condition.ConditionGroup": {"id": 1432, "name": null, "orderNo": 1, "conditions": {"java.util.ArrayList": [{"cn.ruleengine.core.condition.Condition": {"id": 71, "name": "排除号码在白名单的", "orderNo": 1, "operator": {"cn.ruleengine.core.condition.Operator": "CONTAIN"}, "leftValue": {"cn.ruleengine.core.value.Variable": {"valueType": {"cn.ruleengine.core.value.ValueType": "COLLECTION"}, "variableId": 77}}, "rightValue": {"cn.ruleengine.core.value.Element": {"elementId": 77, "valueType": {"cn.ruleengine.core.value.ValueType": "STRING"}, "elementCode": "phone"}}}}]}}}, {"cn.ruleengine.core.condition.ConditionGroup": {"id": 1433, "name": null, "orderNo": 2, "conditions": {"java.util.ArrayList": [{"cn.ruleengine.core.condition.Condition": {"id": 73, "name": "验证是否为手机号码条件", "orderNo": 1, "operator": {"cn.ruleengine.core.condition.Operator": "EQ"}, "leftValue": {"cn.ruleengine.core.value.Variable": {"valueType": {"cn.ruleengine.core.value.ValueType": "BOOLEAN"}, "variableId": 79}}, "rightValue": {"cn.ruleengine.core.value.Constant": {"value": true, "valueType": {"cn.ruleengine.core.value.ValueType": "BOOLEAN"}}}}}, {"cn.ruleengine.core.condition.Condition": {"id": 70, "name": "限制号码长度", "orderNo": 2, "operator": {"cn.ruleengine.core.condition.Operator": "LE"}, "leftValue": {"cn.ruleengine.core.value.Variable": {"valueType": {"cn.ruleengine.core.value.ValueType": "NUMBER"}, "variableId": 76}}, "rightValue": {"cn.ruleengine.core.value.Constant": {"value": {"java.math.BigDecimal": 17}, "valueType": {"cn.ruleengine.core.value.ValueType": "NUMBER"}}}}}, {"cn.ruleengine.core.condition.Condition": {"id": 69, "name": "号码开头", "orderNo": 3, "operator": {"cn.ruleengine.core.condition.Operator": "STARTS_WITH"}, "leftValue": {"cn.ruleengine.core.value.Element": {"elementId": 77, "valueType": {"cn.ruleengine.core.value.ValueType": "STRING"}, "elementCode": "phone"}}, "rightValue": {"cn.ruleengine.core.value.Constant": {"value": "137", "valueType": {"cn.ruleengine.core.value.ValueType": "STRING"}}}}}]}}}]}}}, "precondition": {"cn.ruleengine.core.condition.Precondition": {"precondition": {"java.util.ArrayList": []}}}, "abnormalAlarm": {"cn.ruleengine.core.rule.AbnormalAlarm": {"email": {"[Ljava.lang.String;": [""]}, "enable": false, "timeOutThreshold": 3000}}, "enableMonitor": false, "workspaceCode": "default", "defaultActionValue": {"cn.ruleengine.core.value.Constant": {"value": false, "valueType": {"cn.ruleengine.core.value.ValueType": "BOOLEAN"}}}}}', 1, '2021-01-03 17:28:56', '2021-01-03 17:28:56', 1);
INSERT INTO boot_engine.rule_engine_general_rule_publish (id, general_rule_id, general_rule_code, workspace_id, workspace_code, data, status, create_time, update_time, deleted) VALUES (242, 122, 'phoneRuletest', 1, 'default', '{"cn.ruleengine.core.rule.GeneralRule": {"id": 122, "code": "phoneRuletest", "name": "手机号规则测试", "actionValue": {"cn.ruleengine.core.value.Constant": {"value": true, "valueType": {"cn.ruleengine.core.value.ValueType": "BOOLEAN"}}}, "description": null, "workspaceId": 1, "conditionSet": {"cn.ruleengine.core.condition.ConditionSet": {"conditionGroups": {"java.util.ArrayList": [{"cn.ruleengine.core.condition.ConditionGroup": {"id": 1434, "name": null, "orderNo": 1, "conditions": {"java.util.ArrayList": [{"cn.ruleengine.core.condition.Condition": {"id": 71, "name": "排除号码在白名单的", "orderNo": 1, "operator": {"cn.ruleengine.core.condition.Operator": "CONTAIN"}, "leftValue": {"cn.ruleengine.core.value.Variable": {"valueType": {"cn.ruleengine.core.value.ValueType": "COLLECTION"}, "variableId": 77}}, "rightValue": {"cn.ruleengine.core.value.Element": {"elementId": 77, "valueType": {"cn.ruleengine.core.value.ValueType": "STRING"}, "elementCode": "phone"}}}}]}}}, {"cn.ruleengine.core.condition.ConditionGroup": {"id": 1435, "name": null, "orderNo": 2, "conditions": {"java.util.ArrayList": [{"cn.ruleengine.core.condition.Condition": {"id": 73, "name": "验证是否为手机号码条件", "orderNo": 1, "operator": {"cn.ruleengine.core.condition.Operator": "EQ"}, "leftValue": {"cn.ruleengine.core.value.Variable": {"valueType": {"cn.ruleengine.core.value.ValueType": "BOOLEAN"}, "variableId": 79}}, "rightValue": {"cn.ruleengine.core.value.Constant": {"value": true, "valueType": {"cn.ruleengine.core.value.ValueType": "BOOLEAN"}}}}}, {"cn.ruleengine.core.condition.Condition": {"id": 70, "name": "限制号码长度", "orderNo": 2, "operator": {"cn.ruleengine.core.condition.Operator": "LE"}, "leftValue": {"cn.ruleengine.core.value.Variable": {"valueType": {"cn.ruleengine.core.value.ValueType": "NUMBER"}, "variableId": 76}}, "rightValue": {"cn.ruleengine.core.value.Constant": {"value": {"java.math.BigDecimal": 17}, "valueType": {"cn.ruleengine.core.value.ValueType": "NUMBER"}}}}}, {"cn.ruleengine.core.condition.Condition": {"id": 69, "name": "号码开头", "orderNo": 3, "operator": {"cn.ruleengine.core.condition.Operator": "STARTS_WITH"}, "leftValue": {"cn.ruleengine.core.value.Element": {"elementId": 77, "valueType": {"cn.ruleengine.core.value.ValueType": "STRING"}, "elementCode": "phone"}}, "rightValue": {"cn.ruleengine.core.value.Constant": {"value": "137", "valueType": {"cn.ruleengine.core.value.ValueType": "STRING"}}}}}]}}}]}}}, "precondition": {"cn.ruleengine.core.condition.Precondition": {"precondition": {"java.util.ArrayList": []}}}, "abnormalAlarm": {"cn.ruleengine.core.rule.AbnormalAlarm": {"email": {"[Ljava.lang.String;": [""]}, "enable": false, "timeOutThreshold": 3000}}, "enableMonitor": false, "workspaceCode": "default", "defaultActionValue": {"cn.ruleengine.core.value.Constant": {"value": false, "valueType": {"cn.ruleengine.core.value.ValueType": "BOOLEAN"}}}}}', 1, '2021-01-03 17:54:16', '2021-01-03 17:54:16', 1);
INSERT INTO boot_engine.rule_engine_general_rule_publish (id, general_rule_id, general_rule_code, workspace_id, workspace_code, data, status, create_time, update_time, deleted) VALUES (243, 132, 'test', 1, 'default', '{"cn.ruleengine.core.rule.GeneralRule": {"id": 132, "code": "test", "name": "测试", "actionValue": {"cn.ruleengine.core.value.Constant": {"value": "true", "valueType": {"cn.ruleengine.core.value.ValueType": "STRING"}}}, "description": null, "workspaceId": 1, "conditionSet": {"cn.ruleengine.core.condition.ConditionSet": {"conditionGroups": {"java.util.ArrayList": [{"cn.ruleengine.core.condition.ConditionGroup": {"id": 1436, "name": null, "orderNo": 1, "conditions": {"java.util.ArrayList": [{"cn.ruleengine.core.condition.Condition": {"id": 104, "name": "年龄在7-11之间条件", "orderNo": 1, "operator": {"cn.ruleengine.core.condition.Operator": "EQ"}, "leftValue": {"cn.ruleengine.core.value.Variable": {"valueType": {"cn.ruleengine.core.value.ValueType": "BOOLEAN"}, "variableId": 118}}, "rightValue": {"cn.ruleengine.core.value.Constant": {"value": true, "valueType": {"cn.ruleengine.core.value.ValueType": "BOOLEAN"}}}}}, {"cn.ruleengine.core.condition.Condition": {"id": 73, "name": "验证是否为手机号码条件", "orderNo": 2, "operator": {"cn.ruleengine.core.condition.Operator": "EQ"}, "leftValue": {"cn.ruleengine.core.value.Variable": {"valueType": {"cn.ruleengine.core.value.ValueType": "BOOLEAN"}, "variableId": 79}}, "rightValue": {"cn.ruleengine.core.value.Constant": {"value": true, "valueType": {"cn.ruleengine.core.value.ValueType": "BOOLEAN"}}}}}]}}}]}}}, "precondition": {"cn.ruleengine.core.condition.Precondition": {"precondition": {"java.util.ArrayList": []}}}, "abnormalAlarm": {"cn.ruleengine.core.rule.AbnormalAlarm": {"email": {"[Ljava.lang.String;": [""]}, "enable": false, "timeOutThreshold": 3000}}, "enableMonitor": false, "workspaceCode": "default", "defaultActionValue": null}}', 1, '2021-01-05 09:00:35', '2021-01-05 09:00:35', 1);
INSERT INTO boot_engine.rule_engine_general_rule_publish (id, general_rule_id, general_rule_code, workspace_id, workspace_code, data, status, create_time, update_time, deleted) VALUES (244, 132, 'test', 1, 'default', '{"cn.ruleengine.core.rule.GeneralRule": {"id": 132, "code": "test", "name": "测试", "actionValue": {"cn.ruleengine.core.value.Constant": {"value": "true", "valueType": {"cn.ruleengine.core.value.ValueType": "STRING"}}}, "description": null, "workspaceId": 1, "conditionSet": {"cn.ruleengine.core.condition.ConditionSet": {"conditionGroups": {"java.util.ArrayList": [{"cn.ruleengine.core.condition.ConditionGroup": {"id": 1437, "name": null, "orderNo": 1, "conditions": {"java.util.ArrayList": [{"cn.ruleengine.core.condition.Condition": {"id": 104, "name": "年龄在7-11之间条件", "orderNo": 1, "operator": {"cn.ruleengine.core.condition.Operator": "EQ"}, "leftValue": {"cn.ruleengine.core.value.Variable": {"valueType": {"cn.ruleengine.core.value.ValueType": "BOOLEAN"}, "variableId": 118}}, "rightValue": {"cn.ruleengine.core.value.Constant": {"value": true, "valueType": {"cn.ruleengine.core.value.ValueType": "BOOLEAN"}}}}}, {"cn.ruleengine.core.condition.Condition": {"id": 73, "name": "验证是否为手机号码条件", "orderNo": 2, "operator": {"cn.ruleengine.core.condition.Operator": "EQ"}, "leftValue": {"cn.ruleengine.core.value.Variable": {"valueType": {"cn.ruleengine.core.value.ValueType": "BOOLEAN"}, "variableId": 79}}, "rightValue": {"cn.ruleengine.core.value.Constant": {"value": true, "valueType": {"cn.ruleengine.core.value.ValueType": "BOOLEAN"}}}}}]}}}]}}}, "precondition": {"cn.ruleengine.core.condition.Precondition": {"precondition": {"java.util.ArrayList": []}}}, "abnormalAlarm": {"cn.ruleengine.core.rule.AbnormalAlarm": {"email": {"[Ljava.lang.String;": [""]}, "enable": false, "timeOutThreshold": 3000}}, "enableMonitor": false, "workspaceCode": "default", "defaultActionValue": null}}', 1, '2021-01-05 09:01:04', '2021-01-05 09:01:04', 1);
INSERT INTO boot_engine.rule_engine_general_rule_publish (id, general_rule_id, general_rule_code, workspace_id, workspace_code, data, status, create_time, update_time, deleted) VALUES (245, 132, 'test', 1, 'default', '{"cn.ruleengine.core.rule.GeneralRule": {"id": 132, "code": "test", "name": "测试", "actionValue": {"cn.ruleengine.core.value.Constant": {"value": "true", "valueType": {"cn.ruleengine.core.value.ValueType": "STRING"}}}, "description": null, "workspaceId": 1, "conditionSet": {"cn.ruleengine.core.condition.ConditionSet": {"conditionGroups": {"java.util.ArrayList": [{"cn.ruleengine.core.condition.ConditionGroup": {"id": 1438, "name": null, "orderNo": 1, "conditions": {"java.util.ArrayList": [{"cn.ruleengine.core.condition.Condition": {"id": 104, "name": "年龄在7-11之间条件", "orderNo": 1, "operator": {"cn.ruleengine.core.condition.Operator": "EQ"}, "leftValue": {"cn.ruleengine.core.value.Variable": {"valueType": {"cn.ruleengine.core.value.ValueType": "BOOLEAN"}, "variableId": 118}}, "rightValue": {"cn.ruleengine.core.value.Constant": {"value": true, "valueType": {"cn.ruleengine.core.value.ValueType": "BOOLEAN"}}}}}, {"cn.ruleengine.core.condition.Condition": {"id": 73, "name": "验证是否为手机号码条件", "orderNo": 2, "operator": {"cn.ruleengine.core.condition.Operator": "EQ"}, "leftValue": {"cn.ruleengine.core.value.Variable": {"valueType": {"cn.ruleengine.core.value.ValueType": "BOOLEAN"}, "variableId": 79}}, "rightValue": {"cn.ruleengine.core.value.Constant": {"value": true, "valueType": {"cn.ruleengine.core.value.ValueType": "BOOLEAN"}}}}}]}}}]}}}, "precondition": {"cn.ruleengine.core.condition.Precondition": {"precondition": {"java.util.ArrayList": []}}}, "abnormalAlarm": {"cn.ruleengine.core.rule.AbnormalAlarm": {"email": {"[Ljava.lang.String;": [""]}, "enable": false, "timeOutThreshold": 3000}}, "enableMonitor": false, "workspaceCode": "default", "defaultActionValue": {"cn.ruleengine.core.value.Element": {"elementId": 60, "valueType": {"cn.ruleengine.core.value.ValueType": "STRING"}, "elementCode": "ele-string"}}}}', 1, '2021-01-05 17:16:48', '2021-01-05 17:16:48', 1);
INSERT INTO boot_engine.rule_engine_general_rule_publish (id, general_rule_id, general_rule_code, workspace_id, workspace_code, data, status, create_time, update_time, deleted) VALUES (246, 132, 'test', 1, 'default', '{"cn.ruleengine.core.rule.GeneralRule": {"id": 132, "code": "test", "name": "测试", "actionValue": {"cn.ruleengine.core.value.Constant": {"value": "true", "valueType": {"cn.ruleengine.core.value.ValueType": "STRING"}}}, "description": null, "workspaceId": 1, "conditionSet": {"cn.ruleengine.core.condition.ConditionSet": {"conditionGroups": {"java.util.ArrayList": [{"cn.ruleengine.core.condition.ConditionGroup": {"id": 1439, "name": null, "orderNo": 1, "conditions": {"java.util.ArrayList": [{"cn.ruleengine.core.condition.Condition": {"id": 104, "name": "年龄在7-11之间条件", "orderNo": 1, "operator": {"cn.ruleengine.core.condition.Operator": "EQ"}, "leftValue": {"cn.ruleengine.core.value.Variable": {"valueType": {"cn.ruleengine.core.value.ValueType": "BOOLEAN"}, "variableId": 118}}, "rightValue": {"cn.ruleengine.core.value.Constant": {"value": true, "valueType": {"cn.ruleengine.core.value.ValueType": "BOOLEAN"}}}}}, {"cn.ruleengine.core.condition.Condition": {"id": 73, "name": "验证是否为手机号码条件", "orderNo": 2, "operator": {"cn.ruleengine.core.condition.Operator": "EQ"}, "leftValue": {"cn.ruleengine.core.value.Variable": {"valueType": {"cn.ruleengine.core.value.ValueType": "BOOLEAN"}, "variableId": 79}}, "rightValue": {"cn.ruleengine.core.value.Constant": {"value": true, "valueType": {"cn.ruleengine.core.value.ValueType": "BOOLEAN"}}}}}]}}}]}}}, "precondition": {"cn.ruleengine.core.condition.Precondition": {"precondition": {"java.util.ArrayList": []}}}, "abnormalAlarm": {"cn.ruleengine.core.rule.AbnormalAlarm": {"email": {"[Ljava.lang.String;": [""]}, "enable": false, "timeOutThreshold": 3000}}, "enableMonitor": false, "workspaceCode": "default", "defaultActionValue": {"cn.ruleengine.core.value.Element": {"elementId": 60, "valueType": {"cn.ruleengine.core.value.ValueType": "STRING"}, "elementCode": "ele-string"}}}}', 1, '2021-01-05 18:49:03', '2021-01-05 18:49:03', 1);
INSERT INTO boot_engine.rule_engine_general_rule_publish (id, general_rule_id, general_rule_code, workspace_id, workspace_code, data, status, create_time, update_time, deleted) VALUES (247, 122, 'phoneRuletest', 1, 'default', '{"cn.ruleengine.core.rule.GeneralRule": {"id": 122, "code": "phoneRuletest", "name": "手机号规则测试", "actionValue": {"cn.ruleengine.core.value.Constant": {"value": true, "valueType": {"cn.ruleengine.core.value.ValueType": "BOOLEAN"}}}, "description": null, "workspaceId": 1, "conditionSet": {"cn.ruleengine.core.condition.ConditionSet": {"conditionGroups": {"java.util.ArrayList": [{"cn.ruleengine.core.condition.ConditionGroup": {"id": 1440, "name": null, "orderNo": 1, "conditions": {"java.util.ArrayList": [{"cn.ruleengine.core.condition.Condition": {"id": 71, "name": "排除号码在白名单的", "orderNo": 1, "operator": {"cn.ruleengine.core.condition.Operator": "CONTAIN"}, "leftValue": {"cn.ruleengine.core.value.Variable": {"valueType": {"cn.ruleengine.core.value.ValueType": "COLLECTION"}, "variableId": 77}}, "rightValue": {"cn.ruleengine.core.value.Element": {"elementId": 77, "valueType": {"cn.ruleengine.core.value.ValueType": "STRING"}, "elementCode": "phone"}}}}]}}}, {"cn.ruleengine.core.condition.ConditionGroup": {"id": 1441, "name": null, "orderNo": 2, "conditions": {"java.util.ArrayList": [{"cn.ruleengine.core.condition.Condition": {"id": 73, "name": "验证是否为手机号码条件", "orderNo": 1, "operator": {"cn.ruleengine.core.condition.Operator": "EQ"}, "leftValue": {"cn.ruleengine.core.value.Variable": {"valueType": {"cn.ruleengine.core.value.ValueType": "BOOLEAN"}, "variableId": 79}}, "rightValue": {"cn.ruleengine.core.value.Constant": {"value": true, "valueType": {"cn.ruleengine.core.value.ValueType": "BOOLEAN"}}}}}, {"cn.ruleengine.core.condition.Condition": {"id": 70, "name": "限制号码长度", "orderNo": 2, "operator": {"cn.ruleengine.core.condition.Operator": "LE"}, "leftValue": {"cn.ruleengine.core.value.Variable": {"valueType": {"cn.ruleengine.core.value.ValueType": "NUMBER"}, "variableId": 76}}, "rightValue": {"cn.ruleengine.core.value.Constant": {"value": {"java.math.BigDecimal": 17}, "valueType": {"cn.ruleengine.core.value.ValueType": "NUMBER"}}}}}, {"cn.ruleengine.core.condition.Condition": {"id": 69, "name": "号码开头", "orderNo": 3, "operator": {"cn.ruleengine.core.condition.Operator": "STARTS_WITH"}, "leftValue": {"cn.ruleengine.core.value.Element": {"elementId": 77, "valueType": {"cn.ruleengine.core.value.ValueType": "STRING"}, "elementCode": "phone"}}, "rightValue": {"cn.ruleengine.core.value.Constant": {"value": "137", "valueType": {"cn.ruleengine.core.value.ValueType": "STRING"}}}}}]}}}]}}}, "precondition": {"cn.ruleengine.core.condition.Precondition": {"precondition": {"java.util.ArrayList": []}}}, "abnormalAlarm": {"cn.ruleengine.core.rule.AbnormalAlarm": {"email": {"[Ljava.lang.String;": [""]}, "enable": false, "timeOutThreshold": 3000}}, "enableMonitor": false, "workspaceCode": "default", "defaultActionValue": {"cn.ruleengine.core.value.Constant": {"value": false, "valueType": {"cn.ruleengine.core.value.ValueType": "BOOLEAN"}}}}}', 1, '2021-01-06 04:56:58', '2021-01-06 04:56:58', 0);
INSERT INTO boot_engine.rule_engine_general_rule_publish (id, general_rule_id, general_rule_code, workspace_id, workspace_code, data, status, create_time, update_time, deleted) VALUES (248, 137, 'a123', 1, 'default', '{"cn.ruleengine.core.rule.GeneralRule": {"id": 137, "code": "a123", "name": "---", "actionValue": {"cn.ruleengine.core.value.Constant": {"value": {"java.math.BigDecimal": 1}, "valueType": {"cn.ruleengine.core.value.ValueType": "NUMBER"}}}, "description": null, "workspaceId": 1, "conditionSet": {"cn.ruleengine.core.condition.ConditionSet": {"conditionGroups": {"java.util.ArrayList": [{"cn.ruleengine.core.condition.ConditionGroup": {"id": 1442, "name": null, "orderNo": 1, "conditions": {"java.util.ArrayList": [{"cn.ruleengine.core.condition.Condition": {"id": 108, "name": "---", "orderNo": 1, "operator": {"cn.ruleengine.core.condition.Operator": "GT"}, "leftValue": {"cn.ruleengine.core.value.Element": {"elementId": 66, "valueType": {"cn.ruleengine.core.value.ValueType": "NUMBER"}, "elementCode": "age"}}, "rightValue": {"cn.ruleengine.core.value.Constant": {"value": {"java.math.BigDecimal": 10}, "valueType": {"cn.ruleengine.core.value.ValueType": "NUMBER"}}}}}, {"cn.ruleengine.core.condition.Condition": {"id": 108, "name": "---", "orderNo": 2, "operator": {"cn.ruleengine.core.condition.Operator": "GT"}, "leftValue": {"cn.ruleengine.core.value.Element": {"elementId": 66, "valueType": {"cn.ruleengine.core.value.ValueType": "NUMBER"}, "elementCode": "age"}}, "rightValue": {"cn.ruleengine.core.value.Constant": {"value": {"java.math.BigDecimal": 10}, "valueType": {"cn.ruleengine.core.value.ValueType": "NUMBER"}}}}}]}}}]}}}, "precondition": {"cn.ruleengine.core.condition.Precondition": {"precondition": {"java.util.ArrayList": []}}}, "abnormalAlarm": {"cn.ruleengine.core.rule.AbnormalAlarm": {"email": {"[Ljava.lang.String;": [""]}, "enable": false, "timeOutThreshold": 3000}}, "enableMonitor": false, "workspaceCode": "default", "defaultActionValue": null}}', 2, '2021-01-07 02:25:12', '2021-01-07 02:25:12', 0);
create table rule_engine_group_data
(
    id          int auto_increment
        primary key,
    group_id    int       not null,
    data_id     int       not null,
    data_type   tinyint   not null,
    create_time timestamp null,
    update_time timestamp null,
    deleted     tinyint   null
)
    comment '规则用户组与数据权限' charset = utf8;

INSERT INTO boot_engine.rule_engine_group_data (id, group_id, data_id, data_type, create_time, update_time, deleted) VALUES (1, 1, 1, 0, '2020-11-21 02:42:01', '2020-11-21 02:42:03', 0);
create table rule_engine_menu
(
    id          int auto_increment
        primary key,
    name        varchar(20)          not null comment '用户id',
    description varchar(500)         null,
    parent_id   int                  null,
    icon        varchar(100)         null,
    sort        int                  null,
    menu_path   varchar(500)         not null comment '菜单路径',
    create_time timestamp            null on update CURRENT_TIMESTAMP,
    update_time timestamp            null on update CURRENT_TIMESTAMP,
    deleted     tinyint(1) default 0 not null
);

INSERT INTO boot_engine.rule_engine_menu (id, name, description, parent_id, icon, sort, menu_path, create_time, update_time, deleted) VALUES (9, '规则引擎', null, null, null, 0, '/', '2020-11-21 03:09:56', '2020-11-21 03:09:57', 0);
INSERT INTO boot_engine.rule_engine_menu (id, name, description, parent_id, icon, sort, menu_path, create_time, update_time, deleted) VALUES (10, '首页', null, 9, 'el-icon-s-home', 0, '/home', '2020-11-21 03:17:13', '2020-11-21 03:17:13', 0);
INSERT INTO boot_engine.rule_engine_menu (id, name, description, parent_id, icon, sort, menu_path, create_time, update_time, deleted) VALUES (11, '基础组件', null, 9, 'el-icon-menu', 1, '/', '2020-11-21 03:17:13', '2020-11-21 03:17:13', 0);
INSERT INTO boot_engine.rule_engine_menu (id, name, description, parent_id, icon, sort, menu_path, create_time, update_time, deleted) VALUES (12, '元素', null, 11, null, 0, '/element', '2020-11-21 03:16:24', '2020-11-21 03:16:25', 0);
INSERT INTO boot_engine.rule_engine_menu (id, name, description, parent_id, icon, sort, menu_path, create_time, update_time, deleted) VALUES (13, '变量', null, 11, null, 2, '/variable', '2020-12-28 23:46:45', '2020-12-28 23:46:45', 0);
INSERT INTO boot_engine.rule_engine_menu (id, name, description, parent_id, icon, sort, menu_path, create_time, update_time, deleted) VALUES (14, '函数', null, 11, null, 3, '/function', '2020-12-28 23:46:45', '2020-12-28 23:46:45', 0);
INSERT INTO boot_engine.rule_engine_menu (id, name, description, parent_id, icon, sort, menu_path, create_time, update_time, deleted) VALUES (15, '条件', null, 11, null, 4, '/condition', '2020-12-28 23:46:45', '2020-12-28 23:46:45', 0);
INSERT INTO boot_engine.rule_engine_menu (id, name, description, parent_id, icon, sort, menu_path, create_time, update_time, deleted) VALUES (16, '功能', null, 9, 'el-icon-s-marketing', 2, '/', '2020-11-21 03:17:49', '2020-11-21 03:17:50', 0);
INSERT INTO boot_engine.rule_engine_menu (id, name, description, parent_id, icon, sort, menu_path, create_time, update_time, deleted) VALUES (17, '普通规则', null, 16, null, 0, '/generalRule', '2020-12-29 21:39:59', '2020-12-29 21:39:59', 0);
INSERT INTO boot_engine.rule_engine_menu (id, name, description, parent_id, icon, sort, menu_path, create_time, update_time, deleted) VALUES (18, '设置', null, 9, 'el-icon-s-tools', 4, '/', '2020-12-19 01:30:40', '2020-12-19 01:30:40', 0);
INSERT INTO boot_engine.rule_engine_menu (id, name, description, parent_id, icon, sort, menu_path, create_time, update_time, deleted) VALUES (19, '个人设置', null, 18, null, 0, '/personalSettings', '2020-11-21 03:52:51', '2020-11-21 03:52:51', 0);
INSERT INTO boot_engine.rule_engine_menu (id, name, description, parent_id, icon, sort, menu_path, create_time, update_time, deleted) VALUES (20, '系统设置', null, 18, '', 2, '/systemSetting', '2020-12-28 21:53:17', '2020-12-28 21:53:17', 0);
INSERT INTO boot_engine.rule_engine_menu (id, name, description, parent_id, icon, sort, menu_path, create_time, update_time, deleted) VALUES (21, '决策表', null, 16, null, 2, '/decisionTable', '2020-12-28 21:55:40', '2020-12-28 21:55:40', 0);
INSERT INTO boot_engine.rule_engine_menu (id, name, description, parent_id, icon, sort, menu_path, create_time, update_time, deleted) VALUES (22, '评分卡', null, 16, null, 3, '/scoreCard', '2020-12-28 21:56:00', '2020-12-28 21:56:00', 0);
INSERT INTO boot_engine.rule_engine_menu (id, name, description, parent_id, icon, sort, menu_path, create_time, update_time, deleted) VALUES (23, '权限管理', null, 9, 'el-icon-s-custom', 3, '/', '2020-12-19 01:30:40', '2020-12-19 01:30:40', 0);
INSERT INTO boot_engine.rule_engine_menu (id, name, description, parent_id, icon, sort, menu_path, create_time, update_time, deleted) VALUES (24, '工作空间', null, 23, null, 1, '/workspace', '2020-12-19 01:31:18', '2020-12-19 01:31:20', 0);
INSERT INTO boot_engine.rule_engine_menu (id, name, description, parent_id, icon, sort, menu_path, create_time, update_time, deleted) VALUES (25, '规则集', null, 16, null, 1, '/ruleSet', '2020-12-28 21:53:08', '2020-12-28 21:53:09', 0);
INSERT INTO boot_engine.rule_engine_menu (id, name, description, parent_id, icon, sort, menu_path, create_time, update_time, deleted) VALUES (26, '元素组', '一组元素,可以类似一个java pojo', 11, null, 1, '/elementGroup', '2020-12-28 23:46:06', '2020-12-28 23:46:08', 0);
create table rule_engine_role
(
    id          int auto_increment
        primary key,
    name        varchar(50)          not null comment '名称',
    code        varchar(50)          not null,
    description varchar(300)         null comment '描述',
    parent_id   int                  null comment '此角色的父级',
    role_path   varchar(500)         not null comment '角色路径',
    create_time timestamp            null on update CURRENT_TIMESTAMP,
    update_time timestamp            null on update CURRENT_TIMESTAMP,
    deleted     tinyint(1) default 0 null
);

INSERT INTO boot_engine.rule_engine_role (id, name, code, description, parent_id, role_path, create_time, update_time, deleted) VALUES (1, '系统管理员', 'admin', null, null, '1', '2020-09-25 22:18:42', '2020-09-25 22:18:42', 0);
INSERT INTO boot_engine.rule_engine_role (id, name, code, description, parent_id, role_path, create_time, update_time, deleted) VALUES (2, '用户', 'user', '', 1, '1@2', '2020-09-25 22:19:30', '2020-09-25 22:19:31', 0);
create table rule_engine_role_menu
(
    id          int auto_increment
        primary key,
    role_id     int                  not null comment '用户id',
    menu_id     varchar(500)         null,
    create_time timestamp            null on update CURRENT_TIMESTAMP,
    update_time timestamp            null on update CURRENT_TIMESTAMP,
    deleted     tinyint(1) default 0 not null
);

INSERT INTO boot_engine.rule_engine_role_menu (id, role_id, menu_id, create_time, update_time, deleted) VALUES (8, 1, '9', '2020-11-21 03:20:17', '2020-11-21 03:20:18', 0);
INSERT INTO boot_engine.rule_engine_role_menu (id, role_id, menu_id, create_time, update_time, deleted) VALUES (9, 1, '10', '2020-11-21 03:20:22', '2020-11-21 03:20:19', 0);
INSERT INTO boot_engine.rule_engine_role_menu (id, role_id, menu_id, create_time, update_time, deleted) VALUES (10, 1, '11', '2020-11-21 03:20:23', '2020-11-21 03:20:20', 0);
INSERT INTO boot_engine.rule_engine_role_menu (id, role_id, menu_id, create_time, update_time, deleted) VALUES (11, 1, '12', '2020-11-21 03:20:24', '2020-11-21 03:20:34', 0);
INSERT INTO boot_engine.rule_engine_role_menu (id, role_id, menu_id, create_time, update_time, deleted) VALUES (12, 1, '13', '2020-11-21 03:20:26', '2020-11-21 03:20:35', 0);
INSERT INTO boot_engine.rule_engine_role_menu (id, role_id, menu_id, create_time, update_time, deleted) VALUES (13, 1, '14', '2020-11-21 03:20:28', '2020-11-21 03:20:37', 0);
INSERT INTO boot_engine.rule_engine_role_menu (id, role_id, menu_id, create_time, update_time, deleted) VALUES (14, 1, '15', '2020-11-21 03:20:29', '2020-11-21 03:20:39', 0);
INSERT INTO boot_engine.rule_engine_role_menu (id, role_id, menu_id, create_time, update_time, deleted) VALUES (15, 1, '16', '2020-11-21 03:20:30', '2020-11-21 03:20:41', 0);
INSERT INTO boot_engine.rule_engine_role_menu (id, role_id, menu_id, create_time, update_time, deleted) VALUES (16, 1, '17', '2020-11-21 03:20:32', '2020-11-21 03:20:42', 0);
INSERT INTO boot_engine.rule_engine_role_menu (id, role_id, menu_id, create_time, update_time, deleted) VALUES (17, 1, '18', '2020-11-21 03:55:02', '2020-11-21 03:55:04', 0);
INSERT INTO boot_engine.rule_engine_role_menu (id, role_id, menu_id, create_time, update_time, deleted) VALUES (18, 1, '19', '2020-11-21 03:55:08', '2020-11-21 03:55:05', 0);
INSERT INTO boot_engine.rule_engine_role_menu (id, role_id, menu_id, create_time, update_time, deleted) VALUES (19, 1, '20', '2020-11-21 03:55:09', '2020-11-21 03:55:06', 0);
INSERT INTO boot_engine.rule_engine_role_menu (id, role_id, menu_id, create_time, update_time, deleted) VALUES (20, 1, '21', '2020-11-21 03:55:09', '2020-11-21 03:55:07', 0);
INSERT INTO boot_engine.rule_engine_role_menu (id, role_id, menu_id, create_time, update_time, deleted) VALUES (21, 1, '22', '2020-11-21 03:55:10', '2020-11-21 03:55:07', 0);
INSERT INTO boot_engine.rule_engine_role_menu (id, role_id, menu_id, create_time, update_time, deleted) VALUES (22, 2, '9', '2020-11-21 20:50:38', '2020-11-21 20:50:39', 0);
INSERT INTO boot_engine.rule_engine_role_menu (id, role_id, menu_id, create_time, update_time, deleted) VALUES (23, 2, '10', '2020-11-21 20:50:45', '2020-11-21 20:50:40', 0);
INSERT INTO boot_engine.rule_engine_role_menu (id, role_id, menu_id, create_time, update_time, deleted) VALUES (24, 2, '11', '2020-11-21 20:50:46', '2020-11-21 20:50:41', 0);
INSERT INTO boot_engine.rule_engine_role_menu (id, role_id, menu_id, create_time, update_time, deleted) VALUES (25, 2, '12', '2020-11-21 20:50:47', '2020-11-21 20:50:42', 0);
INSERT INTO boot_engine.rule_engine_role_menu (id, role_id, menu_id, create_time, update_time, deleted) VALUES (26, 2, '13', '2020-11-21 20:50:47', '2020-11-21 20:50:42', 0);
INSERT INTO boot_engine.rule_engine_role_menu (id, role_id, menu_id, create_time, update_time, deleted) VALUES (27, 2, '14', '2020-11-21 20:50:48', '2020-11-21 20:50:43', 0);
INSERT INTO boot_engine.rule_engine_role_menu (id, role_id, menu_id, create_time, update_time, deleted) VALUES (28, 2, '15', '2020-11-21 20:50:49', '2020-11-21 20:50:44', 0);
INSERT INTO boot_engine.rule_engine_role_menu (id, role_id, menu_id, create_time, update_time, deleted) VALUES (29, 2, '16', '2020-11-21 20:50:49', '2020-11-21 20:50:44', 0);
INSERT INTO boot_engine.rule_engine_role_menu (id, role_id, menu_id, create_time, update_time, deleted) VALUES (30, 2, '17', '2020-11-21 20:51:39', '2020-11-21 20:51:40', 0);
INSERT INTO boot_engine.rule_engine_role_menu (id, role_id, menu_id, create_time, update_time, deleted) VALUES (31, 2, '18', '2020-11-21 20:51:38', '2020-11-21 20:51:40', 0);
INSERT INTO boot_engine.rule_engine_role_menu (id, role_id, menu_id, create_time, update_time, deleted) VALUES (32, 2, '19', '2020-11-21 20:51:37', '2020-11-21 20:51:44', 0);
INSERT INTO boot_engine.rule_engine_role_menu (id, role_id, menu_id, create_time, update_time, deleted) VALUES (34, 2, '22', '2020-12-15 22:43:29', '2020-12-15 22:43:30', 0);
INSERT INTO boot_engine.rule_engine_role_menu (id, role_id, menu_id, create_time, update_time, deleted) VALUES (35, 1, '23', '2020-12-19 01:29:48', '2020-12-19 01:29:49', 0);
INSERT INTO boot_engine.rule_engine_role_menu (id, role_id, menu_id, create_time, update_time, deleted) VALUES (36, 1, '24', '2020-12-19 01:31:32', '2020-12-19 01:31:34', 0);
INSERT INTO boot_engine.rule_engine_role_menu (id, role_id, menu_id, create_time, update_time, deleted) VALUES (37, 2, '23', '2020-12-19 01:53:04', '2020-12-19 01:53:05', 0);
INSERT INTO boot_engine.rule_engine_role_menu (id, role_id, menu_id, create_time, update_time, deleted) VALUES (38, 2, '24', '2020-12-19 01:53:14', '2020-12-19 01:53:16', 0);
INSERT INTO boot_engine.rule_engine_role_menu (id, role_id, menu_id, create_time, update_time, deleted) VALUES (39, 2, '21', '2020-12-19 15:56:26', '2020-12-19 15:56:28', 0);
INSERT INTO boot_engine.rule_engine_role_menu (id, role_id, menu_id, create_time, update_time, deleted) VALUES (40, 1, '25', '2020-12-28 21:53:35', '2020-12-28 21:53:36', 0);
INSERT INTO boot_engine.rule_engine_role_menu (id, role_id, menu_id, create_time, update_time, deleted) VALUES (41, 2, '25', '2020-12-28 21:53:37', '2020-12-28 21:53:37', 0);
INSERT INTO boot_engine.rule_engine_role_menu (id, role_id, menu_id, create_time, update_time, deleted) VALUES (42, 1, '26', '2020-12-28 23:47:02', '2020-12-28 23:47:05', 0);
INSERT INTO boot_engine.rule_engine_role_menu (id, role_id, menu_id, create_time, update_time, deleted) VALUES (43, 2, '26', '2020-12-28 23:47:03', '2020-12-28 23:47:05', 0);
create table rule_engine_rule
(
    id                int auto_increment
        primary key,
    name              varchar(50)   null,
    code              varchar(50)   null,
    description       varchar(500)  null,
    create_user_id    int           null,
    create_user_name  varchar(100)  null,
    action_value      varchar(2000) null,
    action_type       tinyint       null,
    action_value_type varchar(50)   null,
    create_time       timestamp     null,
    update_time       timestamp     null,
    deleted           tinyint       null
)
    charset = utf8;

INSERT INTO boot_engine.rule_engine_rule (id, name, code, description, create_user_id, create_user_name, action_value, action_type, action_value_type, create_time, update_time, deleted) VALUES (120, 'test', 'test', null, 2, 'lq', 'true', 2, 'BOOLEAN', '2020-12-29 01:46:36', '2020-12-29 01:46:36', 0);
INSERT INTO boot_engine.rule_engine_rule (id, name, code, description, create_user_id, create_user_name, action_value, action_type, action_value_type, create_time, update_time, deleted) VALUES (121, '篮球苗子', 'bs', '是否为篮球苗子测试', 1, 'dqw', '是一个篮球苗子，需要培养', 2, 'STRING', '2020-12-29 03:07:07', '2020-12-29 03:07:07', 0);
INSERT INTO boot_engine.rule_engine_rule (id, name, code, description, create_user_id, create_user_name, action_value, action_type, action_value_type, create_time, update_time, deleted) VALUES (122, '手机号规则测试', 'phoneRuletest', null, 1, 'dqw', 'true', 2, 'BOOLEAN', '2020-12-29 03:12:44', '2020-12-29 03:12:44', 0);
INSERT INTO boot_engine.rule_engine_rule (id, name, code, description, create_user_id, create_user_name, action_value, action_type, action_value_type, create_time, update_time, deleted) VALUES (123, 'test', 'test', null, 1, 'dqw', 'true', 2, 'BOOLEAN', '2020-12-29 15:39:44', '2020-12-29 15:39:44', 1);
INSERT INTO boot_engine.rule_engine_rule (id, name, code, description, create_user_id, create_user_name, action_value, action_type, action_value_type, create_time, update_time, deleted) VALUES (124, '测试', 'TEST_1230', null, 2, 'lq', '测试', 2, 'STRING', '2020-12-30 00:45:44', '2020-12-30 00:45:44', 1);
INSERT INTO boot_engine.rule_engine_rule (id, name, code, description, create_user_id, create_user_name, action_value, action_type, action_value_type, create_time, update_time, deleted) VALUES (125, '订单-策略', 'order_ll', null, 2, 'lq', '1111', 2, 'STRING', '2020-12-30 01:36:48', '2020-12-30 01:36:48', 1);
INSERT INTO boot_engine.rule_engine_rule (id, name, code, description, create_user_id, create_user_name, action_value, action_type, action_value_type, create_time, update_time, deleted) VALUES (126, '订单策略', 'order', null, 2, 'lq', 'true', 2, 'STRING', '2020-12-30 01:40:54', '2020-12-30 01:40:54', 1);
INSERT INTO boot_engine.rule_engine_rule (id, name, code, description, create_user_id, create_user_name, action_value, action_type, action_value_type, create_time, update_time, deleted) VALUES (127, 'zjh-test-1', 'zjh-test-1', null, 2, 'lq', null, null, null, '2020-12-30 03:53:50', '2020-12-30 03:53:50', 1);
INSERT INTO boot_engine.rule_engine_rule (id, name, code, description, create_user_id, create_user_name, action_value, action_type, action_value_type, create_time, update_time, deleted) VALUES (128, '测试一下', 'test1111', null, 2, 'lq', '82', 0, 'COLLECTION', '2020-12-30 11:50:05', '2020-12-30 11:50:05', 1);
INSERT INTO boot_engine.rule_engine_rule (id, name, code, description, create_user_id, create_user_name, action_value, action_type, action_value_type, create_time, update_time, deleted) VALUES (129, 'test', 'test', null, 2, 'lq', 'true', 2, 'BOOLEAN', '2020-12-30 17:19:03', '2020-12-30 17:19:03', 1);
INSERT INTO boot_engine.rule_engine_rule (id, name, code, description, create_user_id, create_user_name, action_value, action_type, action_value_type, create_time, update_time, deleted) VALUES (130, 'test', 'ste', null, 2, 'lq', '123', 2, 'NUMBER', '2020-12-30 17:19:21', '2020-12-30 17:19:21', 1);
INSERT INTO boot_engine.rule_engine_rule (id, name, code, description, create_user_id, create_user_name, action_value, action_type, action_value_type, create_time, update_time, deleted) VALUES (131, '444', 'a_666', '77776', 2, 'lq', null, null, null, '2020-12-31 09:15:28', '2020-12-31 09:15:28', 0);
INSERT INTO boot_engine.rule_engine_rule (id, name, code, description, create_user_id, create_user_name, action_value, action_type, action_value_type, create_time, update_time, deleted) VALUES (132, '测试', 'test', null, 2, 'lq', 'true', 2, 'STRING', '2021-01-05 08:59:20', '2021-01-05 08:59:20', 1);
INSERT INTO boot_engine.rule_engine_rule (id, name, code, description, create_user_id, create_user_name, action_value, action_type, action_value_type, create_time, update_time, deleted) VALUES (133, 'kevin_test', 'sad', null, 2, 'lq', null, null, null, '2021-01-05 09:13:10', '2021-01-05 09:13:10', 1);
INSERT INTO boot_engine.rule_engine_rule (id, name, code, description, create_user_id, create_user_name, action_value, action_type, action_value_type, create_time, update_time, deleted) VALUES (134, '绩效', 'aaa', null, 2, 'lq', null, null, null, '2021-01-05 09:32:39', '2021-01-05 09:32:39', 1);
INSERT INTO boot_engine.rule_engine_rule (id, name, code, description, create_user_id, create_user_name, action_value, action_type, action_value_type, create_time, update_time, deleted) VALUES (135, '3', 'a', null, 2, 'lq', null, null, null, '2021-01-05 09:45:26', '2021-01-05 09:45:26', 1);
INSERT INTO boot_engine.rule_engine_rule (id, name, code, description, create_user_id, create_user_name, action_value, action_type, action_value_type, create_time, update_time, deleted) VALUES (136, 'f', 'f', null, 2, 'lq', null, null, null, '2021-01-05 09:46:03', '2021-01-05 09:46:03', 1);
INSERT INTO boot_engine.rule_engine_rule (id, name, code, description, create_user_id, create_user_name, action_value, action_type, action_value_type, create_time, update_time, deleted) VALUES (137, '---', 'a123', null, 2, 'lq', '1', 2, 'NUMBER', '2021-01-07 02:24:25', '2021-01-07 02:24:25', 0);
create table rule_engine_system_log
(
    id              int auto_increment comment 'id'
        primary key,
    user_id         int          null,
    description     varchar(300) null,
    ip              varchar(20)  not null comment '请求ip',
    browser         varchar(50)  null comment '浏览器',
    browser_version varchar(50)  null comment '浏览器版本',
    `system`        varchar(50)  not null comment '请求者系统',
    detailed        varchar(300) not null comment '请求者系统详情',
    mobile          tinyint(1)   null comment '是否为移动平台',
    ages            mediumtext   null comment '请求参数',
    request_url     varchar(100) not null comment '请求url',
    end_time        timestamp    null on update CURRENT_TIMESTAMP comment '请求结束时间',
    running_time    bigint(10)   null comment '运行时间',
    return_value    mediumtext   null,
    exception       text         null comment '异常',
    request_id      varchar(200) null,
    create_time     timestamp    null on update CURRENT_TIMESTAMP,
    update_time     timestamp    null on update CURRENT_TIMESTAMP,
    deleted         tinyint(1)   null
);

create table rule_engine_user
(
    id          int auto_increment
        primary key,
    username    varchar(30)  not null,
    password    varchar(50)  not null,
    email       varchar(50)  null,
    phone       bigint(16)   null,
    avatar      varchar(200) null comment '头像',
    sex         varchar(2)   null,
    create_time timestamp    null,
    update_time timestamp    null,
    deleted     tinyint      null
)
    comment '规则引擎用户表' charset = utf8;

INSERT INTO boot_engine.rule_engine_user (id, username, password, email, phone, avatar, sex, create_time, update_time, deleted) VALUES (2, 'lq', '5f329d3ac22671f7b214c461e58c27f3', '761945125@qq.com', null, 'http://oss-boot-test.oss-cn-beijing.aliyuncs.com/ruleengine/IMG_0010.jpeg?Expires=33144366632&OSSAccessKeyId=LTAIyEa5SulNXbQa&Signature=lsAj1tUhbEYOAbfHK9PHr666NHE%3D', '女', '2020-09-25 23:05:06', '2020-12-19 08:30:34', 0);
INSERT INTO boot_engine.rule_engine_user (id, username, password, email, phone, avatar, sex, create_time, update_time, deleted) VALUES (3, 'test', '5f329d3ac22671f7b214c461e58c27f3', '5f329d3ac22671f7b214c461e58c27f3', null, '/static/avatar.jpg', '男', '2020-11-22 00:53:08', '2020-11-22 00:53:09', 0);
create table rule_engine_user_role
(
    id          int auto_increment
        primary key,
    user_id     int                  not null comment '用户id',
    role_id     int                  not null comment '角色id',
    create_time timestamp            null on update CURRENT_TIMESTAMP,
    update_time timestamp            null on update CURRENT_TIMESTAMP,
    deleted     tinyint(1) default 0 not null
);

INSERT INTO boot_engine.rule_engine_user_role (id, user_id, role_id, create_time, update_time, deleted) VALUES (3, 1, 1, '2020-09-25 22:20:31', '2020-09-25 22:20:32', 0);
INSERT INTO boot_engine.rule_engine_user_role (id, user_id, role_id, create_time, update_time, deleted) VALUES (4, 2, 2, '2020-09-25 23:05:20', '2020-09-25 23:05:21', 0);
INSERT INTO boot_engine.rule_engine_user_role (id, user_id, role_id, create_time, update_time, deleted) VALUES (5, 3, 2, '2020-11-22 00:53:38', '2020-11-22 00:53:39', 0);
create table rule_engine_user_workspace
(
    id           int auto_increment
        primary key,
    user_id      varchar(30) not null,
    workspace_id int         null,
    create_time  timestamp   null,
    update_time  timestamp   null,
    deleted      tinyint     null
)
    comment '用户工作空间' charset = utf8;

INSERT INTO boot_engine.rule_engine_user_workspace (id, user_id, workspace_id, create_time, update_time, deleted) VALUES (2, '2', 2, '2020-11-22 03:53:37', '2020-11-22 03:53:39', 0);
INSERT INTO boot_engine.rule_engine_user_workspace (id, user_id, workspace_id, create_time, update_time, deleted) VALUES (3, '3', 2, '2020-11-22 14:42:50', '2020-11-22 14:42:51', 0);
INSERT INTO boot_engine.rule_engine_user_workspace (id, user_id, workspace_id, create_time, update_time, deleted) VALUES (4, '2', 1, '2020-11-22 14:50:33', '2020-11-22 14:50:34', 0);
INSERT INTO boot_engine.rule_engine_user_workspace (id, user_id, workspace_id, create_time, update_time, deleted) VALUES (5, '3', 1, '2020-12-21 17:20:16', '2020-12-21 17:20:18', 0);
create table rule_engine_variable
(
    id               int auto_increment
        primary key,
    name             varchar(50)   not null,
    description      varchar(500)  null,
    value_type       varchar(20)   null,
    workspace_id     int           null,
    create_user_id   int           null,
    create_user_name varchar(50)   null,
    type             tinyint       null,
    value            varchar(2000) null,
    create_time      timestamp     null,
    update_time      timestamp     null,
    deleted          tinyint       null
)
    charset = utf8;

create index rule_engine_variable_name_index
    on rule_engine_variable (name);

INSERT INTO boot_engine.rule_engine_variable (id, name, description, value_type, workspace_id, create_user_id, create_user_name, type, value, create_time, update_time, deleted) VALUES (34, '是否为空集合', null, 'BOOLEAN', 1, null, null, 3, '2', '2020-08-20 02:05:43', '2020-08-20 02:05:43', 0);
INSERT INTO boot_engine.rule_engine_variable (id, name, description, value_type, workspace_id, create_user_id, create_user_name, type, value, create_time, update_time, deleted) VALUES (35, '审批人', null, 'COLLECTION', 1, null, null, 2, '123123,234234,123', '2020-08-24 22:12:53', '2020-12-30 14:53:01', 0);
INSERT INTO boot_engine.rule_engine_variable (id, name, description, value_type, workspace_id, create_user_id, create_user_name, type, value, create_time, update_time, deleted) VALUES (36, '获取规则执行接口地址', null, 'STRING', 1, null, null, 2, 'http://ruleserver.cn/ruleEngine/execute', '2020-08-25 18:53:36', '2020-12-12 12:39:17', 0);
INSERT INTO boot_engine.rule_engine_variable (id, name, description, value_type, workspace_id, create_user_id, create_user_name, type, value, create_time, update_time, deleted) VALUES (51, '测试变量', null, 'BOOLEAN', 1, null, null, 3, '1', '2020-08-27 23:27:06', '2020-08-27 23:27:06', 0);
INSERT INTO boot_engine.rule_engine_variable (id, name, description, value_type, workspace_id, create_user_id, create_user_name, type, value, create_time, update_time, deleted) VALUES (52, '求绝对值', null, 'NUMBER', 1, null, null, 3, '7', '2020-08-28 14:47:28', '2020-08-28 14:47:28', 0);
INSERT INTO boot_engine.rule_engine_variable (id, name, description, value_type, workspace_id, create_user_id, create_user_name, type, value, create_time, update_time, deleted) VALUES (54, '高级配置测试', null, 'NUMBER', 1, null, null, 3, '4', '2020-08-28 15:22:10', '2020-08-28 15:22:10', 0);
INSERT INTO boot_engine.rule_engine_variable (id, name, description, value_type, workspace_id, create_user_id, create_user_name, type, value, create_time, update_time, deleted) VALUES (56, '是否开启', null, 'BOOLEAN', 1, null, null, 2, 'true', '2020-08-28 16:10:31', '2020-08-28 16:10:31', 0);
INSERT INTO boot_engine.rule_engine_variable (id, name, description, value_type, workspace_id, create_user_id, create_user_name, type, value, create_time, update_time, deleted) VALUES (58, '求集合的大小', null, 'NUMBER', 1, null, null, 3, '4', '2020-08-29 01:22:06', '2020-08-29 01:28:39', 0);
INSERT INTO boot_engine.rule_engine_variable (id, name, description, value_type, workspace_id, create_user_id, create_user_name, type, value, create_time, update_time, deleted) VALUES (70, '年龄在20-26之间的', null, 'BOOLEAN', 1, null, null, 3, '9', '2020-08-30 18:34:53', '2020-08-30 23:52:20', 0);
INSERT INTO boot_engine.rule_engine_variable (id, name, description, value_type, workspace_id, create_user_id, create_user_name, type, value, create_time, update_time, deleted) VALUES (71, '是否为身份证', null, 'BOOLEAN', 1, null, null, 3, '17', '2020-09-01 13:58:26', '2020-09-04 19:38:53', 0);
INSERT INTO boot_engine.rule_engine_variable (id, name, description, value_type, workspace_id, create_user_id, create_user_name, type, value, create_time, update_time, deleted) VALUES (73, '集合中最大值测试', null, 'NUMBER', 1, null, null, 3, '11', '2020-09-08 12:19:25', '2020-09-08 12:19:25', 0);
INSERT INTO boot_engine.rule_engine_variable (id, name, description, value_type, workspace_id, create_user_id, create_user_name, type, value, create_time, update_time, deleted) VALUES (75, '平均值', null, 'NUMBER', 1, null, null, 3, '10', '2020-09-08 12:25:40', '2020-09-08 12:25:40', 0);
INSERT INTO boot_engine.rule_engine_variable (id, name, description, value_type, workspace_id, create_user_id, create_user_name, type, value, create_time, update_time, deleted) VALUES (76, '号码长度', null, 'NUMBER', 1, null, null, 3, '13', '2020-09-10 18:11:06', '2020-09-10 18:11:06', 0);
INSERT INTO boot_engine.rule_engine_variable (id, name, description, value_type, workspace_id, create_user_id, create_user_name, type, value, create_time, update_time, deleted) VALUES (77, '全局白名单', null, 'COLLECTION', 1, null, null, 2, '1343493849384,1371728378123,1340000000001', '2020-09-10 18:14:43', '2020-12-29 14:12:57', 0);
INSERT INTO boot_engine.rule_engine_variable (id, name, description, value_type, workspace_id, create_user_id, create_user_name, type, value, create_time, update_time, deleted) VALUES (79, '验证是否为手机号码', null, 'BOOLEAN', 1, null, null, 3, '16', '2020-09-16 14:57:18', '2020-09-18 19:08:19', 0);
INSERT INTO boot_engine.rule_engine_variable (id, name, description, value_type, workspace_id, create_user_id, create_user_name, type, value, create_time, update_time, deleted) VALUES (98, '求和测试', null, 'NUMBER', 1, null, null, 3, '15', '2020-12-01 18:18:31', '2020-12-01 18:20:32', 0);
INSERT INTO boot_engine.rule_engine_variable (id, name, description, value_type, workspace_id, create_user_id, create_user_name, type, value, create_time, update_time, deleted) VALUES (103, '赠送积分', null, 'NUMBER', 1, null, null, 2, '123', '2020-12-07 16:14:08', '2020-12-07 16:18:50', 0);
INSERT INTO boot_engine.rule_engine_variable (id, name, description, value_type, workspace_id, create_user_id, create_user_name, type, value, create_time, update_time, deleted) VALUES (112, '布尔值', '123', 'BOOLEAN', 1, 2, 'lq', 2, 'true', '2020-12-16 06:57:17', '2020-12-16 06:57:17', 0);
INSERT INTO boot_engine.rule_engine_variable (id, name, description, value_type, workspace_id, create_user_id, create_user_name, type, value, create_time, update_time, deleted) VALUES (118, '年龄在7-11之间', null, 'BOOLEAN', 1, 1, 'dqw', 3, '9', '2020-12-25 04:07:45', '2020-12-25 04:07:45', 0);
INSERT INTO boot_engine.rule_engine_variable (id, name, description, value_type, workspace_id, create_user_id, create_user_name, type, value, create_time, update_time, deleted) VALUES (120, '压力最小值', '压力最小值', 'NUMBER', 1, 2, 'lq', 2, '10', '2020-12-28 02:44:46', '2020-12-28 15:51:28', 0);
INSERT INTO boot_engine.rule_engine_variable (id, name, description, value_type, workspace_id, create_user_id, create_user_name, type, value, create_time, update_time, deleted) VALUES (124, '发送**邮件', null, 'BOOLEAN', 1, 1, 'dqw', 3, '3', '2021-01-01 11:45:27', '2021-01-01 11:45:27', 0);
create table rule_engine_workspace
(
    id                int auto_increment
        primary key,
    code              varchar(20)  null,
    name              varchar(30)  not null,
    access_key_id     varchar(100) null,
    access_key_secret varchar(100) null,
    description       varchar(500) null,
    create_time       timestamp    null,
    update_time       timestamp    null,
    deleted           tinyint      null
)
    comment '工作空间' charset = utf8;

INSERT INTO boot_engine.rule_engine_workspace (id, code, name, access_key_id, access_key_secret, description, create_time, update_time, deleted) VALUES (1, 'default', '默认工作空间', 'root', '123456', '默认的', '2020-11-21 02:41:33', '2020-11-21 02:41:34', 0);
INSERT INTO boot_engine.rule_engine_workspace (id, code, name, access_key_id, access_key_secret, description, create_time, update_time, deleted) VALUES (2, 'test', '测试', 'gdfhdgfh', 'sdfasdfas', '供测试使用', '2020-11-21 19:36:12', '2020-11-21 19:36:13', 0);
INSERT INTO boot_engine.rule_engine_workspace (id, code, name, access_key_id, access_key_secret, description, create_time, update_time, deleted) VALUES (4, 'prd', '线上', 'asdfasdf', 'asasdfasdfas', '请勿随意修改', '2020-11-07 21:49:36', '2020-11-07 21:49:38', 0);