CREATE TABLE `rule_engine_condition` (
  `id` int(11) NOT NULL AUTO_INCREMENT,
  `name` varchar(50) NOT NULL,
  `description` varchar(500) DEFAULT NULL,
  `workspace_id` int(11) DEFAULT NULL,
  `create_user_id` int(11) DEFAULT NULL,
  `create_user_name` varchar(50) DEFAULT NULL,
  `left_type` tinyint(4) DEFAULT NULL,
  `left_value` varchar(2000) DEFAULT NULL,
  `left_value_type` varchar(20) NOT NULL,
  `right_type` tinyint(4) DEFAULT NULL,
  `right_value_type` varchar(20) NOT NULL,
  `right_value` varchar(2000) DEFAULT NULL,
  `symbol` varchar(20) DEFAULT NULL,
  `update_time` timestamp NULL DEFAULT NULL,
  `create_time` timestamp NULL DEFAULT NULL,
  `deleted` tinyint(4) DEFAULT NULL,
  PRIMARY KEY (`id`),
  KEY `rule_engine_condition_name_index` (`name`),
  KEY `rule_engine_condition_workspace_id_index` (`workspace_id`)
) ENGINE=InnoDB AUTO_INCREMENT=149 DEFAULT CHARSET=utf8;

CREATE TABLE `rule_engine_condition_group` (
  `id` int(11) NOT NULL AUTO_INCREMENT,
  `name` varchar(50) NOT NULL,
  `rule_id` int(11) DEFAULT NULL,
  `order_no` int(11) NOT NULL,
  `create_time` timestamp NULL DEFAULT NULL,
  `update_time` timestamp NULL DEFAULT NULL,
  `deleted` tinyint(4) DEFAULT NULL,
  PRIMARY KEY (`id`),
  KEY `rule_engine_condition_group_rule_id_index` (`rule_id`)
) ENGINE=InnoDB AUTO_INCREMENT=2028 DEFAULT CHARSET=utf8;

CREATE TABLE `rule_engine_condition_group_condition` (
  `id` int(11) NOT NULL AUTO_INCREMENT,
  `condition_id` int(11) NOT NULL,
  `condition_group_id` int(11) NOT NULL,
  `order_no` int(11) NOT NULL,
  `create_time` timestamp NULL DEFAULT NULL,
  `update_time` timestamp NULL DEFAULT NULL,
  `deleted` tinyint(4) DEFAULT NULL,
  PRIMARY KEY (`id`),
  KEY `rule_engine_condition_group_condition_condition_group_id_index` (`condition_group_id`),
  KEY `rule_engine_condition_group_condition_condition_id_index` (`condition_id`)
) ENGINE=InnoDB AUTO_INCREMENT=3019 DEFAULT CHARSET=utf8;

CREATE TABLE `rule_engine_decision_table` (
  `id` int(11) NOT NULL AUTO_INCREMENT,
  `name` varchar(50) NOT NULL,
  `code` varchar(50) NOT NULL,
  `description` varchar(500) DEFAULT NULL,
  `workspace_id` int(11) DEFAULT NULL,
  `workspace_code` varchar(20) DEFAULT NULL,
  `table_data` json DEFAULT NULL,
  `strategy_type` tinyint(4) DEFAULT NULL,
  `create_user_id` int(11) DEFAULT NULL,
  `create_user_name` varchar(100) DEFAULT NULL,
  `status` tinyint(4) DEFAULT NULL,
  `current_version` varchar(10) DEFAULT NULL,
  `publish_version` varchar(10) DEFAULT NULL,
  `reference_data` json DEFAULT NULL,
  `abnormal_alarm` json DEFAULT NULL,
  `create_time` timestamp NULL DEFAULT NULL,
  `update_time` timestamp NULL DEFAULT NULL,
  `deleted` tinyint(4) DEFAULT NULL,
  PRIMARY KEY (`id`),
  KEY `rule_engine_rule_code_workspace_id_index` (`workspace_id`),
  KEY `rule_engine_decision_table_code_index` (`code`),
  KEY `rule_engine_decision_table_workspace_code_index` (`workspace_code`)
) ENGINE=InnoDB AUTO_INCREMENT=62 DEFAULT CHARSET=utf8;

CREATE TABLE `rule_engine_decision_table_publish` (
  `id` int(11) NOT NULL AUTO_INCREMENT,
  `decision_table_id` int(11) NOT NULL,
  `decision_table_code` varchar(50) DEFAULT NULL,
  `workspace_id` int(11) DEFAULT NULL,
  `workspace_code` varchar(20) DEFAULT NULL,
  `data` json DEFAULT NULL,
  `status` tinyint(4) DEFAULT NULL,
  `version` varchar(10) DEFAULT NULL,
  `reference_data` json DEFAULT NULL,
  `create_time` timestamp NULL DEFAULT NULL,
  `update_time` timestamp NULL DEFAULT NULL,
  `deleted` tinyint(4) DEFAULT NULL,
  PRIMARY KEY (`id`),
  KEY `rule_engine_decision_table_publish_decision_table_code_index` (`decision_table_code`),
  KEY `rule_engine_decision_table_publish_decision_table_id_index` (`decision_table_id`),
  KEY `rule_engine_decision_table_publish_workspace_code_index` (`workspace_code`),
  KEY `rule_engine_decision_table_publish_workspace_id_index` (`workspace_id`)
) ENGINE=InnoDB AUTO_INCREMENT=349 DEFAULT CHARSET=utf8;

CREATE TABLE `rule_engine_element` (
  `id` int(11) NOT NULL AUTO_INCREMENT,
  `name` varchar(50) NOT NULL,
  `code` varchar(50) NOT NULL,
  `workspace_id` int(11) DEFAULT NULL,
  `create_user_id` int(11) DEFAULT NULL,
  `create_user_name` varchar(50) DEFAULT NULL,
  `value_type` varchar(20) DEFAULT NULL,
  `description` varchar(500) DEFAULT NULL,
  `create_time` timestamp NULL DEFAULT NULL,
  `update_time` timestamp NULL DEFAULT NULL,
  `deleted` tinyint(4) DEFAULT NULL,
  PRIMARY KEY (`id`),
  KEY `rule_engine_element_name_code_index` (`name`,`code`),
  KEY `rule_engine_element_value_type_index` (`value_type`)
) ENGINE=InnoDB AUTO_INCREMENT=166 DEFAULT CHARSET=utf8;

CREATE TABLE `rule_engine_function` (
  `id` int(11) NOT NULL AUTO_INCREMENT,
  `name` varchar(50) DEFAULT NULL,
  `description` varchar(500) DEFAULT NULL,
  `executor` varchar(50) NOT NULL,
  `return_value_type` varchar(50) DEFAULT NULL,
  `create_time` timestamp NOT NULL DEFAULT CURRENT_TIMESTAMP ON UPDATE CURRENT_TIMESTAMP,
  `update_time` timestamp NULL DEFAULT NULL,
  `deleted` tinyint(4) DEFAULT NULL,
  PRIMARY KEY (`id`)
) ENGINE=InnoDB AUTO_INCREMENT=29 DEFAULT CHARSET=utf8;

CREATE TABLE `rule_engine_function_param` (
  `id` int(11) NOT NULL AUTO_INCREMENT,
  `function_id` int(11) NOT NULL,
  `param_name` varchar(100) DEFAULT NULL,
  `param_code` varchar(100) DEFAULT NULL,
  `value_type` varchar(50) DEFAULT NULL,
  `create_time` timestamp NOT NULL DEFAULT CURRENT_TIMESTAMP ON UPDATE CURRENT_TIMESTAMP,
  `update_time` timestamp NULL DEFAULT NULL,
  `deleted` tinyint(4) DEFAULT NULL,
  PRIMARY KEY (`id`),
  KEY `rule_engine_function_param_function_id_index` (`function_id`)
) ENGINE=InnoDB AUTO_INCREMENT=43 DEFAULT CHARSET=utf8;

CREATE TABLE `rule_engine_function_value` (
  `id` int(11) NOT NULL AUTO_INCREMENT,
  `function_id` int(11) NOT NULL,
  `variable_id` int(11) NOT NULL,
  `param_name` varchar(100) DEFAULT NULL,
  `param_code` varchar(100) DEFAULT NULL,
  `type` int(11) DEFAULT NULL COMMENT '0:元素，1:变量,2:固定值',
  `value_type` varchar(50) DEFAULT NULL,
  `value` varchar(2000) DEFAULT NULL,
  `create_time` timestamp NULL DEFAULT NULL,
  `update_time` timestamp NULL DEFAULT NULL,
  `deleted` tinyint(4) DEFAULT NULL,
  PRIMARY KEY (`id`),
  KEY `rule_engine_function_value_function_id_variable_id_index` (`function_id`,`variable_id`)
) ENGINE=InnoDB AUTO_INCREMENT=491 DEFAULT CHARSET=utf8;

CREATE TABLE `rule_engine_general_rule` (
  `id` int(11) NOT NULL AUTO_INCREMENT,
  `name` varchar(50) NOT NULL,
  `code` varchar(50) NOT NULL,
  `rule_id` int(11) DEFAULT NULL,
  `description` varchar(500) DEFAULT NULL,
  `workspace_id` int(11) DEFAULT NULL,
  `workspace_code` varchar(20) DEFAULT NULL,
  `create_user_id` int(11) DEFAULT NULL,
  `create_user_name` varchar(100) DEFAULT NULL,
  `status` tinyint(4) DEFAULT NULL,
  `current_version` varchar(10) DEFAULT NULL,
  `publish_version` varchar(10) DEFAULT NULL,
  `enable_default_action` tinyint(4) DEFAULT NULL,
  `default_action_value` varchar(2000) DEFAULT NULL,
  `default_action_type` tinyint(4) DEFAULT NULL,
  `default_action_value_type` varchar(50) DEFAULT NULL,
  `abnormal_alarm` json DEFAULT NULL,
  `reference_data` json DEFAULT NULL,
  `create_time` timestamp NULL DEFAULT NULL,
  `update_time` timestamp NULL DEFAULT NULL,
  `deleted` tinyint(4) DEFAULT NULL,
  PRIMARY KEY (`id`),
  KEY `rule_engine_rule_code_workspace_id_index` (`code`,`workspace_id`),
  KEY `rule_engine_general_rule_code_index` (`code`),
  KEY `rule_engine_general_rule_workspace_code_index` (`workspace_code`)
) ENGINE=InnoDB AUTO_INCREMENT=214 DEFAULT CHARSET=utf8;

CREATE TABLE `rule_engine_general_rule_publish` (
  `id` int(11) NOT NULL AUTO_INCREMENT,
  `general_rule_id` int(11) NOT NULL,
  `general_rule_code` varchar(50) DEFAULT NULL,
  `workspace_id` int(11) DEFAULT NULL,
  `workspace_code` varchar(20) DEFAULT NULL,
  `data` json DEFAULT NULL,
  `status` tinyint(4) DEFAULT NULL,
  `version` varchar(10) DEFAULT NULL,
  `reference_data` json DEFAULT NULL,
  `create_time` timestamp NULL DEFAULT NULL,
  `update_time` timestamp NULL DEFAULT NULL,
  `deleted` tinyint(4) DEFAULT NULL,
  PRIMARY KEY (`id`),
  KEY `rule_engine_rule_publish_rule_code_index` (`general_rule_code`),
  KEY `rule_engine_rule_publish_rule_id_index` (`general_rule_id`),
  KEY `rule_engine_general_rule_publish_workspace_code_index` (`workspace_code`),
  KEY `rule_engine_general_rule_publish_workspace_id_index` (`workspace_id`)
) ENGINE=InnoDB AUTO_INCREMENT=432 DEFAULT CHARSET=utf8;

CREATE TABLE `rule_engine_group_data` (
  `id` int(11) NOT NULL AUTO_INCREMENT,
  `group_id` int(11) NOT NULL,
  `data_id` int(11) NOT NULL,
  `data_type` tinyint(4) NOT NULL,
  `create_time` timestamp NULL DEFAULT NULL,
  `update_time` timestamp NULL DEFAULT NULL,
  `deleted` tinyint(4) DEFAULT NULL,
  PRIMARY KEY (`id`)
) ENGINE=InnoDB AUTO_INCREMENT=2 DEFAULT CHARSET=utf8 COMMENT='规则用户组与数据权限';

CREATE TABLE `rule_engine_menu` (
  `id` int(11) NOT NULL AUTO_INCREMENT,
  `name` varchar(20) NOT NULL COMMENT '用户id',
  `description` varchar(500) DEFAULT NULL,
  `parent_id` int(11) DEFAULT NULL,
  `icon` varchar(100) DEFAULT NULL,
  `sort` int(11) DEFAULT NULL,
  `menu_path` varchar(500) NOT NULL COMMENT '菜单路径',
  `create_time` timestamp NULL DEFAULT NULL ON UPDATE CURRENT_TIMESTAMP,
  `update_time` timestamp NULL DEFAULT NULL ON UPDATE CURRENT_TIMESTAMP,
  `deleted` tinyint(1) NOT NULL DEFAULT '0',
  PRIMARY KEY (`id`)
) ENGINE=InnoDB AUTO_INCREMENT=27 DEFAULT CHARSET=utf8;

CREATE TABLE `rule_engine_role` (
  `id` int(11) NOT NULL AUTO_INCREMENT,
  `name` varchar(50) NOT NULL COMMENT '名称',
  `code` varchar(50) NOT NULL,
  `description` varchar(300) DEFAULT NULL COMMENT '描述',
  `parent_id` int(11) DEFAULT NULL COMMENT '此角色的父级',
  `role_path` varchar(500) NOT NULL COMMENT '角色路径',
  `create_time` timestamp NULL DEFAULT NULL ON UPDATE CURRENT_TIMESTAMP,
  `update_time` timestamp NULL DEFAULT NULL ON UPDATE CURRENT_TIMESTAMP,
  `deleted` tinyint(1) DEFAULT '0',
  PRIMARY KEY (`id`),
  KEY `rule_engine_role_parent_id_index` (`parent_id`)
) ENGINE=InnoDB AUTO_INCREMENT=3 DEFAULT CHARSET=utf8;

CREATE TABLE `rule_engine_role_menu` (
  `id` int(11) NOT NULL AUTO_INCREMENT,
  `role_id` int(11) NOT NULL COMMENT '用户id',
  `menu_id` varchar(500) DEFAULT NULL,
  `create_time` timestamp NULL DEFAULT NULL ON UPDATE CURRENT_TIMESTAMP,
  `update_time` timestamp NULL DEFAULT NULL ON UPDATE CURRENT_TIMESTAMP,
  `deleted` tinyint(1) NOT NULL DEFAULT '0',
  PRIMARY KEY (`id`),
  KEY `rule_engine_role_menu_role_id_index` (`role_id`)
) ENGINE=InnoDB AUTO_INCREMENT=44 DEFAULT CHARSET=utf8;

CREATE TABLE `rule_engine_rule` (
  `id` int(11) NOT NULL AUTO_INCREMENT,
  `name` varchar(50) DEFAULT NULL,
  `code` varchar(50) DEFAULT NULL,
  `description` varchar(500) DEFAULT NULL,
  `create_user_id` int(11) DEFAULT NULL,
  `create_user_name` varchar(100) DEFAULT NULL,
  `action_value` varchar(2000) DEFAULT NULL,
  `action_type` tinyint(4) DEFAULT NULL,
  `action_value_type` varchar(50) DEFAULT NULL,
  `create_time` timestamp NULL DEFAULT NULL,
  `update_time` timestamp NULL DEFAULT NULL,
  `deleted` tinyint(4) DEFAULT NULL,
  PRIMARY KEY (`id`)
) ENGINE=InnoDB AUTO_INCREMENT=646 DEFAULT CHARSET=utf8;

CREATE TABLE `rule_engine_rule_set` (
  `id` int(11) NOT NULL AUTO_INCREMENT,
  `name` varchar(50) DEFAULT NULL,
  `code` varchar(50) DEFAULT NULL,
  `description` varchar(500) DEFAULT NULL,
  `workspace_id` int(11) DEFAULT NULL,
  `workspace_code` varchar(20) DEFAULT NULL,
  `status` tinyint(4) DEFAULT NULL,
  `current_version` varchar(10) DEFAULT NULL,
  `publish_version` varchar(10) DEFAULT NULL,
  `strategy_type` tinyint(4) DEFAULT NULL,
  `create_user_id` int(11) DEFAULT NULL,
  `create_user_name` varchar(100) DEFAULT NULL,
  `enable_default_rule` bigint(20) DEFAULT NULL,
  `default_rule_id` int(11) DEFAULT NULL,
  `reference_data` json DEFAULT NULL,
  `create_time` timestamp NULL DEFAULT NULL,
  `update_time` timestamp NULL DEFAULT NULL,
  `deleted` tinyint(4) DEFAULT NULL,
  PRIMARY KEY (`id`),
  KEY `rule_engine_rule_set_code_index` (`code`),
  KEY `rule_engine_rule_set_workspace_code_index` (`workspace_code`),
  KEY `rule_engine_rule_set_workspace_id_index` (`workspace_id`)
) ENGINE=InnoDB AUTO_INCREMENT=178 DEFAULT CHARSET=utf8;

CREATE TABLE `rule_engine_rule_set_publish` (
  `id` int(11) NOT NULL AUTO_INCREMENT,
  `rule_set_id` int(11) NOT NULL,
  `rule_set_code` varchar(50) DEFAULT NULL,
  `workspace_id` int(11) DEFAULT NULL,
  `workspace_code` varchar(20) DEFAULT NULL,
  `data` json DEFAULT NULL,
  `status` tinyint(4) DEFAULT NULL,
  `version` varchar(10) DEFAULT NULL,
  `reference_data` json DEFAULT NULL,
  `create_time` timestamp NULL DEFAULT NULL,
  `update_time` timestamp NULL DEFAULT NULL,
  `deleted` tinyint(4) DEFAULT NULL,
  PRIMARY KEY (`id`),
  KEY `rule_engine_rule_set_publish_rule_set_code_index` (`rule_set_code`),
  KEY `rule_engine_rule_set_publish_workspace_id_index` (`workspace_id`)
) ENGINE=InnoDB AUTO_INCREMENT=137 DEFAULT CHARSET=utf8;

CREATE TABLE `rule_engine_rule_set_rule` (
  `id` int(11) NOT NULL AUTO_INCREMENT,
  `rule_set_id` int(11) DEFAULT NULL,
  `rule_id` int(11) DEFAULT NULL,
  `order_no` int(11) DEFAULT NULL,
  `create_time` timestamp NULL DEFAULT NULL,
  `update_time` timestamp NULL DEFAULT NULL,
  `deleted` tinyint(4) DEFAULT NULL,
  PRIMARY KEY (`id`),
  KEY `rule_engine_rule_set_rule_rule_set_id_index` (`rule_set_id`)
) ENGINE=InnoDB AUTO_INCREMENT=394 DEFAULT CHARSET=utf8;

CREATE TABLE `rule_engine_system_log` (
  `id` int(11) NOT NULL AUTO_INCREMENT COMMENT 'id',
  `user_id` int(11) DEFAULT NULL,
  `username` varchar(50) DEFAULT NULL,
  `description` varchar(300) DEFAULT NULL,
  `tag` varchar(50) DEFAULT NULL,
  `ip` varchar(30) NOT NULL COMMENT '请求ip',
  `browser` varchar(50) DEFAULT NULL COMMENT '浏览器',
  `browser_version` varchar(50) DEFAULT NULL COMMENT '浏览器版本',
  `system` varchar(100) NOT NULL COMMENT '请求者系统',
  `detailed` varchar(500) NOT NULL COMMENT '请求者系统详情',
  `mobile` tinyint(1) DEFAULT NULL COMMENT '是否为移动平台',
  `ages` mediumtext COMMENT '请求参数',
  `request_url` varchar(300) NOT NULL COMMENT '请求url',
  `end_time` timestamp NULL DEFAULT NULL ON UPDATE CURRENT_TIMESTAMP COMMENT '请求结束时间',
  `running_time` bigint(10) DEFAULT NULL COMMENT '运行时间',
  `return_value` mediumtext,
  `exception` text COMMENT '异常',
  `request_id` varchar(200) DEFAULT NULL,
  `create_time` timestamp NULL DEFAULT NULL ON UPDATE CURRENT_TIMESTAMP,
  `update_time` timestamp NULL DEFAULT NULL ON UPDATE CURRENT_TIMESTAMP,
  `deleted` tinyint(1) DEFAULT NULL,
  PRIMARY KEY (`id`),
  KEY `rule_engine_system_log_ip_index` (`ip`),
  KEY `rule_engine_system_log_request_id_index` (`request_id`),
  KEY `rule_engine_system_log_user_id_index` (`user_id`)
) ENGINE=InnoDB AUTO_INCREMENT=3820 DEFAULT CHARSET=utf8;

CREATE TABLE `rule_engine_user` (
  `id` int(11) NOT NULL AUTO_INCREMENT,
  `username` varchar(30) NOT NULL,
  `password` varchar(50) NOT NULL,
  `email` varchar(50) DEFAULT NULL,
  `phone` bigint(16) DEFAULT NULL,
  `avatar` varchar(200) DEFAULT NULL COMMENT '头像',
  `sex` varchar(2) DEFAULT NULL,
  `create_time` timestamp NULL DEFAULT NULL,
  `update_time` timestamp NULL DEFAULT NULL,
  `deleted` tinyint(4) DEFAULT NULL,
  PRIMARY KEY (`id`),
  KEY `rule_engine_user_email_index` (`email`),
  KEY `rule_engine_user_username_index` (`username`)
) ENGINE=InnoDB AUTO_INCREMENT=4 DEFAULT CHARSET=utf8 COMMENT='规则引擎用户表';

CREATE TABLE `rule_engine_user_role` (
  `id` int(11) NOT NULL AUTO_INCREMENT,
  `user_id` int(11) NOT NULL COMMENT '用户id',
  `role_id` int(11) NOT NULL COMMENT '角色id',
  `create_time` timestamp NULL DEFAULT NULL ON UPDATE CURRENT_TIMESTAMP,
  `update_time` timestamp NULL DEFAULT NULL ON UPDATE CURRENT_TIMESTAMP,
  `deleted` tinyint(1) NOT NULL DEFAULT '0',
  PRIMARY KEY (`id`),
  KEY `rule_engine_user_role_user_id_index` (`user_id`)
) ENGINE=InnoDB AUTO_INCREMENT=6 DEFAULT CHARSET=utf8;

CREATE TABLE `rule_engine_user_workspace` (
  `id` int(11) NOT NULL AUTO_INCREMENT,
  `user_id` varchar(30) NOT NULL,
  `workspace_id` int(11) DEFAULT NULL,
  `create_time` timestamp NULL DEFAULT NULL,
  `update_time` timestamp NULL DEFAULT NULL,
  `deleted` tinyint(4) DEFAULT NULL,
  PRIMARY KEY (`id`),
  KEY `rule_engine_user_workspace_user_id_index` (`user_id`)
) ENGINE=InnoDB AUTO_INCREMENT=6 DEFAULT CHARSET=utf8 COMMENT='用户工作空间';

CREATE TABLE `rule_engine_variable` (
  `id` int(11) NOT NULL AUTO_INCREMENT,
  `name` varchar(50) NOT NULL,
  `description` varchar(500) DEFAULT NULL,
  `value_type` varchar(20) DEFAULT NULL,
  `workspace_id` int(11) DEFAULT NULL,
  `create_user_id` int(11) DEFAULT NULL,
  `create_user_name` varchar(50) DEFAULT NULL,
  `type` tinyint(4) DEFAULT NULL,
  `value` varchar(2000) DEFAULT NULL,
  `create_time` timestamp NULL DEFAULT NULL,
  `update_time` timestamp NULL DEFAULT NULL,
  `deleted` tinyint(4) DEFAULT NULL,
  PRIMARY KEY (`id`),
  KEY `rule_engine_variable_name_index` (`name`),
  KEY `rule_engine_variable_value_type_index` (`value_type`)
) ENGINE=InnoDB AUTO_INCREMENT=165 DEFAULT CHARSET=utf8;

CREATE TABLE `rule_engine_workspace` (
  `id` int(11) NOT NULL AUTO_INCREMENT,
  `code` varchar(20) DEFAULT NULL,
  `name` varchar(30) NOT NULL,
  `access_key_id` varchar(100) DEFAULT NULL,
  `access_key_secret` varchar(100) DEFAULT NULL,
  `description` varchar(500) DEFAULT NULL,
  `create_time` timestamp NULL DEFAULT NULL,
  `update_time` timestamp NULL DEFAULT NULL,
  `deleted` tinyint(4) DEFAULT NULL,
  PRIMARY KEY (`id`),
  KEY `rule_engine_workspace_code_index` (`code`),
  KEY `rule_engine_workspace_name_index` (`name`)
) ENGINE=InnoDB AUTO_INCREMENT=5 DEFAULT CHARSET=utf8 COMMENT='工作空间';

INSERT INTO `rule_engine_condition` (`id`, `name`, `description`, `workspace_id`, `create_user_id`, `create_user_name`, `left_type`, `left_value`, `left_value_type`, `right_type`, `right_value_type`, `right_value`, `symbol`, `update_time`, `create_time`, `deleted`) VALUES ('47','true',null,'1',null,null,'2','true','BOOLEAN','2','BOOLEAN','true','EQ','2020-09-04 20:50:46','2020-08-24 15:57:57','0');
INSERT INTO `rule_engine_condition` (`id`, `name`, `description`, `workspace_id`, `create_user_id`, `create_user_name`, `left_type`, `left_value`, `left_value_type`, `right_type`, `right_value_type`, `right_value`, `symbol`, `update_time`, `create_time`, `deleted`) VALUES ('48','false',null,'1',null,null,'2','true','BOOLEAN','2','BOOLEAN','false','EQ','2020-08-24 16:26:51','2020-08-24 16:26:51','0');
INSERT INTO `rule_engine_condition` (`id`, `name`, `description`, `workspace_id`, `create_user_id`, `create_user_name`, `left_type`, `left_value`, `left_value_type`, `right_type`, `right_value_type`, `right_value`, `symbol`, `update_time`, `create_time`, `deleted`) VALUES ('51','年龄',null,'1',null,null,'0','66','NUMBER','2','NUMBER','20','GE','2020-08-27 00:15:15','2020-08-27 00:15:15','0');
INSERT INTO `rule_engine_condition` (`id`, `name`, `description`, `workspace_id`, `create_user_id`, `create_user_name`, `left_type`, `left_value`, `left_value_type`, `right_type`, `right_value_type`, `right_value`, `symbol`, `update_time`, `create_time`, `deleted`) VALUES ('52','vip等级',null,'1',null,null,'0','67','NUMBER','2','NUMBER','3','GE','2020-08-27 00:15:35','2020-08-27 00:15:35','0');
INSERT INTO `rule_engine_condition` (`id`, `name`, `description`, `workspace_id`, `create_user_id`, `create_user_name`, `left_type`, `left_value`, `left_value_type`, `right_type`, `right_value_type`, `right_value`, `symbol`, `update_time`, `create_time`, `deleted`) VALUES ('53','消费金额',null,'1',null,null,'0','68','NUMBER','2','NUMBER','30000','GE','2020-08-27 00:17:05','2020-08-27 00:17:05','0');
INSERT INTO `rule_engine_condition` (`id`, `name`, `description`, `workspace_id`, `create_user_id`, `create_user_name`, `left_type`, `left_value`, `left_value_type`, `right_type`, `right_value_type`, `right_value`, `symbol`, `update_time`, `create_time`, `deleted`) VALUES ('54','特殊省份',null,'1',null,null,'2','北京,河南,上海','COLLECTION','0','COLLECTION','69','CONTAIN','2020-08-27 01:05:05','2020-08-27 01:05:05','0');
INSERT INTO `rule_engine_condition` (`id`, `name`, `description`, `workspace_id`, `create_user_id`, `create_user_name`, `left_type`, `left_value`, `left_value_type`, `right_type`, `right_value_type`, `right_value`, `symbol`, `update_time`, `create_time`, `deleted`) VALUES ('55','文化程度',null,'1',null,null,'2','博士','STRING','0','STRING','70','EQ','2020-08-27 01:08:04','2020-08-27 01:08:04','0');
INSERT INTO `rule_engine_condition` (`id`, `name`, `description`, `workspace_id`, `create_user_id`, `create_user_name`, `left_type`, `left_value`, `left_value_type`, `right_type`, `right_value_type`, `right_value`, `symbol`, `update_time`, `create_time`, `deleted`) VALUES ('56','特殊市区',null,'1',null,null,'2','北京市,商丘市','COLLECTION','0','STRING','71','CONTAIN','2020-08-27 01:14:08','2020-08-27 01:13:05','0');
INSERT INTO `rule_engine_condition` (`id`, `name`, `description`, `workspace_id`, `create_user_id`, `create_user_name`, `left_type`, `left_value`, `left_value_type`, `right_type`, `right_value_type`, `right_value`, `symbol`, `update_time`, `create_time`, `deleted`) VALUES ('57','审批人测试',null,'1',null,null,'1','35','COLLECTION','2','NUMBER','123','CONTAIN','2020-08-27 12:35:57','2020-08-27 12:35:50','0');
INSERT INTO `rule_engine_condition` (`id`, `name`, `description`, `workspace_id`, `create_user_id`, `create_user_name`, `left_type`, `left_value`, `left_value_type`, `right_type`, `right_value_type`, `right_value`, `symbol`, `update_time`, `create_time`, `deleted`) VALUES ('58','测试条件-绝对值',null,'1',null,null,'1','52','NUMBER','2','NUMBER','123','EQ','2020-08-28 14:48:48','2020-08-28 14:48:48','0');
INSERT INTO `rule_engine_condition` (`id`, `name`, `description`, `workspace_id`, `create_user_id`, `create_user_name`, `left_type`, `left_value`, `left_value_type`, `right_type`, `right_value_type`, `right_value`, `symbol`, `update_time`, `create_time`, `deleted`) VALUES ('60','集合在.测试',null,'1',null,null,'0','61','COLLECTION','2','COLLECTION','1,2','IN','2020-09-10 18:12:49','2020-08-28 16:25:44','0');
INSERT INTO `rule_engine_condition` (`id`, `name`, `description`, `workspace_id`, `create_user_id`, `create_user_name`, `left_type`, `left_value`, `left_value_type`, `right_type`, `right_value_type`, `right_value`, `symbol`, `update_time`, `create_time`, `deleted`) VALUES ('64','年龄范围条件',null,'1',null,null,'1','70','BOOLEAN','2','BOOLEAN','true','EQ','2020-08-30 18:53:37','2020-08-30 18:53:37','0');
INSERT INTO `rule_engine_condition` (`id`, `name`, `description`, `workspace_id`, `create_user_id`, `create_user_name`, `left_type`, `left_value`, `left_value_type`, `right_type`, `right_value_type`, `right_value`, `symbol`, `update_time`, `create_time`, `deleted`) VALUES ('65','年龄大于等于20条件',null,'1',null,null,'0','66','NUMBER','2','NUMBER','20','GE','2021-01-28 07:39:15','2020-08-30 21:24:51','0');
INSERT INTO `rule_engine_condition` (`id`, `name`, `description`, `workspace_id`, `create_user_id`, `create_user_name`, `left_type`, `left_value`, `left_value_type`, `right_type`, `right_value_type`, `right_value`, `symbol`, `update_time`, `create_time`, `deleted`) VALUES ('66','年龄小于等于26条件',null,'1',null,null,'0','66','NUMBER','2','NUMBER','26','LE','2020-09-04 20:56:36','2020-08-30 21:25:18','0');
INSERT INTO `rule_engine_condition` (`id`, `name`, `description`, `workspace_id`, `create_user_id`, `create_user_name`, `left_type`, `left_value`, `left_value_type`, `right_type`, `right_value_type`, `right_value`, `symbol`, `update_time`, `create_time`, `deleted`) VALUES ('69','号码开头',null,'1',null,null,'0','77','STRING','2','STRING','137','STARTS_WITH','2020-09-10 18:08:13','2020-09-10 18:08:13','0');
INSERT INTO `rule_engine_condition` (`id`, `name`, `description`, `workspace_id`, `create_user_id`, `create_user_name`, `left_type`, `left_value`, `left_value_type`, `right_type`, `right_value_type`, `right_value`, `symbol`, `update_time`, `create_time`, `deleted`) VALUES ('70','限制号码长度',null,'1',null,null,'1','76','NUMBER','2','NUMBER','17','LE','2020-09-10 20:08:15','2020-09-10 18:11:41','0');
INSERT INTO `rule_engine_condition` (`id`, `name`, `description`, `workspace_id`, `create_user_id`, `create_user_name`, `left_type`, `left_value`, `left_value_type`, `right_type`, `right_value_type`, `right_value`, `symbol`, `update_time`, `create_time`, `deleted`) VALUES ('71','排除号码在白名单的',null,'1',null,null,'1','77','COLLECTION','0','STRING','77','CONTAIN','2020-09-10 23:44:25','2020-09-10 18:15:27','0');
INSERT INTO `rule_engine_condition` (`id`, `name`, `description`, `workspace_id`, `create_user_id`, `create_user_name`, `left_type`, `left_value`, `left_value_type`, `right_type`, `right_value_type`, `right_value`, `symbol`, `update_time`, `create_time`, `deleted`) VALUES ('73','验证是否为手机号码条件',null,'1',null,null,'1','79','BOOLEAN','2','BOOLEAN','true','EQ','2020-09-16 14:57:38','2020-09-16 14:57:38','0');
INSERT INTO `rule_engine_condition` (`id`, `name`, `description`, `workspace_id`, `create_user_id`, `create_user_name`, `left_type`, `left_value`, `left_value_type`, `right_type`, `right_value_type`, `right_value`, `symbol`, `update_time`, `create_time`, `deleted`) VALUES ('74','vip等级大于4以上',null,'1',null,null,'0','67','NUMBER','2','NUMBER','4','GT','2020-11-13 19:14:00','2020-11-13 19:14:00','0');
INSERT INTO `rule_engine_condition` (`id`, `name`, `description`, `workspace_id`, `create_user_id`, `create_user_name`, `left_type`, `left_value`, `left_value_type`, `right_type`, `right_value_type`, `right_value`, `symbol`, `update_time`, `create_time`, `deleted`) VALUES ('75','消费金额大于3000',null,'1',null,null,'0','68','NUMBER','2','NUMBER','3000','GT','2020-11-13 19:14:33','2020-11-13 19:14:33','0');
INSERT INTO `rule_engine_condition` (`id`, `name`, `description`, `workspace_id`, `create_user_id`, `create_user_name`, `left_type`, `left_value`, `left_value_type`, `right_type`, `right_value_type`, `right_value`, `symbol`, `update_time`, `create_time`, `deleted`) VALUES ('85','定期存款年限在',null,'1',null,null,'2','0.5','NUMBER','2','NUMBER','1','LE','2020-12-07 11:25:49','2020-12-07 11:24:38','0');
INSERT INTO `rule_engine_condition` (`id`, `name`, `description`, `workspace_id`, `create_user_id`, `create_user_name`, `left_type`, `left_value`, `left_value_type`, `right_type`, `right_value_type`, `right_value`, `symbol`, `update_time`, `create_time`, `deleted`) VALUES ('86','存款年限在',null,'1',null,null,'2','10','NUMBER','2','NUMBER','2','GE','2020-12-07 13:43:09','2020-12-07 11:25:26','0');
INSERT INTO `rule_engine_condition` (`id`, `name`, `description`, `workspace_id`, `create_user_id`, `create_user_name`, `left_type`, `left_value`, `left_value_type`, `right_type`, `right_value_type`, `right_value`, `symbol`, `update_time`, `create_time`, `deleted`) VALUES ('87','账户最低存款额度',null,'1',null,null,'0','95','NUMBER','2','NUMBER','2000','GT','2020-12-07 11:27:15','2020-12-07 11:27:15','0');
INSERT INTO `rule_engine_condition` (`id`, `name`, `description`, `workspace_id`, `create_user_id`, `create_user_name`, `left_type`, `left_value`, `left_value_type`, `right_type`, `right_value_type`, `right_value`, `symbol`, `update_time`, `create_time`, `deleted`) VALUES ('88','存款年限',null,'1',null,null,'2','1','NUMBER','2','NUMBER','2','LE','2020-12-07 16:11:35','2020-12-07 16:11:35','0');
INSERT INTO `rule_engine_condition` (`id`, `name`, `description`, `workspace_id`, `create_user_id`, `create_user_name`, `left_type`, `left_value`, `left_value_type`, `right_type`, `right_value_type`, `right_value`, `symbol`, `update_time`, `create_time`, `deleted`) VALUES ('89','最低存款额度大于等于2000',null,'1',null,null,'0','95','NUMBER','2','NUMBER','2000','GE','2020-12-07 16:27:39','2020-12-07 16:27:39','0');
INSERT INTO `rule_engine_condition` (`id`, `name`, `description`, `workspace_id`, `create_user_id`, `create_user_name`, `left_type`, `left_value`, `left_value_type`, `right_type`, `right_value_type`, `right_value`, `symbol`, `update_time`, `create_time`, `deleted`) VALUES ('90','定期存款年限',null,'1',null,null,'0','98','NUMBER','2','NUMBER','1','GE','2020-12-14 04:57:40','2020-12-07 16:28:24','0');
INSERT INTO `rule_engine_condition` (`id`, `name`, `description`, `workspace_id`, `create_user_id`, `create_user_name`, `left_type`, `left_value`, `left_value_type`, `right_type`, `right_value_type`, `right_value`, `symbol`, `update_time`, `create_time`, `deleted`) VALUES ('94','年收入是否大于20万',null,'1','1','dqw','0','105','NUMBER','2','NUMBER','200000','GE','2020-12-16 10:37:08','2020-12-16 10:36:52','0');
INSERT INTO `rule_engine_condition` (`id`, `name`, `description`, `workspace_id`, `create_user_id`, `create_user_name`, `left_type`, `left_value`, `left_value_type`, `right_type`, `right_value_type`, `right_value`, `symbol`, `update_time`, `create_time`, `deleted`) VALUES ('95','年收入是否小于26400','年收入是否小于26400说明','1','2','lq','0','105','NUMBER','2','NUMBER','26400','LT','2020-12-17 07:35:10','2020-12-17 07:35:10','0');
INSERT INTO `rule_engine_condition` (`id`, `name`, `description`, `workspace_id`, `create_user_id`, `create_user_name`, `left_type`, `left_value`, `left_value_type`, `right_type`, `right_value_type`, `right_value`, `symbol`, `update_time`, `create_time`, `deleted`) VALUES ('96','年收入是否大于10000','年收入是否大于10000说明','1','2','lq','0','105','NUMBER','2','NUMBER','10000','GT','2020-12-17 07:36:44','2020-12-17 07:36:44','0');
INSERT INTO `rule_engine_condition` (`id`, `name`, `description`, `workspace_id`, `create_user_id`, `create_user_name`, `left_type`, `left_value`, `left_value_type`, `right_type`, `right_value_type`, `right_value`, `symbol`, `update_time`, `create_time`, `deleted`) VALUES ('98','性别是男的',null,'1','1','dqw','0','114','STRING','2','STRING','男','EQ','2020-12-25 03:19:47','2020-12-25 03:19:47','0');
INSERT INTO `rule_engine_condition` (`id`, `name`, `description`, `workspace_id`, `create_user_id`, `create_user_name`, `left_type`, `left_value`, `left_value_type`, `right_type`, `right_value_type`, `right_value`, `symbol`, `update_time`, `create_time`, `deleted`) VALUES ('99','年龄小于10岁',null,'1','1','dqw','0','66','NUMBER','2','NUMBER','10','LT','2020-12-25 03:20:28','2020-12-25 03:20:28','0');
INSERT INTO `rule_engine_condition` (`id`, `name`, `description`, `workspace_id`, `create_user_id`, `create_user_name`, `left_type`, `left_value`, `left_value_type`, `right_type`, `right_value_type`, `right_value`, `symbol`, `update_time`, `create_time`, `deleted`) VALUES ('100','身高170cm以上',null,'1','1','dqw','0','115','NUMBER','2','NUMBER','170','GE','2020-12-25 03:51:48','2020-12-25 03:22:45','0');
INSERT INTO `rule_engine_condition` (`id`, `name`, `description`, `workspace_id`, `create_user_id`, `create_user_name`, `left_type`, `left_value`, `left_value_type`, `right_type`, `right_value_type`, `right_value`, `symbol`, `update_time`, `create_time`, `deleted`) VALUES ('101','年级是三年级以上',null,'1','1','dqw','0','116','NUMBER','2','NUMBER','3','GT','2020-12-25 03:55:45','2020-12-25 03:55:45','0');
INSERT INTO `rule_engine_condition` (`id`, `name`, `description`, `workspace_id`, `create_user_id`, `create_user_name`, `left_type`, `left_value`, `left_value_type`, `right_type`, `right_value_type`, `right_value`, `symbol`, `update_time`, `create_time`, `deleted`) VALUES ('102','身体是否健壮',null,'1','1','dqw','2','健壮,优秀,良好','COLLECTION','0','STRING','117','CONTAIN','2020-12-28 19:23:00','2020-12-25 04:00:21','0');
INSERT INTO `rule_engine_condition` (`id`, `name`, `description`, `workspace_id`, `create_user_id`, `create_user_name`, `left_type`, `left_value`, `left_value_type`, `right_type`, `right_value_type`, `right_value`, `symbol`, `update_time`, `create_time`, `deleted`) VALUES ('103','专业是否为体育生',null,'1','1','dqw','2','体育','STRING','0','STRING','119','EQ','2020-12-29 14:12:12','2020-12-25 04:05:11','0');
INSERT INTO `rule_engine_condition` (`id`, `name`, `description`, `workspace_id`, `create_user_id`, `create_user_name`, `left_type`, `left_value`, `left_value_type`, `right_type`, `right_value_type`, `right_value`, `symbol`, `update_time`, `create_time`, `deleted`) VALUES ('104','年龄在7-11之间条件',null,'1','1','dqw','1','118','BOOLEAN','2','BOOLEAN','true','EQ','2020-12-25 04:08:33','2020-12-25 04:08:33','0');
INSERT INTO `rule_engine_condition` (`id`, `name`, `description`, `workspace_id`, `create_user_id`, `create_user_name`, `left_type`, `left_value`, `left_value_type`, `right_type`, `right_value_type`, `right_value`, `symbol`, `update_time`, `create_time`, `deleted`) VALUES ('105','消息金额大于10',null,'1','2','lq','0','136','NUMBER','2','NUMBER','10','GT','2021-01-15 09:16:05','2020-12-28 02:48:22','0');
INSERT INTO `rule_engine_condition` (`id`, `name`, `description`, `workspace_id`, `create_user_id`, `create_user_name`, `left_type`, `left_value`, `left_value_type`, `right_type`, `right_value_type`, `right_value`, `symbol`, `update_time`, `create_time`, `deleted`) VALUES ('110','消费金额大于2000',null,'1','2','lq','0','125','NUMBER','2','NUMBER','2000','GT','2021-01-11 06:10:09','2021-01-11 06:10:09','0');
INSERT INTO `rule_engine_condition` (`id`, `name`, `description`, `workspace_id`, `create_user_id`, `create_user_name`, `left_type`, `left_value`, `left_value_type`, `right_type`, `right_value_type`, `right_value`, `symbol`, `update_time`, `create_time`, `deleted`) VALUES ('116','出现人',null,'1','2','lq','0','130','COLLECTION','2','STRING','person','CONTAIN','2021-01-13 10:42:45','2021-01-13 10:42:45','0');
INSERT INTO `rule_engine_condition` (`id`, `name`, `description`, `workspace_id`, `create_user_id`, `create_user_name`, `left_type`, `left_value`, `left_value_type`, `right_type`, `right_value_type`, `right_value`, `symbol`, `update_time`, `create_time`, `deleted`) VALUES ('117','出现武器',null,'1','2','lq','0','130','COLLECTION','2','STRING','weapon','CONTAIN','2021-01-13 10:43:16','2021-01-13 10:43:16','0');
INSERT INTO `rule_engine_condition` (`id`, `name`, `description`, `workspace_id`, `create_user_id`, `create_user_name`, `left_type`, `left_value`, `left_value_type`, `right_type`, `right_value_type`, `right_value`, `symbol`, `update_time`, `create_time`, `deleted`) VALUES ('118','会员2测试',null,'1','2','lq','0','135','NUMBER','2','NUMBER','4','GE','2021-01-15 07:25:22','2021-01-15 07:25:22','0');
INSERT INTO `rule_engine_condition` (`id`, `name`, `description`, `workspace_id`, `create_user_id`, `create_user_name`, `left_type`, `left_value`, `left_value_type`, `right_type`, `right_value_type`, `right_value`, `symbol`, `update_time`, `create_time`, `deleted`) VALUES ('119','消费金额测试',null,'1','2','lq','0','136','NUMBER','2','NUMBER','2000','GE','2021-01-15 07:26:16','2021-01-15 07:26:16','0');
INSERT INTO `rule_engine_condition` (`id`, `name`, `description`, `workspace_id`, `create_user_id`, `create_user_name`, `left_type`, `left_value`, `left_value_type`, `right_type`, `right_value_type`, `right_value`, `symbol`, `update_time`, `create_time`, `deleted`) VALUES ('120','测试ws',null,'1','2','lq','0','137','NUMBER','2','NUMBER','5','EQ','2021-01-15 10:02:13','2021-01-15 10:02:13','0');
INSERT INTO `rule_engine_condition` (`id`, `name`, `description`, `workspace_id`, `create_user_id`, `create_user_name`, `left_type`, `left_value`, `left_value_type`, `right_type`, `right_value_type`, `right_value`, `symbol`, `update_time`, `create_time`, `deleted`) VALUES ('121','测试ws2',null,'1','2','lq','0','137','NUMBER','2','NUMBER','8','EQ','2021-01-15 10:06:29','2021-01-15 10:06:29','0');
INSERT INTO `rule_engine_condition` (`id`, `name`, `description`, `workspace_id`, `create_user_id`, `create_user_name`, `left_type`, `left_value`, `left_value_type`, `right_type`, `right_value_type`, `right_value`, `symbol`, `update_time`, `create_time`, `deleted`) VALUES ('122','小于50米阻车器开','绞车小于阻车器50米那么开启阻车器','1','2','lq','0','138','NUMBER','1','NUMBER','135','LT','2021-01-18 09:06:02','2021-01-18 09:06:02','0');
INSERT INTO `rule_engine_condition` (`id`, `name`, `description`, `workspace_id`, `create_user_id`, `create_user_name`, `left_type`, `left_value`, `left_value_type`, `right_type`, `right_value_type`, `right_value`, `symbol`, `update_time`, `create_time`, `deleted`) VALUES ('123','当绞车下行',null,'1','2','lq','0','139','NUMBER','1','NUMBER','137','EQ','2021-01-18 09:24:26','2021-01-18 09:24:26','0');
INSERT INTO `rule_engine_condition` (`id`, `name`, `description`, `workspace_id`, `create_user_id`, `create_user_name`, `left_type`, `left_value`, `left_value_type`, `right_type`, `right_value_type`, `right_value`, `symbol`, `update_time`, `create_time`, `deleted`) VALUES ('124','出现小汽车',null,'1','2','lq','0','130','COLLECTION','2','STRING','car','CONTAIN','2021-01-19 01:08:24','2021-01-19 01:08:24','0');
INSERT INTO `rule_engine_condition` (`id`, `name`, `description`, `workspace_id`, `create_user_id`, `create_user_name`, `left_type`, `left_value`, `left_value_type`, `right_type`, `right_value_type`, `right_value`, `symbol`, `update_time`, `create_time`, `deleted`) VALUES ('125','温度大于37.3',null,'1','2','lq','0','142','NUMBER','2','NUMBER','37.3','GT','2021-01-19 07:49:19','2021-01-19 07:49:19','0');
INSERT INTO `rule_engine_condition` (`id`, `name`, `description`, `workspace_id`, `create_user_id`, `create_user_name`, `left_type`, `left_value`, `left_value_type`, `right_type`, `right_value_type`, `right_value`, `symbol`, `update_time`, `create_time`, `deleted`) VALUES ('126','时间间隔',null,'1','2','lq','0','145','NUMBER','2','NUMBER','30','GE','2021-01-21 09:27:54','2021-01-21 09:25:05','0');
INSERT INTO `rule_engine_condition` (`id`, `name`, `description`, `workspace_id`, `create_user_id`, `create_user_name`, `left_type`, `left_value`, `left_value_type`, `right_type`, `right_value_type`, `right_value`, `symbol`, `update_time`, `create_time`, `deleted`) VALUES ('128','速度大于60',null,'1','2','lq','0','150','NUMBER','2','NUMBER','60','GT','2021-01-23 10:18:18','2021-01-23 10:18:18','0');
INSERT INTO `rule_engine_condition` (`id`, `name`, `description`, `workspace_id`, `create_user_id`, `create_user_name`, `left_type`, `left_value`, `left_value_type`, `right_type`, `right_value_type`, `right_value`, `symbol`, `update_time`, `create_time`, `deleted`) VALUES ('131','等于周俊的条件','等于周俊的条件','1','2','lq','0','155','STRING','2','STRING','周俊','EQ','2021-01-27 08:43:57','2021-01-27 08:43:57','0');
INSERT INTO `rule_engine_condition` (`id`, `name`, `description`, `workspace_id`, `create_user_id`, `create_user_name`, `left_type`, `left_value`, `left_value_type`, `right_type`, `right_value_type`, `right_value`, `symbol`, `update_time`, `create_time`, `deleted`) VALUES ('134','aaa',null,'1','2','lq','1','155','NUMBER','2','NUMBER','18','GT','2021-02-04 03:45:25','2021-02-04 03:45:25','0');
INSERT INTO `rule_engine_condition` (`id`, `name`, `description`, `workspace_id`, `create_user_id`, `create_user_name`, `left_type`, `left_value`, `left_value_type`, `right_type`, `right_value_type`, `right_value`, `symbol`, `update_time`, `create_time`, `deleted`) VALUES ('135','姓名等于张三的用户','姓名等于张三的用户','1','2','lq','0','155','STRING','2','STRING','张三','EQ','2021-02-04 08:19:14','2021-02-04 08:19:14','0');
INSERT INTO `rule_engine_condition` (`id`, `name`, `description`, `workspace_id`, `create_user_id`, `create_user_name`, `left_type`, `left_value`, `left_value_type`, `right_type`, `right_value_type`, `right_value`, `symbol`, `update_time`, `create_time`, `deleted`) VALUES ('136','班级等于六年级','班级等于六年级','1','2','lq','0','118','STRING','2','STRING','六年级','EQ','2021-02-04 08:19:58','2021-02-04 08:19:58','0');
INSERT INTO `rule_engine_condition` (`id`, `name`, `description`, `workspace_id`, `create_user_id`, `create_user_name`, `left_type`, `left_value`, `left_value_type`, `right_type`, `right_value_type`, `right_value`, `symbol`, `update_time`, `create_time`, `deleted`) VALUES ('137','我是条件',null,'1','2','lq','0','161','COLLECTION','2','STRING','元素','CONTAIN','2021-02-04 08:23:40','2021-02-04 08:23:40','0');
INSERT INTO `rule_engine_condition` (`id`, `name`, `description`, `workspace_id`, `create_user_id`, `create_user_name`, `left_type`, `left_value`, `left_value_type`, `right_type`, `right_value_type`, `right_value`, `symbol`, `update_time`, `create_time`, `deleted`) VALUES ('139','身高判断',null,'1','2','lq','1','159','NUMBER','1','NUMBER','160','LT','2021-02-04 08:32:06','2021-02-04 08:32:06','0');
INSERT INTO `rule_engine_condition` (`id`, `name`, `description`, `workspace_id`, `create_user_id`, `create_user_name`, `left_type`, `left_value`, `left_value_type`, `right_type`, `right_value_type`, `right_value`, `symbol`, `update_time`, `create_time`, `deleted`) VALUES ('140','年龄大于21','年龄大于21','1','2','lq','0','66','NUMBER','2','NUMBER','21','GT','2021-02-04 10:48:44','2021-02-04 08:33:07','0');
INSERT INTO `rule_engine_condition` (`id`, `name`, `description`, `workspace_id`, `create_user_id`, `create_user_name`, `left_type`, `left_value`, `left_value_type`, `right_type`, `right_value_type`, `right_value`, `symbol`, `update_time`, `create_time`, `deleted`) VALUES ('141','商品价格最高价锁定',null,'1','2','lq','0','162','NUMBER','2','NUMBER','1000','LE','2021-02-04 11:46:33','2021-02-04 11:46:33','0');
INSERT INTO `rule_engine_condition` (`id`, `name`, `description`, `workspace_id`, `create_user_id`, `create_user_name`, `left_type`, `left_value`, `left_value_type`, `right_type`, `right_value_type`, `right_value`, `symbol`, `update_time`, `create_time`, `deleted`) VALUES ('142','课程选择',null,'1','2','lq','0','163','COLLECTION','2','COLLECTION','数学,英语,语文','EQ','2021-02-04 11:49:08','2021-02-04 11:49:08','0');
INSERT INTO `rule_engine_condition` (`id`, `name`, `description`, `workspace_id`, `create_user_id`, `create_user_name`, `left_type`, `left_value`, `left_value_type`, `right_type`, `right_value_type`, `right_value`, `symbol`, `update_time`, `create_time`, `deleted`) VALUES ('143','A是否小于B',null,'1','2','lq','1','162','NUMBER','1','NUMBER','163','LT','2021-02-04 11:54:35','2021-02-04 11:54:35','0');
INSERT INTO `rule_engine_condition` (`id`, `name`, `description`, `workspace_id`, `create_user_id`, `create_user_name`, `left_type`, `left_value`, `left_value_type`, `right_type`, `right_value_type`, `right_value`, `symbol`, `update_time`, `create_time`, `deleted`) VALUES ('144','B是否大于20',null,'1','2','lq','1','163','NUMBER','2','NUMBER','20','GT','2021-02-04 12:00:51','2021-02-04 11:57:08','0');
INSERT INTO `rule_engine_condition` (`id`, `name`, `description`, `workspace_id`, `create_user_id`, `create_user_name`, `left_type`, `left_value`, `left_value_type`, `right_type`, `right_value_type`, `right_value`, `symbol`, `update_time`, `create_time`, `deleted`) VALUES ('145','A是否大于10',null,'1','2','lq','1','162','NUMBER','2','NUMBER','10','GT','2021-02-04 12:00:14','2021-02-04 11:57:37','0');
INSERT INTO `rule_engine_condition` (`id`, `name`, `description`, `workspace_id`, `create_user_id`, `create_user_name`, `left_type`, `left_value`, `left_value_type`, `right_type`, `right_value_type`, `right_value`, `symbol`, `update_time`, `create_time`, `deleted`) VALUES ('146','测试变量【年龄在7-11之间】',null,'1','2','lq','1','118','BOOLEAN','2','BOOLEAN','true','EQ','2021-02-04 12:02:42','2021-02-04 12:02:42','0');
INSERT INTO `rule_engine_condition` (`id`, `name`, `description`, `workspace_id`, `create_user_id`, `create_user_name`, `left_type`, `left_value`, `left_value_type`, `right_type`, `right_value_type`, `right_value`, `symbol`, `update_time`, `create_time`, `deleted`) VALUES ('147','sadasdasd2',null,'1','2','lq','0','165','NUMBER','2','NUMBER','10','GT','2021-02-04 13:15:39','2021-02-04 12:10:09','0');

INSERT INTO `rule_engine_condition_group` (`id`, `name`, `rule_id`, `order_no`, `create_time`, `update_time`, `deleted`) VALUES ('1935','条件组','346','1','2021-02-01 02:28:07','2021-02-01 02:28:07','0');
INSERT INTO `rule_engine_condition_group` (`id`, `name`, `rule_id`, `order_no`, `create_time`, `update_time`, `deleted`) VALUES ('1936','条件组','346','2','2021-02-01 02:28:07','2021-02-01 02:28:07','0');
INSERT INTO `rule_engine_condition_group` (`id`, `name`, `rule_id`, `order_no`, `create_time`, `update_time`, `deleted`) VALUES ('1937','条件组','346','3','2021-02-01 02:28:07','2021-02-01 02:28:07','0');
INSERT INTO `rule_engine_condition_group` (`id`, `name`, `rule_id`, `order_no`, `create_time`, `update_time`, `deleted`) VALUES ('1939','条件组','157','1','2021-02-01 02:28:20','2021-02-01 02:28:20','0');
INSERT INTO `rule_engine_condition_group` (`id`, `name`, `rule_id`, `order_no`, `create_time`, `update_time`, `deleted`) VALUES ('1942','条件组','122','1','2021-02-01 02:28:39','2021-02-01 02:28:39','0');
INSERT INTO `rule_engine_condition_group` (`id`, `name`, `rule_id`, `order_no`, `create_time`, `update_time`, `deleted`) VALUES ('1943','条件组','122','2','2021-02-01 02:28:39','2021-02-01 02:28:39','0');
INSERT INTO `rule_engine_condition_group` (`id`, `name`, `rule_id`, `order_no`, `create_time`, `update_time`, `deleted`) VALUES ('1944','是否为体育生条件组','121','1','2021-02-01 02:28:50','2021-02-01 02:28:50','0');
INSERT INTO `rule_engine_condition_group` (`id`, `name`, `rule_id`, `order_no`, `create_time`, `update_time`, `deleted`) VALUES ('1945','条件组','121','2','2021-02-01 02:28:50','2021-02-01 02:28:50','0');
INSERT INTO `rule_engine_condition_group` (`id`, `name`, `rule_id`, `order_no`, `create_time`, `update_time`, `deleted`) VALUES ('1960','条件组','592','1','2021-02-01 04:52:56','2021-02-01 04:52:56','0');
INSERT INTO `rule_engine_condition_group` (`id`, `name`, `rule_id`, `order_no`, `create_time`, `update_time`, `deleted`) VALUES ('1961','条件组','592','2','2021-02-01 04:52:56','2021-02-01 04:52:56','0');
INSERT INTO `rule_engine_condition_group` (`id`, `name`, `rule_id`, `order_no`, `create_time`, `update_time`, `deleted`) VALUES ('1962','条件组','593','1','2021-02-01 04:52:56','2021-02-01 04:52:56','0');
INSERT INTO `rule_engine_condition_group` (`id`, `name`, `rule_id`, `order_no`, `create_time`, `update_time`, `deleted`) VALUES ('1963','条件组','595','1','2021-02-01 04:53:03','2021-02-01 04:53:03','0');
INSERT INTO `rule_engine_condition_group` (`id`, `name`, `rule_id`, `order_no`, `create_time`, `update_time`, `deleted`) VALUES ('1964','条件组','597','1','2021-02-01 04:53:09','2021-02-01 04:53:09','0');
INSERT INTO `rule_engine_condition_group` (`id`, `name`, `rule_id`, `order_no`, `create_time`, `update_time`, `deleted`) VALUES ('1970','条件组','150','1','2021-02-01 04:57:38','2021-02-01 04:57:38','0');
INSERT INTO `rule_engine_condition_group` (`id`, `name`, `rule_id`, `order_no`, `create_time`, `update_time`, `deleted`) VALUES ('1983','条件组','562','1','2021-02-04 06:39:06','2021-02-04 06:39:06','0');
INSERT INTO `rule_engine_condition_group` (`id`, `name`, `rule_id`, `order_no`, `create_time`, `update_time`, `deleted`) VALUES ('1989','条件组','610','1','2021-02-04 08:15:37','2021-02-04 08:15:37','0');
INSERT INTO `rule_engine_condition_group` (`id`, `name`, `rule_id`, `order_no`, `create_time`, `update_time`, `deleted`) VALUES ('1994','条件组','619','1','2021-02-04 08:23:47','2021-02-04 08:23:47','0');
INSERT INTO `rule_engine_condition_group` (`id`, `name`, `rule_id`, `order_no`, `create_time`, `update_time`, `deleted`) VALUES ('1995','条件组','620','1','2021-02-04 08:25:15','2021-02-04 08:25:15','0');
INSERT INTO `rule_engine_condition_group` (`id`, `name`, `rule_id`, `order_no`, `create_time`, `update_time`, `deleted`) VALUES ('2003','条件组','626','1','2021-02-04 10:53:33','2021-02-04 10:53:33','0');
INSERT INTO `rule_engine_condition_group` (`id`, `name`, `rule_id`, `order_no`, `create_time`, `update_time`, `deleted`) VALUES ('2005','条件组','621','1','2021-02-04 11:35:10','2021-02-04 11:35:10','0');
INSERT INTO `rule_engine_condition_group` (`id`, `name`, `rule_id`, `order_no`, `create_time`, `update_time`, `deleted`) VALUES ('2014','条件组','633','1','2021-02-04 12:44:44','2021-02-04 12:44:44','0');
INSERT INTO `rule_engine_condition_group` (`id`, `name`, `rule_id`, `order_no`, `create_time`, `update_time`, `deleted`) VALUES ('2015','条件组','633','2','2021-02-04 12:44:44','2021-02-04 12:44:44','0');
INSERT INTO `rule_engine_condition_group` (`id`, `name`, `rule_id`, `order_no`, `create_time`, `update_time`, `deleted`) VALUES ('2023','条件组','628','1','2021-02-05 06:05:26','2021-02-05 06:05:26','0');
INSERT INTO `rule_engine_condition_group` (`id`, `name`, `rule_id`, `order_no`, `create_time`, `update_time`, `deleted`) VALUES ('2024','条件组','630','1','2021-02-05 07:02:27','2021-02-05 07:02:27','0');
INSERT INTO `rule_engine_condition_group` (`id`, `name`, `rule_id`, `order_no`, `create_time`, `update_time`, `deleted`) VALUES ('2025','条件组','641','1','2021-02-05 17:35:23','2021-02-05 17:35:23','0');
INSERT INTO `rule_engine_condition_group` (`id`, `name`, `rule_id`, `order_no`, `create_time`, `update_time`, `deleted`) VALUES ('2026','条件组3','641','2','2021-02-05 17:35:23','2021-02-05 17:35:23','0');
INSERT INTO `rule_engine_condition_group` (`id`, `name`, `rule_id`, `order_no`, `create_time`, `update_time`, `deleted`) VALUES ('2027','条件组','642','1','2021-02-05 17:35:23','2021-02-05 17:35:23','0');

INSERT INTO `rule_engine_condition_group_condition` (`id`, `condition_id`, `condition_group_id`, `order_no`, `create_time`, `update_time`, `deleted`) VALUES ('2887','124','1935','1','2021-02-01 02:28:07','2021-02-01 02:28:07','0');
INSERT INTO `rule_engine_condition_group_condition` (`id`, `condition_id`, `condition_group_id`, `order_no`, `create_time`, `update_time`, `deleted`) VALUES ('2888','126','1935','2','2021-02-01 02:28:07','2021-02-01 02:28:07','0');
INSERT INTO `rule_engine_condition_group_condition` (`id`, `condition_id`, `condition_group_id`, `order_no`, `create_time`, `update_time`, `deleted`) VALUES ('2889','116','1936','1','2021-02-01 02:28:07','2021-02-01 02:28:07','0');
INSERT INTO `rule_engine_condition_group_condition` (`id`, `condition_id`, `condition_group_id`, `order_no`, `create_time`, `update_time`, `deleted`) VALUES ('2890','117','1937','1','2021-02-01 02:28:07','2021-02-01 02:28:07','0');
INSERT INTO `rule_engine_condition_group_condition` (`id`, `condition_id`, `condition_group_id`, `order_no`, `create_time`, `update_time`, `deleted`) VALUES ('2893','73','1939','1','2021-02-01 02:28:20','2021-02-01 02:28:20','0');
INSERT INTO `rule_engine_condition_group_condition` (`id`, `condition_id`, `condition_group_id`, `order_no`, `create_time`, `update_time`, `deleted`) VALUES ('2894','69','1939','2','2021-02-01 02:28:20','2021-02-01 02:28:20','0');
INSERT INTO `rule_engine_condition_group_condition` (`id`, `condition_id`, `condition_group_id`, `order_no`, `create_time`, `update_time`, `deleted`) VALUES ('2899','71','1942','1','2021-02-01 02:28:39','2021-02-01 02:28:39','0');
INSERT INTO `rule_engine_condition_group_condition` (`id`, `condition_id`, `condition_group_id`, `order_no`, `create_time`, `update_time`, `deleted`) VALUES ('2900','73','1943','1','2021-02-01 02:28:39','2021-02-01 02:28:39','0');
INSERT INTO `rule_engine_condition_group_condition` (`id`, `condition_id`, `condition_group_id`, `order_no`, `create_time`, `update_time`, `deleted`) VALUES ('2901','70','1943','2','2021-02-01 02:28:39','2021-02-01 02:28:39','0');
INSERT INTO `rule_engine_condition_group_condition` (`id`, `condition_id`, `condition_group_id`, `order_no`, `create_time`, `update_time`, `deleted`) VALUES ('2902','69','1943','3','2021-02-01 02:28:39','2021-02-01 02:28:39','0');
INSERT INTO `rule_engine_condition_group_condition` (`id`, `condition_id`, `condition_group_id`, `order_no`, `create_time`, `update_time`, `deleted`) VALUES ('2903','103','1944','1','2021-02-01 02:28:50','2021-02-01 02:28:50','0');
INSERT INTO `rule_engine_condition_group_condition` (`id`, `condition_id`, `condition_group_id`, `order_no`, `create_time`, `update_time`, `deleted`) VALUES ('2904','104','1945','1','2021-02-01 02:28:50','2021-02-01 02:28:50','0');
INSERT INTO `rule_engine_condition_group_condition` (`id`, `condition_id`, `condition_group_id`, `order_no`, `create_time`, `update_time`, `deleted`) VALUES ('2905','102','1945','2','2021-02-01 02:28:50','2021-02-01 02:28:50','0');
INSERT INTO `rule_engine_condition_group_condition` (`id`, `condition_id`, `condition_group_id`, `order_no`, `create_time`, `update_time`, `deleted`) VALUES ('2906','101','1945','3','2021-02-01 02:28:50','2021-02-01 02:28:50','0');
INSERT INTO `rule_engine_condition_group_condition` (`id`, `condition_id`, `condition_group_id`, `order_no`, `create_time`, `update_time`, `deleted`) VALUES ('2907','100','1945','4','2021-02-01 02:28:50','2021-02-01 02:28:50','0');
INSERT INTO `rule_engine_condition_group_condition` (`id`, `condition_id`, `condition_group_id`, `order_no`, `create_time`, `update_time`, `deleted`) VALUES ('2908','98','1945','5','2021-02-01 02:28:50','2021-02-01 02:28:50','0');
INSERT INTO `rule_engine_condition_group_condition` (`id`, `condition_id`, `condition_group_id`, `order_no`, `create_time`, `update_time`, `deleted`) VALUES ('2924','119','1960','2','2021-02-01 04:52:56','2021-02-01 04:52:56','0');
INSERT INTO `rule_engine_condition_group_condition` (`id`, `condition_id`, `condition_group_id`, `order_no`, `create_time`, `update_time`, `deleted`) VALUES ('2925','125','1961','1','2021-02-01 04:52:56','2021-02-01 04:52:56','0');
INSERT INTO `rule_engine_condition_group_condition` (`id`, `condition_id`, `condition_group_id`, `order_no`, `create_time`, `update_time`, `deleted`) VALUES ('2926','47','1962','1','2021-02-01 04:52:56','2021-02-01 04:52:56','0');
INSERT INTO `rule_engine_condition_group_condition` (`id`, `condition_id`, `condition_group_id`, `order_no`, `create_time`, `update_time`, `deleted`) VALUES ('2927','65','1963','1','2021-02-01 04:53:03','2021-02-01 04:53:03','0');
INSERT INTO `rule_engine_condition_group_condition` (`id`, `condition_id`, `condition_group_id`, `order_no`, `create_time`, `update_time`, `deleted`) VALUES ('2928','122','1964','1','2021-02-01 04:53:09','2021-02-01 04:53:09','0');
INSERT INTO `rule_engine_condition_group_condition` (`id`, `condition_id`, `condition_group_id`, `order_no`, `create_time`, `update_time`, `deleted`) VALUES ('2937','117','1970','1','2021-02-01 04:57:38','2021-02-01 04:57:38','0');
INSERT INTO `rule_engine_condition_group_condition` (`id`, `condition_id`, `condition_group_id`, `order_no`, `create_time`, `update_time`, `deleted`) VALUES ('2938','116','1970','2','2021-02-01 04:57:38','2021-02-01 04:57:38','0');
INSERT INTO `rule_engine_condition_group_condition` (`id`, `condition_id`, `condition_group_id`, `order_no`, `create_time`, `update_time`, `deleted`) VALUES ('2955','131','1983','1','2021-02-04 06:39:06','2021-02-04 06:39:06','0');
INSERT INTO `rule_engine_condition_group_condition` (`id`, `condition_id`, `condition_group_id`, `order_no`, `create_time`, `update_time`, `deleted`) VALUES ('2961','134','1989','1','2021-02-04 08:15:37','2021-02-04 08:15:37','0');
INSERT INTO `rule_engine_condition_group_condition` (`id`, `condition_id`, `condition_group_id`, `order_no`, `create_time`, `update_time`, `deleted`) VALUES ('2967','135','1994','1','2021-02-04 08:23:47','2021-02-04 08:23:47','0');
INSERT INTO `rule_engine_condition_group_condition` (`id`, `condition_id`, `condition_group_id`, `order_no`, `create_time`, `update_time`, `deleted`) VALUES ('2968','136','1994','2','2021-02-04 08:23:47','2021-02-04 08:23:47','0');
INSERT INTO `rule_engine_condition_group_condition` (`id`, `condition_id`, `condition_group_id`, `order_no`, `create_time`, `update_time`, `deleted`) VALUES ('2969','137','1995','1','2021-02-04 08:25:15','2021-02-04 08:25:15','0');
INSERT INTO `rule_engine_condition_group_condition` (`id`, `condition_id`, `condition_group_id`, `order_no`, `create_time`, `update_time`, `deleted`) VALUES ('2980','99','2003','1','2021-02-04 10:53:33','2021-02-04 10:53:33','0');
INSERT INTO `rule_engine_condition_group_condition` (`id`, `condition_id`, `condition_group_id`, `order_no`, `create_time`, `update_time`, `deleted`) VALUES ('2983','139','2005','1','2021-02-04 11:35:10','2021-02-04 11:35:10','0');
INSERT INTO `rule_engine_condition_group_condition` (`id`, `condition_id`, `condition_group_id`, `order_no`, `create_time`, `update_time`, `deleted`) VALUES ('2984','140','2005','2','2021-02-04 11:35:10','2021-02-04 11:35:10','0');
INSERT INTO `rule_engine_condition_group_condition` (`id`, `condition_id`, `condition_group_id`, `order_no`, `create_time`, `update_time`, `deleted`) VALUES ('2998','100','2014','1','2021-02-04 12:44:44','2021-02-04 12:44:44','0');
INSERT INTO `rule_engine_condition_group_condition` (`id`, `condition_id`, `condition_group_id`, `order_no`, `create_time`, `update_time`, `deleted`) VALUES ('2999','140','2015','1','2021-02-04 12:44:44','2021-02-04 12:44:44','0');
INSERT INTO `rule_engine_condition_group_condition` (`id`, `condition_id`, `condition_group_id`, `order_no`, `create_time`, `update_time`, `deleted`) VALUES ('3011','142','2023','1','2021-02-05 06:05:26','2021-02-05 06:05:26','0');
INSERT INTO `rule_engine_condition_group_condition` (`id`, `condition_id`, `condition_group_id`, `order_no`, `create_time`, `update_time`, `deleted`) VALUES ('3012','142','2023','2','2021-02-05 06:05:26','2021-02-05 06:05:26','0');
INSERT INTO `rule_engine_condition_group_condition` (`id`, `condition_id`, `condition_group_id`, `order_no`, `create_time`, `update_time`, `deleted`) VALUES ('3013','144','2024','2','2021-02-05 07:02:27','2021-02-05 07:02:27','0');
INSERT INTO `rule_engine_condition_group_condition` (`id`, `condition_id`, `condition_group_id`, `order_no`, `create_time`, `update_time`, `deleted`) VALUES ('3014','147','2024','3','2021-02-05 07:02:27','2021-02-05 07:02:27','0');
INSERT INTO `rule_engine_condition_group_condition` (`id`, `condition_id`, `condition_group_id`, `order_no`, `create_time`, `update_time`, `deleted`) VALUES ('3015','47','2025','1','2021-02-05 17:35:23','2021-02-05 17:35:23','0');
INSERT INTO `rule_engine_condition_group_condition` (`id`, `condition_id`, `condition_group_id`, `order_no`, `create_time`, `update_time`, `deleted`) VALUES ('3016','121','2025','2','2021-02-05 17:35:23','2021-02-05 17:35:23','0');
INSERT INTO `rule_engine_condition_group_condition` (`id`, `condition_id`, `condition_group_id`, `order_no`, `create_time`, `update_time`, `deleted`) VALUES ('3017','119','2026','1','2021-02-05 17:35:23','2021-02-05 17:35:23','0');
INSERT INTO `rule_engine_condition_group_condition` (`id`, `condition_id`, `condition_group_id`, `order_no`, `create_time`, `update_time`, `deleted`) VALUES ('3018','57','2027','1','2021-02-05 17:35:23','2021-02-05 17:35:23','0');

INSERT INTO `rule_engine_decision_table` (`id`, `name`, `code`, `description`, `workspace_id`, `workspace_code`, `table_data`, `strategy_type`, `create_user_id`, `create_user_name`, `status`, `current_version`, `publish_version`, `reference_data`, `abnormal_alarm`, `create_time`, `update_time`, `deleted`) VALUES ('19','test','asdf',null,'1','default','{"rows": [{"result": {"type": 2, "value": "true", "valueType": "BOOLEAN"}, "priority": 2, "conditions": [{"type": 2, "value": "true", "valueType": "BOOLEAN"}, {"type": 2, "value": "qwe", "valueType": "STRING"}]}, {"result": {"type": 2, "value": "true", "valueType": "BOOLEAN"}, "priority": 1, "conditions": [{"type": 2, "value": "true", "valueType": "BOOLEAN"}, {}]}, {"result": {"type": 2, "value": "false", "valueType": "BOOLEAN"}, "priority": 1, "conditions": [{"type": 2, "value": "true", "valueType": "BOOLEAN"}, {}]}, {"result": {"type": 2, "value": "true", "valueType": "BOOLEAN"}, "priority": 1, "conditions": [{"type": 1, "value": "118", "valueName": "年龄在7-11之间", "valueType": "BOOLEAN"}, {}]}], "collResultHead": {"type": 2, "valueType": "BOOLEAN", "defaultAction": {"valueType": "COLLECTION", "enableDefaultAction": 1}}, "collConditionHeads": [{"name": "条件", "symbol": "EQ", "leftValue": {"type": 0, "value": "122", "valueName": "布尔元素", "valueType": "BOOLEAN"}}, {"name": "条件", "symbol": "EQ", "leftValue": {"type": 2, "value": "q", "valueType": "STRING"}}]}','1','1','dqw','1','2.0','1.0','{"elementIds": [122], "variableIds": [118], "conditionIds": []}','{"enable": false, "timeOutThreshold": 3000}','2021-01-02 18:38:25','2021-02-05 17:35:08','0');
INSERT INTO `rule_engine_decision_table` (`id`, `name`, `code`, `description`, `workspace_id`, `workspace_code`, `table_data`, `strategy_type`, `create_user_id`, `create_user_name`, `status`, `current_version`, `publish_version`, `reference_data`, `abnormal_alarm`, `create_time`, `update_time`, `deleted`) VALUES ('45','测试决策表','test',null,'1','default','{"rows": [{"result": {"type": 2, "value": "1", "valueType": "NUMBER"}, "priority": 1, "conditions": [{"type": 2, "value": "true", "valueType": "BOOLEAN"}]}], "collResultHead": {"type": 2, "valueType": "NUMBER", "defaultAction": {}}, "collConditionHeads": [{"name": "条件", "symbol": "EQ", "leftValue": {"type": 0, "value": "122", "valueName": "布尔元素", "valueType": "BOOLEAN"}}]}','1','1','dqw','0','2.0','1.0','{"elementIds": [122], "variableIds": [], "conditionIds": []}',null,'2021-01-23 16:04:14','2021-02-05 07:02:56','0');
INSERT INTO `rule_engine_decision_table` (`id`, `name`, `code`, `description`, `workspace_id`, `workspace_code`, `table_data`, `strategy_type`, `create_user_id`, `create_user_name`, `status`, `current_version`, `publish_version`, `reference_data`, `abnormal_alarm`, `create_time`, `update_time`, `deleted`) VALUES ('56','测试决策表','testCode',null,'1','default','{"rows": [{"result": {"type": 2, "value": "100", "valueType": "NUMBER"}, "priority": 1, "conditions": [{"type": 1, "value": "155", "valueName": "年龄", "valueType": "NUMBER"}]}], "collResultHead": {"type": 2, "valueType": "NUMBER", "defaultAction": {"type": 2, "value": "30", "valueType": "NUMBER", "enableDefaultAction": 0}}, "collConditionHeads": [{"name": "年龄", "symbol": "LT", "leftValue": {"type": 2, "value": "17", "valueType": "NUMBER"}}]}','1','2','lq','1','1.0',null,'{"elementIds": [], "variableIds": [155], "conditionIds": []}',null,'2021-02-04 11:39:22','2021-02-04 12:44:10','0');
INSERT INTO `rule_engine_decision_table` (`id`, `name`, `code`, `description`, `workspace_id`, `workspace_code`, `table_data`, `strategy_type`, `create_user_id`, `create_user_name`, `status`, `current_version`, `publish_version`, `reference_data`, `abnormal_alarm`, `create_time`, `update_time`, `deleted`) VALUES ('61','右键试试','asdfasdfsadf',null,'1','default','{"rows": [{"result": {"type": 2, "value": "11", "valueType": "STRING"}, "priority": 1, "conditions": [{"type": 2, "value": "123", "valueType": "STRING"}]}, {"result": {"type": 2, "value": "22", "valueType": "STRING"}, "priority": 1, "conditions": [{"type": 2, "value": "右键试试", "valueType": "STRING"}]}], "collResultHead": {"type": 2, "valueType": "STRING", "defaultAction": {}}, "collConditionHeads": [{"name": "条件", "symbol": "STARTS_WITH", "leftValue": {"type": 2, "value": "123", "valueType": "STRING"}}]}','1','1','dqw','1','2.0','1.0','{"elementIds": [], "variableIds": [], "conditionIds": []}',null,'2021-02-05 15:04:47','2021-02-06 02:01:39','0');

INSERT INTO `rule_engine_decision_table_publish` (`id`, `decision_table_id`, `decision_table_code`, `workspace_id`, `workspace_code`, `data`, `status`, `version`, `reference_data`, `create_time`, `update_time`, `deleted`) VALUES ('285','19','asdf','1','default','{"cn.ruleengine.core.decisiontable.DecisionTable": {"id": 19, "code": "asdf", "name": "test", "collHeads": {"java.util.ArrayList": [{"cn.ruleengine.core.decisiontable.CollHead": {"name": "条件", "operator": {"cn.ruleengine.core.condition.Operator": "EQ"}, "leftValue": {"cn.ruleengine.core.value.Element": {"elementId": 122, "valueType": {"cn.ruleengine.core.value.ValueType": "BOOLEAN"}, "elementCode": "boolean"}}}}, {"cn.ruleengine.core.decisiontable.CollHead": {"name": "条件", "operator": {"cn.ruleengine.core.condition.Operator": "EQ"}, "leftValue": {"cn.ruleengine.core.value.Constant": {"value": "q", "valueType": {"cn.ruleengine.core.value.ValueType": "STRING"}}}}}]}, "description": null, "workspaceId": 1, "decisionTree": {"java.util.TreeMap": {"1": {"java.util.ArrayList": [{"cn.ruleengine.core.decisiontable.Row": {"colls": {"java.util.ArrayList": [{"cn.ruleengine.core.decisiontable.Coll": {"rightValue": {"cn.ruleengine.core.value.Constant": {"value": true, "valueType": {"cn.ruleengine.core.value.ValueType": "BOOLEAN"}}}}}, {"cn.ruleengine.core.decisiontable.Coll": {"rightValue": null}}]}, "order": 1, "action": {"cn.ruleengine.core.value.Constant": {"value": true, "valueType": {"cn.ruleengine.core.value.ValueType": "BOOLEAN"}}}, "priority": 1}}, {"cn.ruleengine.core.decisiontable.Row": {"colls": {"java.util.ArrayList": [{"cn.ruleengine.core.decisiontable.Coll": {"rightValue": {"cn.ruleengine.core.value.Constant": {"value": true, "valueType": {"cn.ruleengine.core.value.ValueType": "BOOLEAN"}}}}}, {"cn.ruleengine.core.decisiontable.Coll": {"rightValue": null}}]}, "order": 2, "action": {"cn.ruleengine.core.value.Constant": {"value": false, "valueType": {"cn.ruleengine.core.value.ValueType": "BOOLEAN"}}}, "priority": 1}}, {"cn.ruleengine.core.decisiontable.Row": {"colls": {"java.util.ArrayList": [{"cn.ruleengine.core.decisiontable.Coll": {"rightValue": {"cn.ruleengine.core.value.Variable": {"valueType": {"cn.ruleengine.core.value.ValueType": "BOOLEAN"}, "variableId": 118}}}}, {"cn.ruleengine.core.decisiontable.Coll": {"rightValue": null}}]}, "order": 3, "action": {"cn.ruleengine.core.value.Constant": {"value": true, "valueType": {"cn.ruleengine.core.value.ValueType": "BOOLEAN"}}}, "priority": 1}}]}, "2": {"java.util.ArrayList": [{"cn.ruleengine.core.decisiontable.Row": {"colls": {"java.util.ArrayList": [{"cn.ruleengine.core.decisiontable.Coll": {"rightValue": {"cn.ruleengine.core.value.Constant": {"value": true, "valueType": {"cn.ruleengine.core.value.ValueType": "BOOLEAN"}}}}}, {"cn.ruleengine.core.decisiontable.Coll": {"rightValue": {"cn.ruleengine.core.value.Constant": {"value": "qwe", "valueType": {"cn.ruleengine.core.value.ValueType": "STRING"}}}}}]}, "order": 0, "action": {"cn.ruleengine.core.value.Constant": {"value": true, "valueType": {"cn.ruleengine.core.value.ValueType": "BOOLEAN"}}}, "priority": 2}}]}}}, "strategyType": {"cn.ruleengine.core.decisiontable.DecisionTableStrategyType": "ALL_PRIORITY"}, "abnormalAlarm": {"cn.ruleengine.core.rule.AbnormalAlarm": {"email": null, "enable": false, "timeOutThreshold": 3000}}, "workspaceCode": "default", "defaultActionValue": null}}','3',null,'{"elementIds": [122], "variableIds": [118]}','2021-01-22 16:51:10','2021-01-22 16:51:10','0');
INSERT INTO `rule_engine_decision_table_publish` (`id`, `decision_table_id`, `decision_table_code`, `workspace_id`, `workspace_code`, `data`, `status`, `version`, `reference_data`, `create_time`, `update_time`, `deleted`) VALUES ('300','45','test','1','default','{"cn.ruleengine.core.decisiontable.DecisionTable": {"id": 45, "code": "test", "name": "测试决策表", "collHeads": {"java.util.ArrayList": [{"cn.ruleengine.core.decisiontable.CollHead": {"name": "条件", "operator": {"cn.ruleengine.core.condition.Operator": "EQ"}, "leftValue": {"cn.ruleengine.core.value.Element": {"elementId": 122, "valueType": {"cn.ruleengine.core.value.ValueType": "BOOLEAN"}, "elementCode": "boolean"}}}}]}, "description": null, "workspaceId": 1, "decisionTree": {"java.util.TreeMap": {"1": {"java.util.ArrayList": [{"cn.ruleengine.core.decisiontable.Row": {"colls": {"java.util.ArrayList": [{"cn.ruleengine.core.decisiontable.Coll": {"rightValue": {"cn.ruleengine.core.value.Constant": {"value": true, "valueType": {"cn.ruleengine.core.value.ValueType": "BOOLEAN"}}}}}]}, "order": 0, "action": {"cn.ruleengine.core.value.Constant": {"value": {"java.math.BigDecimal": 1}, "valueType": {"cn.ruleengine.core.value.ValueType": "NUMBER"}}}, "priority": 1}}]}}}, "strategyType": {"cn.ruleengine.core.decisiontable.DecisionTableStrategyType": "ALL_PRIORITY"}, "abnormalAlarm": {"cn.ruleengine.core.rule.AbnormalAlarm": {"email": null, "enable": false, "timeOutThreshold": 3000}}, "workspaceCode": "default", "defaultActionValue": null}}','2','1.0','{"elementIds": [122], "variableIds": [], "conditionIds": []}','2021-02-01 04:54:02','2021-02-01 04:54:02','0');
INSERT INTO `rule_engine_decision_table_publish` (`id`, `decision_table_id`, `decision_table_code`, `workspace_id`, `workspace_code`, `data`, `status`, `version`, `reference_data`, `create_time`, `update_time`, `deleted`) VALUES ('301','19','asdf','1','default','{"cn.ruleengine.core.decisiontable.DecisionTable": {"id": 19, "code": "asdf", "name": "test", "collHeads": {"java.util.ArrayList": [{"cn.ruleengine.core.decisiontable.CollHead": {"name": "条件", "operator": {"cn.ruleengine.core.condition.Operator": "EQ"}, "leftValue": {"cn.ruleengine.core.value.Element": {"elementId": 122, "valueType": {"cn.ruleengine.core.value.ValueType": "BOOLEAN"}, "elementCode": "boolean"}}}}, {"cn.ruleengine.core.decisiontable.CollHead": {"name": "条件", "operator": {"cn.ruleengine.core.condition.Operator": "EQ"}, "leftValue": {"cn.ruleengine.core.value.Constant": {"value": "q", "valueType": {"cn.ruleengine.core.value.ValueType": "STRING"}}}}}]}, "description": null, "workspaceId": 1, "decisionTree": {"java.util.TreeMap": {"1": {"java.util.ArrayList": [{"cn.ruleengine.core.decisiontable.Row": {"colls": {"java.util.ArrayList": [{"cn.ruleengine.core.decisiontable.Coll": {"rightValue": {"cn.ruleengine.core.value.Constant": {"value": true, "valueType": {"cn.ruleengine.core.value.ValueType": "BOOLEAN"}}}}}, {"cn.ruleengine.core.decisiontable.Coll": {"rightValue": null}}]}, "order": 1, "action": {"cn.ruleengine.core.value.Constant": {"value": true, "valueType": {"cn.ruleengine.core.value.ValueType": "BOOLEAN"}}}, "priority": 1}}, {"cn.ruleengine.core.decisiontable.Row": {"colls": {"java.util.ArrayList": [{"cn.ruleengine.core.decisiontable.Coll": {"rightValue": {"cn.ruleengine.core.value.Constant": {"value": true, "valueType": {"cn.ruleengine.core.value.ValueType": "BOOLEAN"}}}}}, {"cn.ruleengine.core.decisiontable.Coll": {"rightValue": null}}]}, "order": 2, "action": {"cn.ruleengine.core.value.Constant": {"value": false, "valueType": {"cn.ruleengine.core.value.ValueType": "BOOLEAN"}}}, "priority": 1}}, {"cn.ruleengine.core.decisiontable.Row": {"colls": {"java.util.ArrayList": [{"cn.ruleengine.core.decisiontable.Coll": {"rightValue": {"cn.ruleengine.core.value.Variable": {"valueType": {"cn.ruleengine.core.value.ValueType": "BOOLEAN"}, "variableId": 118}}}}, {"cn.ruleengine.core.decisiontable.Coll": {"rightValue": null}}]}, "order": 3, "action": {"cn.ruleengine.core.value.Constant": {"value": true, "valueType": {"cn.ruleengine.core.value.ValueType": "BOOLEAN"}}}, "priority": 1}}]}, "2": {"java.util.ArrayList": [{"cn.ruleengine.core.decisiontable.Row": {"colls": {"java.util.ArrayList": [{"cn.ruleengine.core.decisiontable.Coll": {"rightValue": {"cn.ruleengine.core.value.Constant": {"value": true, "valueType": {"cn.ruleengine.core.value.ValueType": "BOOLEAN"}}}}}, {"cn.ruleengine.core.decisiontable.Coll": {"rightValue": {"cn.ruleengine.core.value.Constant": {"value": "qwe", "valueType": {"cn.ruleengine.core.value.ValueType": "STRING"}}}}}]}, "order": 0, "action": {"cn.ruleengine.core.value.Constant": {"value": true, "valueType": {"cn.ruleengine.core.value.ValueType": "BOOLEAN"}}}, "priority": 2}}]}}}, "strategyType": {"cn.ruleengine.core.decisiontable.DecisionTableStrategyType": "ALL_PRIORITY"}, "abnormalAlarm": {"cn.ruleengine.core.rule.AbnormalAlarm": {"email": null, "enable": false, "timeOutThreshold": 3000}}, "workspaceCode": "default", "defaultActionValue": null}}','2','1.0','{"elementIds": [122], "variableIds": [118], "conditionIds": []}','2021-02-01 04:54:07','2021-02-01 04:54:07','0');
INSERT INTO `rule_engine_decision_table_publish` (`id`, `decision_table_id`, `decision_table_code`, `workspace_id`, `workspace_code`, `data`, `status`, `version`, `reference_data`, `create_time`, `update_time`, `deleted`) VALUES ('342','56','testCode','1','default','{"cn.ruleengine.core.decisiontable.DecisionTable": {"id": 56, "code": "testCode", "name": "测试决策表", "collHeads": {"java.util.ArrayList": [{"cn.ruleengine.core.decisiontable.CollHead": {"name": "年龄", "operator": {"cn.ruleengine.core.condition.Operator": "LT"}, "leftValue": {"cn.ruleengine.core.value.Constant": {"value": {"java.math.BigDecimal": 17}, "valueType": {"cn.ruleengine.core.value.ValueType": "NUMBER"}}}}}]}, "description": null, "workspaceId": 1, "decisionTree": {"java.util.TreeMap": {"1": {"java.util.ArrayList": [{"cn.ruleengine.core.decisiontable.Row": {"colls": {"java.util.ArrayList": [{"cn.ruleengine.core.decisiontable.Coll": {"rightValue": {"cn.ruleengine.core.value.Variable": {"valueType": {"cn.ruleengine.core.value.ValueType": "NUMBER"}, "variableId": 155}}}}]}, "order": 0, "action": {"cn.ruleengine.core.value.Constant": {"value": {"java.math.BigDecimal": 100}, "valueType": {"cn.ruleengine.core.value.ValueType": "NUMBER"}}}, "priority": 1}}]}}}, "strategyType": {"cn.ruleengine.core.decisiontable.DecisionTableStrategyType": "ALL_PRIORITY"}, "abnormalAlarm": {"cn.ruleengine.core.rule.AbnormalAlarm": {"email": null, "enable": false, "timeOutThreshold": 3000}}, "workspaceCode": "default", "defaultActionValue": {"cn.ruleengine.core.value.Constant": {"value": {"java.math.BigDecimal": 30}, "valueType": {"cn.ruleengine.core.value.ValueType": "NUMBER"}}}}}','1','1.0','{"elementIds": [], "variableIds": [155], "conditionIds": []}','2021-02-04 12:44:10','2021-02-04 12:44:10','0');
INSERT INTO `rule_engine_decision_table_publish` (`id`, `decision_table_id`, `decision_table_code`, `workspace_id`, `workspace_code`, `data`, `status`, `version`, `reference_data`, `create_time`, `update_time`, `deleted`) VALUES ('345','61','asdfasdfsadf','1','default','{"cn.ruleengine.core.decisiontable.DecisionTable": {"id": 61, "code": "asdfasdfsadf", "name": "asdfasdf", "collHeads": {"java.util.ArrayList": [{"cn.ruleengine.core.decisiontable.CollHead": {"name": "条件", "operator": {"cn.ruleengine.core.condition.Operator": "STARTS_WITH"}, "leftValue": {"cn.ruleengine.core.value.Constant": {"value": "123", "valueType": {"cn.ruleengine.core.value.ValueType": "STRING"}}}}}]}, "description": null, "workspaceId": 1, "decisionTree": {"java.util.TreeMap": {"1": {"java.util.ArrayList": [{"cn.ruleengine.core.decisiontable.Row": {"colls": {"java.util.ArrayList": [{"cn.ruleengine.core.decisiontable.Coll": {"rightValue": {"cn.ruleengine.core.value.Constant": {"value": "123", "valueType": {"cn.ruleengine.core.value.ValueType": "STRING"}}}}}]}, "order": 0, "action": {"cn.ruleengine.core.value.Constant": {"value": "1", "valueType": {"cn.ruleengine.core.value.ValueType": "STRING"}}}, "priority": 1}}, {"cn.ruleengine.core.decisiontable.Row": {"colls": {"java.util.ArrayList": [{"cn.ruleengine.core.decisiontable.Coll": {"rightValue": {"cn.ruleengine.core.value.Constant": {"value": "右键试试", "valueType": {"cn.ruleengine.core.value.ValueType": "STRING"}}}}}]}, "order": 1, "action": {"cn.ruleengine.core.value.Constant": {"value": "2", "valueType": {"cn.ruleengine.core.value.ValueType": "STRING"}}}, "priority": 1}}]}}}, "strategyType": {"cn.ruleengine.core.decisiontable.DecisionTableStrategyType": "ALL_PRIORITY"}, "workspaceCode": "default", "defaultActionValue": null}}','2','1.0','{"elementIds": [], "variableIds": [], "conditionIds": []}','2021-02-05 15:10:54','2021-02-05 15:10:54','0');
INSERT INTO `rule_engine_decision_table_publish` (`id`, `decision_table_id`, `decision_table_code`, `workspace_id`, `workspace_code`, `data`, `status`, `version`, `reference_data`, `create_time`, `update_time`, `deleted`) VALUES ('347','19','asdf','1','default','{"cn.ruleengine.core.decisiontable.DecisionTable": {"id": 19, "code": "asdf", "name": "test", "collHeads": {"java.util.ArrayList": [{"cn.ruleengine.core.decisiontable.CollHead": {"name": "条件", "operator": {"cn.ruleengine.core.condition.Operator": "EQ"}, "leftValue": {"cn.ruleengine.core.value.Element": {"elementId": 122, "valueType": {"cn.ruleengine.core.value.ValueType": "BOOLEAN"}, "elementCode": "boolean"}}}}, {"cn.ruleengine.core.decisiontable.CollHead": {"name": "条件", "operator": {"cn.ruleengine.core.condition.Operator": "EQ"}, "leftValue": {"cn.ruleengine.core.value.Constant": {"value": "q", "valueType": {"cn.ruleengine.core.value.ValueType": "STRING"}}}}}]}, "description": null, "workspaceId": 1, "decisionTree": {"java.util.TreeMap": {"1": {"java.util.ArrayList": [{"cn.ruleengine.core.decisiontable.Row": {"colls": {"java.util.ArrayList": [{"cn.ruleengine.core.decisiontable.Coll": {"rightValue": {"cn.ruleengine.core.value.Constant": {"value": true, "valueType": {"cn.ruleengine.core.value.ValueType": "BOOLEAN"}}}}}, {"cn.ruleengine.core.decisiontable.Coll": {"rightValue": null}}]}, "order": 1, "action": {"cn.ruleengine.core.value.Constant": {"value": true, "valueType": {"cn.ruleengine.core.value.ValueType": "BOOLEAN"}}}, "priority": 1}}, {"cn.ruleengine.core.decisiontable.Row": {"colls": {"java.util.ArrayList": [{"cn.ruleengine.core.decisiontable.Coll": {"rightValue": {"cn.ruleengine.core.value.Constant": {"value": true, "valueType": {"cn.ruleengine.core.value.ValueType": "BOOLEAN"}}}}}, {"cn.ruleengine.core.decisiontable.Coll": {"rightValue": null}}]}, "order": 2, "action": {"cn.ruleengine.core.value.Constant": {"value": false, "valueType": {"cn.ruleengine.core.value.ValueType": "BOOLEAN"}}}, "priority": 1}}, {"cn.ruleengine.core.decisiontable.Row": {"colls": {"java.util.ArrayList": [{"cn.ruleengine.core.decisiontable.Coll": {"rightValue": {"cn.ruleengine.core.value.Variable": {"valueType": {"cn.ruleengine.core.value.ValueType": "BOOLEAN"}, "variableId": 118}}}}, {"cn.ruleengine.core.decisiontable.Coll": {"rightValue": null}}]}, "order": 3, "action": {"cn.ruleengine.core.value.Constant": {"value": true, "valueType": {"cn.ruleengine.core.value.ValueType": "BOOLEAN"}}}, "priority": 1}}]}, "2": {"java.util.ArrayList": [{"cn.ruleengine.core.decisiontable.Row": {"colls": {"java.util.ArrayList": [{"cn.ruleengine.core.decisiontable.Coll": {"rightValue": {"cn.ruleengine.core.value.Constant": {"value": true, "valueType": {"cn.ruleengine.core.value.ValueType": "BOOLEAN"}}}}}, {"cn.ruleengine.core.decisiontable.Coll": {"rightValue": {"cn.ruleengine.core.value.Constant": {"value": "qwe", "valueType": {"cn.ruleengine.core.value.ValueType": "STRING"}}}}}]}, "order": 0, "action": {"cn.ruleengine.core.value.Constant": {"value": true, "valueType": {"cn.ruleengine.core.value.ValueType": "BOOLEAN"}}}, "priority": 2}}]}}}, "strategyType": {"cn.ruleengine.core.decisiontable.DecisionTableStrategyType": "ALL_PRIORITY"}, "workspaceCode": "default", "defaultActionValue": null}}','1','2.0','{"elementIds": [122], "variableIds": [118], "conditionIds": []}','2021-02-05 17:35:08','2021-02-05 17:35:08','0');
INSERT INTO `rule_engine_decision_table_publish` (`id`, `decision_table_id`, `decision_table_code`, `workspace_id`, `workspace_code`, `data`, `status`, `version`, `reference_data`, `create_time`, `update_time`, `deleted`) VALUES ('348','61','asdfasdfsadf','1','default','{"cn.ruleengine.core.decisiontable.DecisionTable": {"id": 61, "code": "asdfasdfsadf", "name": "右键试试", "collHeads": {"java.util.ArrayList": [{"cn.ruleengine.core.decisiontable.CollHead": {"name": "条件", "operator": {"cn.ruleengine.core.condition.Operator": "STARTS_WITH"}, "leftValue": {"cn.ruleengine.core.value.Constant": {"value": "123", "valueType": {"cn.ruleengine.core.value.ValueType": "STRING"}}}}}]}, "description": null, "workspaceId": 1, "decisionTree": {"java.util.TreeMap": {"1": {"java.util.ArrayList": [{"cn.ruleengine.core.decisiontable.Row": {"colls": {"java.util.ArrayList": [{"cn.ruleengine.core.decisiontable.Coll": {"rightValue": {"cn.ruleengine.core.value.Constant": {"value": "123", "valueType": {"cn.ruleengine.core.value.ValueType": "STRING"}}}}}]}, "order": 0, "action": {"cn.ruleengine.core.value.Constant": {"value": "11", "valueType": {"cn.ruleengine.core.value.ValueType": "STRING"}}}, "priority": 1}}, {"cn.ruleengine.core.decisiontable.Row": {"colls": {"java.util.ArrayList": [{"cn.ruleengine.core.decisiontable.Coll": {"rightValue": {"cn.ruleengine.core.value.Constant": {"value": "右键试试", "valueType": {"cn.ruleengine.core.value.ValueType": "STRING"}}}}}]}, "order": 1, "action": {"cn.ruleengine.core.value.Constant": {"value": "22", "valueType": {"cn.ruleengine.core.value.ValueType": "STRING"}}}, "priority": 1}}]}}}, "strategyType": {"cn.ruleengine.core.decisiontable.DecisionTableStrategyType": "ALL_PRIORITY"}, "workspaceCode": "default", "defaultActionValue": null}}','1','2.0','{"elementIds": [], "variableIds": [], "conditionIds": []}','2021-02-06 02:01:39','2021-02-06 02:01:39','0');

INSERT INTO `rule_engine_element` (`id`, `name`, `code`, `workspace_id`, `create_user_id`, `create_user_name`, `value_type`, `description`, `create_time`, `update_time`, `deleted`) VALUES ('60','字符串元素','ele-string','1',null,null,'STRING',null,'2020-08-20 02:05:43','2020-08-20 02:05:43','0');
INSERT INTO `rule_engine_element` (`id`, `name`, `code`, `workspace_id`, `create_user_id`, `create_user_name`, `value_type`, `description`, `create_time`, `update_time`, `deleted`) VALUES ('61','集合元素','ele-collection','1',null,null,'COLLECTION',null,'2020-08-20 02:05:43','2020-08-20 02:05:43','0');
INSERT INTO `rule_engine_element` (`id`, `name`, `code`, `workspace_id`, `create_user_id`, `create_user_name`, `value_type`, `description`, `create_time`, `update_time`, `deleted`) VALUES ('66','年龄','age','1',null,null,'NUMBER',null,'2020-08-27 00:14:03','2020-08-27 00:14:03','0');
INSERT INTO `rule_engine_element` (`id`, `name`, `code`, `workspace_id`, `create_user_id`, `create_user_name`, `value_type`, `description`, `create_time`, `update_time`, `deleted`) VALUES ('67','vip等级','vipLevel','1',null,null,'NUMBER',null,'2020-08-27 00:14:34','2020-08-27 00:14:34','0');
INSERT INTO `rule_engine_element` (`id`, `name`, `code`, `workspace_id`, `create_user_id`, `create_user_name`, `value_type`, `description`, `create_time`, `update_time`, `deleted`) VALUES ('68','消费金额','AmountOfConsumption','1',null,null,'NUMBER',null,'2020-08-27 00:16:35','2020-08-27 00:16:35','0');
INSERT INTO `rule_engine_element` (`id`, `name`, `code`, `workspace_id`, `create_user_id`, `create_user_name`, `value_type`, `description`, `create_time`, `update_time`, `deleted`) VALUES ('69','家庭地址（省份）','HomeAddressProvince','1',null,null,'STRING',null,'2020-08-27 01:01:40','2020-08-27 01:05:12','0');
INSERT INTO `rule_engine_element` (`id`, `name`, `code`, `workspace_id`, `create_user_id`, `create_user_name`, `value_type`, `description`, `create_time`, `update_time`, `deleted`) VALUES ('70','学历','education','1',null,null,'STRING',null,'2020-08-27 01:07:30','2020-08-27 01:07:30','0');
INSERT INTO `rule_engine_element` (`id`, `name`, `code`, `workspace_id`, `create_user_id`, `create_user_name`, `value_type`, `description`, `create_time`, `update_time`, `deleted`) VALUES ('71','家庭地址（市区）','HomeAddressCityArea','1',null,null,'STRING',null,'2020-08-27 01:13:40','2020-08-27 01:17:20','0');
INSERT INTO `rule_engine_element` (`id`, `name`, `code`, `workspace_id`, `create_user_id`, `create_user_name`, `value_type`, `description`, `create_time`, `update_time`, `deleted`) VALUES ('72','数值','number','1',null,null,'NUMBER',null,'2020-08-28 14:47:06','2020-08-28 14:47:06','0');
INSERT INTO `rule_engine_element` (`id`, `name`, `code`, `workspace_id`, `create_user_id`, `create_user_name`, `value_type`, `description`, `create_time`, `update_time`, `deleted`) VALUES ('73','邮件内容','youjianneirong','1',null,null,'STRING',null,'2020-08-29 01:33:44','2020-08-29 01:33:44','0');
INSERT INTO `rule_engine_element` (`id`, `name`, `code`, `workspace_id`, `create_user_id`, `create_user_name`, `value_type`, `description`, `create_time`, `update_time`, `deleted`) VALUES ('74','邮件标题','youjianbiaoti','1',null,null,'STRING','123','2020-08-29 01:34:12','2020-08-30 11:46:01','0');
INSERT INTO `rule_engine_element` (`id`, `name`, `code`, `workspace_id`, `create_user_id`, `create_user_name`, `value_type`, `description`, `create_time`, `update_time`, `deleted`) VALUES ('76','身份证','identityCard','1',null,null,'STRING',null,'2020-09-02 13:36:00','2020-09-02 13:36:00','0');
INSERT INTO `rule_engine_element` (`id`, `name`, `code`, `workspace_id`, `create_user_id`, `create_user_name`, `value_type`, `description`, `create_time`, `update_time`, `deleted`) VALUES ('77','号码','phone','1',null,null,'STRING',null,'2020-09-10 18:07:45','2020-09-10 18:07:45','0');
INSERT INTO `rule_engine_element` (`id`, `name`, `code`, `workspace_id`, `create_user_id`, `create_user_name`, `value_type`, `description`, `create_time`, `update_time`, `deleted`) VALUES ('81','注册时间（时间戳）','registrationTime','1',null,null,'NUMBER',null,'2020-11-13 19:04:31','2020-11-13 19:04:31','0');
INSERT INTO `rule_engine_element` (`id`, `name`, `code`, `workspace_id`, `create_user_id`, `create_user_name`, `value_type`, `description`, `create_time`, `update_time`, `deleted`) VALUES ('82','邮件收件人1','mailRecipient','1',null,null,'COLLECTION',null,'2020-11-13 19:23:02','2020-12-21 10:00:14','0');
INSERT INTO `rule_engine_element` (`id`, `name`, `code`, `workspace_id`, `create_user_id`, `create_user_name`, `value_type`, `description`, `create_time`, `update_time`, `deleted`) VALUES ('94','定期存款期限','fixedDeposit','1',null,null,'NUMBER',null,'2020-12-07 11:20:26','2020-12-07 11:20:26','0');
INSERT INTO `rule_engine_element` (`id`, `name`, `code`, `workspace_id`, `create_user_id`, `create_user_name`, `value_type`, `description`, `create_time`, `update_time`, `deleted`) VALUES ('95','账户最低存款额度','lowestLimit','1',null,null,'NUMBER',null,'2020-12-07 11:21:39','2020-12-07 11:21:39','0');
INSERT INTO `rule_engine_element` (`id`, `name`, `code`, `workspace_id`, `create_user_id`, `create_user_name`, `value_type`, `description`, `create_time`, `update_time`, `deleted`) VALUES ('96','每笔存款送多少','send','1',null,null,'NUMBER',null,'2020-12-07 11:21:56','2020-12-07 11:21:56','0');
INSERT INTO `rule_engine_element` (`id`, `name`, `code`, `workspace_id`, `create_user_id`, `create_user_name`, `value_type`, `description`, `create_time`, `update_time`, `deleted`) VALUES ('97','存款','asdsadsa','1',null,null,'NUMBER',null,'2020-12-07 16:10:14','2020-12-07 16:10:14','0');
INSERT INTO `rule_engine_element` (`id`, `name`, `code`, `workspace_id`, `create_user_id`, `create_user_name`, `value_type`, `description`, `create_time`, `update_time`, `deleted`) VALUES ('98','定期存款年限','fixedMoney','1',null,null,'NUMBER',null,'2020-12-07 16:26:04','2020-12-13 06:47:28','0');
INSERT INTO `rule_engine_element` (`id`, `name`, `code`, `workspace_id`, `create_user_id`, `create_user_name`, `value_type`, `description`, `create_time`, `update_time`, `deleted`) VALUES ('105','年收入','annualIncome','1','1','dqw','NUMBER',null,'2020-12-16 10:34:01','2020-12-16 10:34:01','0');
INSERT INTO `rule_engine_element` (`id`, `name`, `code`, `workspace_id`, `create_user_id`, `create_user_name`, `value_type`, `description`, `create_time`, `update_time`, `deleted`) VALUES ('114','性别','sex','1','1','dqw','STRING',null,'2020-12-25 03:18:20','2020-12-25 03:18:20','0');
INSERT INTO `rule_engine_element` (`id`, `name`, `code`, `workspace_id`, `create_user_id`, `create_user_name`, `value_type`, `description`, `create_time`, `update_time`, `deleted`) VALUES ('115','身高','height','1','1','dqw','NUMBER',null,'2020-12-25 03:22:13','2020-12-25 03:22:13','0');
INSERT INTO `rule_engine_element` (`id`, `name`, `code`, `workspace_id`, `create_user_id`, `create_user_name`, `value_type`, `description`, `create_time`, `update_time`, `deleted`) VALUES ('116','年级','grade','1','1','dqw','NUMBER',null,'2020-12-25 03:55:16','2020-12-25 03:55:16','0');
INSERT INTO `rule_engine_element` (`id`, `name`, `code`, `workspace_id`, `create_user_id`, `create_user_name`, `value_type`, `description`, `create_time`, `update_time`, `deleted`) VALUES ('117','健康状况','healthStatus','1','1','dqw','STRING',null,'2020-12-25 03:58:24','2020-12-25 03:58:24','0');
INSERT INTO `rule_engine_element` (`id`, `name`, `code`, `workspace_id`, `create_user_id`, `create_user_name`, `value_type`, `description`, `create_time`, `update_time`, `deleted`) VALUES ('118','班级','class','1','1','dqw','STRING',null,'2020-12-25 04:02:10','2020-12-25 04:02:10','0');
INSERT INTO `rule_engine_element` (`id`, `name`, `code`, `workspace_id`, `create_user_id`, `create_user_name`, `value_type`, `description`, `create_time`, `update_time`, `deleted`) VALUES ('119','专业','major','1','1','dqw','STRING',null,'2020-12-25 04:04:07','2020-12-25 04:04:07','0');
INSERT INTO `rule_engine_element` (`id`, `name`, `code`, `workspace_id`, `create_user_id`, `create_user_name`, `value_type`, `description`, `create_time`, `update_time`, `deleted`) VALUES ('120','压力','carPress','1','2','lq','NUMBER','a','2020-12-28 02:43:55','2020-12-29 15:44:55','0');
INSERT INTO `rule_engine_element` (`id`, `name`, `code`, `workspace_id`, `create_user_id`, `create_user_name`, `value_type`, `description`, `create_time`, `update_time`, `deleted`) VALUES ('122','布尔元素','boolean','1','1','dqw','BOOLEAN',null,'2021-01-03 17:47:22','2021-01-03 17:47:22','0');
INSERT INTO `rule_engine_element` (`id`, `name`, `code`, `workspace_id`, `create_user_id`, `create_user_name`, `value_type`, `description`, `create_time`, `update_time`, `deleted`) VALUES ('123','用户登录次数','userLoginCount','1','2','lq','NUMBER',null,'2021-01-08 09:05:14','2021-01-08 09:05:14','0');
INSERT INTO `rule_engine_element` (`id`, `name`, `code`, `workspace_id`, `create_user_id`, `create_user_name`, `value_type`, `description`, `create_time`, `update_time`, `deleted`) VALUES ('125','消费金额2','Amount2','1','2','lq','NUMBER',null,'2021-01-11 06:07:10','2021-01-11 06:07:10','0');
INSERT INTO `rule_engine_element` (`id`, `name`, `code`, `workspace_id`, `create_user_id`, `create_user_name`, `value_type`, `description`, `create_time`, `update_time`, `deleted`) VALUES ('130','识别物','object','1','2','lq','COLLECTION',null,'2021-01-13 10:42:14','2021-01-13 10:42:14','0');
INSERT INTO `rule_engine_element` (`id`, `name`, `code`, `workspace_id`, `create_user_id`, `create_user_name`, `value_type`, `description`, `create_time`, `update_time`, `deleted`) VALUES ('133','会员','huiyuan','1','2','lq','STRING',null,'2021-01-15 07:19:38','2021-01-15 07:19:38','0');
INSERT INTO `rule_engine_element` (`id`, `name`, `code`, `workspace_id`, `create_user_id`, `create_user_name`, `value_type`, `description`, `create_time`, `update_time`, `deleted`) VALUES ('135','会员2','huiyuan2','1','2','lq','NUMBER',null,'2021-01-15 07:24:23','2021-01-15 07:24:23','0');
INSERT INTO `rule_engine_element` (`id`, `name`, `code`, `workspace_id`, `create_user_id`, `create_user_name`, `value_type`, `description`, `create_time`, `update_time`, `deleted`) VALUES ('136','消费金额2','xiaofeijine2','1','2','lq','NUMBER',null,'2021-01-15 07:24:45','2021-01-15 07:24:45','0');
INSERT INTO `rule_engine_element` (`id`, `name`, `code`, `workspace_id`, `create_user_id`, `create_user_name`, `value_type`, `description`, `create_time`, `update_time`, `deleted`) VALUES ('137','测试ww','admin','1','2','lq','NUMBER','11111','2021-01-15 09:59:53','2021-01-18 08:42:50','0');
INSERT INTO `rule_engine_element` (`id`, `name`, `code`, `workspace_id`, `create_user_id`, `create_user_name`, `value_type`, `description`, `create_time`, `update_time`, `deleted`) VALUES ('138','绞车当前前进距离参数','distance','1','2','lq','NUMBER','无极绳教程当前的距离参数','2021-01-18 09:02:51','2021-01-18 09:13:12','0');
INSERT INTO `rule_engine_element` (`id`, `name`, `code`, `workspace_id`, `create_user_id`, `create_user_name`, `value_type`, `description`, `create_time`, `update_time`, `deleted`) VALUES ('139','绞车状态上行还是下行参数','wjsState','1','2','lq','NUMBER',null,'2021-01-18 09:12:52','2021-01-18 09:13:02','0');
INSERT INTO `rule_engine_element` (`id`, `name`, `code`, `workspace_id`, `create_user_id`, `create_user_name`, `value_type`, `description`, `create_time`, `update_time`, `deleted`) VALUES ('140','阻车器ID','stopperId','1','2','lq','NUMBER',null,'2021-01-18 09:13:46','2021-01-18 09:13:46','0');
INSERT INTO `rule_engine_element` (`id`, `name`, `code`, `workspace_id`, `create_user_id`, `create_user_name`, `value_type`, `description`, `create_time`, `update_time`, `deleted`) VALUES ('141','捕车器ID','catcherId','1','2','lq','NUMBER',null,'2021-01-18 09:14:42','2021-01-18 09:14:42','0');
INSERT INTO `rule_engine_element` (`id`, `name`, `code`, `workspace_id`, `create_user_id`, `create_user_name`, `value_type`, `description`, `create_time`, `update_time`, `deleted`) VALUES ('142','温度','temp','1','2','lq','NUMBER','温度','2021-01-19 07:48:35','2021-01-19 07:48:35','0');
INSERT INTO `rule_engine_element` (`id`, `name`, `code`, `workspace_id`, `create_user_id`, `create_user_name`, `value_type`, `description`, `create_time`, `update_time`, `deleted`) VALUES ('145','时间阈值','max_time','1','2','lq','NUMBER','30','2021-01-21 09:22:24','2021-01-21 09:22:24','0');
INSERT INTO `rule_engine_element` (`id`, `name`, `code`, `workspace_id`, `create_user_id`, `create_user_name`, `value_type`, `description`, `create_time`, `update_time`, `deleted`) VALUES ('150','速度','speed','1','2','lq','NUMBER',null,'2021-01-23 10:17:19','2021-01-23 10:17:19','0');
INSERT INTO `rule_engine_element` (`id`, `name`, `code`, `workspace_id`, `create_user_id`, `create_user_name`, `value_type`, `description`, `create_time`, `update_time`, `deleted`) VALUES ('155','姓名','name','1','2','lq','STRING','入参姓名','2021-01-27 08:42:31','2021-02-04 07:45:18','0');
INSERT INTO `rule_engine_element` (`id`, `name`, `code`, `workspace_id`, `create_user_id`, `create_user_name`, `value_type`, `description`, `create_time`, `update_time`, `deleted`) VALUES ('161','我是元素','element','1','2','lq','COLLECTION','222','2021-02-04 08:21:31','2021-02-04 08:21:31','0');
INSERT INTO `rule_engine_element` (`id`, `name`, `code`, `workspace_id`, `create_user_id`, `create_user_name`, `value_type`, `description`, `create_time`, `update_time`, `deleted`) VALUES ('162','价格','price','1','2','lq','NUMBER','商品价格','2021-02-04 11:11:58','2021-02-04 11:11:58','0');
INSERT INTO `rule_engine_element` (`id`, `name`, `code`, `workspace_id`, `create_user_id`, `create_user_name`, `value_type`, `description`, `create_time`, `update_time`, `deleted`) VALUES ('163','课程集合','classify','1','2','lq','COLLECTION',null,'2021-02-04 11:46:32','2021-02-04 11:46:32','0');
INSERT INTO `rule_engine_element` (`id`, `name`, `code`, `workspace_id`, `create_user_id`, `create_user_name`, `value_type`, `description`, `create_time`, `update_time`, `deleted`) VALUES ('165','A元素','dfgdfgdg','1','2','lq','NUMBER',null,'2021-02-04 12:09:52','2021-02-04 12:09:52','0');

INSERT INTO `rule_engine_function` (`id`, `name`, `description`, `executor`, `return_value_type`, `create_time`, `update_time`, `deleted`) VALUES ('1','是否为邮箱','是否为邮箱函数','isEmailFunction','BOOLEAN','2020-09-11 20:26:14','2020-07-16 13:00:43','0');
INSERT INTO `rule_engine_function` (`id`, `name`, `description`, `executor`, `return_value_type`, `create_time`, `update_time`, `deleted`) VALUES ('2','是否为空集合','是否为空集合函数','isEmptyCollectionFunction','BOOLEAN','2020-09-11 20:26:14','2020-07-19 18:54:10','0');
INSERT INTO `rule_engine_function` (`id`, `name`, `description`, `executor`, `return_value_type`, `create_time`, `update_time`, `deleted`) VALUES ('3','发送邮件','发送邮件函数','sendEmailFunction','BOOLEAN','2020-09-11 20:26:14','2020-08-18 17:06:45','0');
INSERT INTO `rule_engine_function` (`id`, `name`, `description`, `executor`, `return_value_type`, `create_time`, `update_time`, `deleted`) VALUES ('4','求集合大小',null,'collectionSizeFunction','NUMBER','2020-09-11 20:26:14','2020-08-28 14:39:39','0');
INSERT INTO `rule_engine_function` (`id`, `name`, `description`, `executor`, `return_value_type`, `create_time`, `update_time`, `deleted`) VALUES ('6','是否为空字符串','','isEmptyFunction','BOOLEAN','2020-11-15 00:28:25','2020-08-28 14:43:52','0');
INSERT INTO `rule_engine_function` (`id`, `name`, `description`, `executor`, `return_value_type`, `create_time`, `update_time`, `deleted`) VALUES ('7','求绝对值',null,'mathAbsFunction','NUMBER','2020-09-11 20:26:14','2020-08-28 14:45:04','0');
INSERT INTO `rule_engine_function` (`id`, `name`, `description`, `executor`, `return_value_type`, `create_time`, `update_time`, `deleted`) VALUES ('8','返回集合中第几个元素','不存在则返回null','getCollectionElementsFunction','STRING','2020-09-11 20:26:14','2020-08-30 02:05:37','0');
INSERT INTO `rule_engine_function` (`id`, `name`, `description`, `executor`, `return_value_type`, `create_time`, `update_time`, `deleted`) VALUES ('9','在..之间','','isBetweenFunction','BOOLEAN','2020-09-11 20:26:14','2020-08-30 02:16:51','0');
INSERT INTO `rule_engine_function` (`id`, `name`, `description`, `executor`, `return_value_type`, `create_time`, `update_time`, `deleted`) VALUES ('10','求平均值','集合中必须为number类型的值','avgFunction','NUMBER','2020-09-11 20:26:14','2020-09-01 13:41:44','0');
INSERT INTO `rule_engine_function` (`id`, `name`, `description`, `executor`, `return_value_type`, `create_time`, `update_time`, `deleted`) VALUES ('11','集合中最大值','集合中必须为number类型的值','collectionMaxFunction','NUMBER','2020-09-11 20:26:14','2020-09-01 13:48:32','0');
INSERT INTO `rule_engine_function` (`id`, `name`, `description`, `executor`, `return_value_type`, `create_time`, `update_time`, `deleted`) VALUES ('12','集合中最小值','集合中必须为number类型的值','collectionMinFunction','NUMBER','2020-09-11 20:26:14','2020-09-01 13:49:12','0');
INSERT INTO `rule_engine_function` (`id`, `name`, `description`, `executor`, `return_value_type`, `create_time`, `update_time`, `deleted`) VALUES ('13','字符串的长度','','stringLengthFunction','NUMBER','2020-09-11 20:26:14','2020-09-01 13:50:13','0');
INSERT INTO `rule_engine_function` (`id`, `name`, `description`, `executor`, `return_value_type`, `create_time`, `update_time`, `deleted`) VALUES ('14','字符串去除前后空格',null,'stringTrimFunction','STRING','2020-09-11 20:26:14','2020-09-01 13:51:14','0');
INSERT INTO `rule_engine_function` (`id`, `name`, `description`, `executor`, `return_value_type`, `create_time`, `update_time`, `deleted`) VALUES ('15','求和','集合中必须为number类型的值','sumFunction','NUMBER','2020-09-11 20:26:14','2020-09-01 13:52:08','0');
INSERT INTO `rule_engine_function` (`id`, `name`, `description`, `executor`, `return_value_type`, `create_time`, `update_time`, `deleted`) VALUES ('16','验证是否为手机号码',null,'isMobileFunction','BOOLEAN','2020-09-11 20:26:14','2020-09-01 13:53:17','0');
INSERT INTO `rule_engine_function` (`id`, `name`, `description`, `executor`, `return_value_type`, `create_time`, `update_time`, `deleted`) VALUES ('17','是否为身份证',null,'isCitizenIdFunction','BOOLEAN','2020-09-11 20:26:14','2020-09-01 13:54:34','0');
INSERT INTO `rule_engine_function` (`id`, `name`, `description`, `executor`, `return_value_type`, `create_time`, `update_time`, `deleted`) VALUES ('18','字符串转为集合',null,'stringToCollectionFunction','COLLECTION','2020-09-11 20:26:14','2020-09-01 14:33:48','0');
INSERT INTO `rule_engine_function` (`id`, `name`, `description`, `executor`, `return_value_type`, `create_time`, `update_time`, `deleted`) VALUES ('21','字符串替换',null,'stringReplaceFunction','STRING','2020-11-18 23:50:09','2020-11-18 23:50:10','0');
INSERT INTO `rule_engine_function` (`id`, `name`, `description`, `executor`, `return_value_type`, `create_time`, `update_time`, `deleted`) VALUES ('22','集合去除重复',null,'collectionDeduplicationFunction','COLLECTION','2020-11-19 00:00:03','2020-11-19 00:00:05','0');
INSERT INTO `rule_engine_function` (`id`, `name`, `description`, `executor`, `return_value_type`, `create_time`, `update_time`, `deleted`) VALUES ('23','获取当前时间','格式例如：yyyy-MM-dd HH:mm:ss;时区例如：Asia/Shanghai;','currentDateFunction','STRING','2021-01-07 14:11:21','2020-11-19 00:37:34','0');
INSERT INTO `rule_engine_function` (`id`, `name`, `description`, `executor`, `return_value_type`, `create_time`, `update_time`, `deleted`) VALUES ('24','获取手机号码所在省份',null,'mobilePhoneProvinceFunction','STRING','2020-12-13 13:28:58','2020-12-13 13:28:59','0');
INSERT INTO `rule_engine_function` (`id`, `name`, `description`, `executor`, `return_value_type`, `create_time`, `update_time`, `deleted`) VALUES ('25','获取JSON中指定的值返回STRING类型','例如：JOSN数据为:{"name":"abc"},获取name的值通过JSON值路径配置为$.name,更多使用方法待文档补全。','parseJsonStringFunction','STRING','2020-12-13 13:56:04','2020-12-13 13:50:52','0');
INSERT INTO `rule_engine_function` (`id`, `name`, `description`, `executor`, `return_value_type`, `create_time`, `update_time`, `deleted`) VALUES ('26','获取JSON中指定的值返回NUMBER类型','例如：JOSN数据为:{"age":"18"},获取name的值通过JSON值路径配置为$.age,更多使用方法待文档补全。','parseJsonNumberFunction','NUMBER','2020-12-13 14:08:28','2020-12-13 14:08:29','0');
INSERT INTO `rule_engine_function` (`id`, `name`, `description`, `executor`, `return_value_type`, `create_time`, `update_time`, `deleted`) VALUES ('27','字母转小写',null,'letterToLowerCaseFunction','STRING','2020-12-24 00:16:07','2020-12-24 00:16:08','0');
INSERT INTO `rule_engine_function` (`id`, `name`, `description`, `executor`, `return_value_type`, `create_time`, `update_time`, `deleted`) VALUES ('28','字母转大写',null,'letterToUpperCaseFunction','STRING','2020-12-24 00:16:38','2020-12-24 00:16:39','0');

INSERT INTO `rule_engine_function_param` (`id`, `function_id`, `param_name`, `param_code`, `value_type`, `create_time`, `update_time`, `deleted`) VALUES ('1','1','普通参数','value','STRING','2020-08-27 17:43:54','2020-07-16 13:01:21','0');
INSERT INTO `rule_engine_function_param` (`id`, `function_id`, `param_name`, `param_code`, `value_type`, `create_time`, `update_time`, `deleted`) VALUES ('2','2','集合','list','COLLECTION','2020-08-27 17:43:53','2020-07-19 18:54:39','0');
INSERT INTO `rule_engine_function_param` (`id`, `function_id`, `param_name`, `param_code`, `value_type`, `create_time`, `update_time`, `deleted`) VALUES ('3','3','服务器地址','mailSmtpHost','STRING','2020-08-28 14:40:49','2020-08-18 17:09:05','0');
INSERT INTO `rule_engine_function_param` (`id`, `function_id`, `param_name`, `param_code`, `value_type`, `create_time`, `update_time`, `deleted`) VALUES ('4','3','发送人','user','STRING','2020-08-28 14:40:49','2020-08-18 17:09:20','0');
INSERT INTO `rule_engine_function_param` (`id`, `function_id`, `param_name`, `param_code`, `value_type`, `create_time`, `update_time`, `deleted`) VALUES ('5','3','发送人密码','password','STRING','2020-08-28 14:40:49','2020-08-18 17:09:44','0');
INSERT INTO `rule_engine_function_param` (`id`, `function_id`, `param_name`, `param_code`, `value_type`, `create_time`, `update_time`, `deleted`) VALUES ('6','3','邮件接收人','tos','COLLECTION','2020-08-27 17:43:54','2020-08-18 17:10:07','0');
INSERT INTO `rule_engine_function_param` (`id`, `function_id`, `param_name`, `param_code`, `value_type`, `create_time`, `update_time`, `deleted`) VALUES ('7','3','邮件标题','title','STRING','2020-08-27 17:43:53','2020-08-18 17:10:33','0');
INSERT INTO `rule_engine_function_param` (`id`, `function_id`, `param_name`, `param_code`, `value_type`, `create_time`, `update_time`, `deleted`) VALUES ('8','3','邮件内容','text','STRING','2020-08-27 17:43:53','2020-08-18 17:10:50','0');
INSERT INTO `rule_engine_function_param` (`id`, `function_id`, `param_name`, `param_code`, `value_type`, `create_time`, `update_time`, `deleted`) VALUES ('9','4','集合','list','COLLECTION','2020-08-28 14:40:29','2020-08-28 14:40:31','0');
INSERT INTO `rule_engine_function_param` (`id`, `function_id`, `param_name`, `param_code`, `value_type`, `create_time`, `update_time`, `deleted`) VALUES ('11','6','字符串','value','STRING','2020-08-28 14:44:22','2020-08-28 14:44:24','0');
INSERT INTO `rule_engine_function_param` (`id`, `function_id`, `param_name`, `param_code`, `value_type`, `create_time`, `update_time`, `deleted`) VALUES ('12','7','数值','value','NUMBER','2020-08-28 14:45:28','2020-08-28 14:45:30','0');
INSERT INTO `rule_engine_function_param` (`id`, `function_id`, `param_name`, `param_code`, `value_type`, `create_time`, `update_time`, `deleted`) VALUES ('13','3','端口号','mailSmtpPort','NUMBER','2020-08-29 01:36:00','2020-08-29 01:36:02','0');
INSERT INTO `rule_engine_function_param` (`id`, `function_id`, `param_name`, `param_code`, `value_type`, `create_time`, `update_time`, `deleted`) VALUES ('14','8','集合','list','COLLECTION','2020-08-30 02:06:06','2020-08-30 02:06:07','0');
INSERT INTO `rule_engine_function_param` (`id`, `function_id`, `param_name`, `param_code`, `value_type`, `create_time`, `update_time`, `deleted`) VALUES ('15','8','索引','index','NUMBER','2020-08-30 02:06:24','2020-08-30 02:06:25','0');
INSERT INTO `rule_engine_function_param` (`id`, `function_id`, `param_name`, `param_code`, `value_type`, `create_time`, `update_time`, `deleted`) VALUES ('16','9','数值','value','NUMBER','2020-08-30 02:17:18','2020-08-30 02:17:19','0');
INSERT INTO `rule_engine_function_param` (`id`, `function_id`, `param_name`, `param_code`, `value_type`, `create_time`, `update_time`, `deleted`) VALUES ('17','9','最小','min','NUMBER','2020-08-30 02:17:37','2020-08-30 02:17:39','0');
INSERT INTO `rule_engine_function_param` (`id`, `function_id`, `param_name`, `param_code`, `value_type`, `create_time`, `update_time`, `deleted`) VALUES ('18','9','最大','max','NUMBER','2020-08-30 02:17:57','2020-08-30 02:17:58','0');
INSERT INTO `rule_engine_function_param` (`id`, `function_id`, `param_name`, `param_code`, `value_type`, `create_time`, `update_time`, `deleted`) VALUES ('19','10','集合','list','COLLECTION','2020-09-01 13:55:40','2020-09-01 13:42:10','0');
INSERT INTO `rule_engine_function_param` (`id`, `function_id`, `param_name`, `param_code`, `value_type`, `create_time`, `update_time`, `deleted`) VALUES ('20','10','小树位','scale','NUMBER','2020-09-01 13:55:40','2020-09-01 13:46:31','0');
INSERT INTO `rule_engine_function_param` (`id`, `function_id`, `param_name`, `param_code`, `value_type`, `create_time`, `update_time`, `deleted`) VALUES ('21','11','集合','list','COLLECTION','2020-09-01 13:55:40','2020-09-01 13:46:31','0');
INSERT INTO `rule_engine_function_param` (`id`, `function_id`, `param_name`, `param_code`, `value_type`, `create_time`, `update_time`, `deleted`) VALUES ('22','12','集合','list','COLLECTION','2020-09-01 13:55:40','2020-09-01 13:49:34','0');
INSERT INTO `rule_engine_function_param` (`id`, `function_id`, `param_name`, `param_code`, `value_type`, `create_time`, `update_time`, `deleted`) VALUES ('23','13','字符串','value','STRING','2020-09-01 13:55:40','2020-09-01 13:50:41','0');
INSERT INTO `rule_engine_function_param` (`id`, `function_id`, `param_name`, `param_code`, `value_type`, `create_time`, `update_time`, `deleted`) VALUES ('24','14','字符串','value','STRING','2020-09-01 13:55:40','2020-09-01 13:51:30','0');
INSERT INTO `rule_engine_function_param` (`id`, `function_id`, `param_name`, `param_code`, `value_type`, `create_time`, `update_time`, `deleted`) VALUES ('25','15','集合','list','COLLECTION','2020-09-01 13:55:39','2020-09-01 13:46:31','0');
INSERT INTO `rule_engine_function_param` (`id`, `function_id`, `param_name`, `param_code`, `value_type`, `create_time`, `update_time`, `deleted`) VALUES ('26','16','手机号','mobile','STRING','2020-09-01 13:55:39','2020-09-01 13:53:56','0');
INSERT INTO `rule_engine_function_param` (`id`, `function_id`, `param_name`, `param_code`, `value_type`, `create_time`, `update_time`, `deleted`) VALUES ('27','17','身份证号','citizenId','STRING','2020-09-01 13:55:39','2020-09-01 13:54:59','0');
INSERT INTO `rule_engine_function_param` (`id`, `function_id`, `param_name`, `param_code`, `value_type`, `create_time`, `update_time`, `deleted`) VALUES ('28','18','字符串','value','STRING','2020-09-01 14:34:22','2020-09-01 14:34:24','0');
INSERT INTO `rule_engine_function_param` (`id`, `function_id`, `param_name`, `param_code`, `value_type`, `create_time`, `update_time`, `deleted`) VALUES ('29','18','分隔符','regex','STRING','2020-09-01 14:34:51','2020-09-01 14:34:52','0');
INSERT INTO `rule_engine_function_param` (`id`, `function_id`, `param_name`, `param_code`, `value_type`, `create_time`, `update_time`, `deleted`) VALUES ('30','21','字符串','value','STRING','2020-11-18 23:50:55','2020-11-18 23:50:57','0');
INSERT INTO `rule_engine_function_param` (`id`, `function_id`, `param_name`, `param_code`, `value_type`, `create_time`, `update_time`, `deleted`) VALUES ('31','21','目标','target','STRING','2020-11-18 23:51:28','2020-11-18 23:51:30','0');
INSERT INTO `rule_engine_function_param` (`id`, `function_id`, `param_name`, `param_code`, `value_type`, `create_time`, `update_time`, `deleted`) VALUES ('32','21','替身','replacement','STRING','2020-11-18 23:51:51','2020-11-18 23:51:52','0');
INSERT INTO `rule_engine_function_param` (`id`, `function_id`, `param_name`, `param_code`, `value_type`, `create_time`, `update_time`, `deleted`) VALUES ('33','22','集合','list','COLLECTION','2020-11-19 00:00:44','2020-11-19 00:00:45','0');
INSERT INTO `rule_engine_function_param` (`id`, `function_id`, `param_name`, `param_code`, `value_type`, `create_time`, `update_time`, `deleted`) VALUES ('34','23','格式','pattern','STRING','2020-11-19 00:38:14','2020-11-19 00:38:15','0');
INSERT INTO `rule_engine_function_param` (`id`, `function_id`, `param_name`, `param_code`, `value_type`, `create_time`, `update_time`, `deleted`) VALUES ('35','23','时区','timeZone','STRING','2020-11-19 00:38:44','2020-11-19 00:38:46','0');
INSERT INTO `rule_engine_function_param` (`id`, `function_id`, `param_name`, `param_code`, `value_type`, `create_time`, `update_time`, `deleted`) VALUES ('36','24','手机号','phone','STRING','2020-12-13 13:29:29','2020-12-13 13:29:30','0');
INSERT INTO `rule_engine_function_param` (`id`, `function_id`, `param_name`, `param_code`, `value_type`, `create_time`, `update_time`, `deleted`) VALUES ('37','25','JSON字符串','jsonString','STRING','2020-12-13 13:51:39','2020-12-13 13:51:41','0');
INSERT INTO `rule_engine_function_param` (`id`, `function_id`, `param_name`, `param_code`, `value_type`, `create_time`, `update_time`, `deleted`) VALUES ('38','25','JSON值路径','jsonValuePath','STRING','2020-12-13 13:52:35','2020-12-13 13:52:37','0');
INSERT INTO `rule_engine_function_param` (`id`, `function_id`, `param_name`, `param_code`, `value_type`, `create_time`, `update_time`, `deleted`) VALUES ('39','26','JSON字符串','jsonString','STRING','2020-12-13 14:09:20','2020-12-13 14:09:21','0');
INSERT INTO `rule_engine_function_param` (`id`, `function_id`, `param_name`, `param_code`, `value_type`, `create_time`, `update_time`, `deleted`) VALUES ('40','26','JSON值路径','jsonValuePath','STRING','2020-12-13 14:09:56','2020-12-13 14:09:57','0');
INSERT INTO `rule_engine_function_param` (`id`, `function_id`, `param_name`, `param_code`, `value_type`, `create_time`, `update_time`, `deleted`) VALUES ('41','27','字母','letter','STRING','2020-12-24 00:17:14','2020-12-24 00:17:15','0');
INSERT INTO `rule_engine_function_param` (`id`, `function_id`, `param_name`, `param_code`, `value_type`, `create_time`, `update_time`, `deleted`) VALUES ('42','28','字母','letter','STRING','2020-12-24 00:17:29','2020-12-24 00:17:30','0');

INSERT INTO `rule_engine_function_value` (`id`, `function_id`, `variable_id`, `param_name`, `param_code`, `type`, `value_type`, `value`, `create_time`, `update_time`, `deleted`) VALUES ('38','1','33','邮箱','value','0','STRING','60','2020-08-20 02:05:43','2020-08-20 02:05:43','0');
INSERT INTO `rule_engine_function_value` (`id`, `function_id`, `variable_id`, `param_name`, `param_code`, `type`, `value_type`, `value`, `create_time`, `update_time`, `deleted`) VALUES ('39','2','34','集合','list','0','COLLECTION','61','2020-08-20 02:05:43','2020-08-20 02:05:43','0');
INSERT INTO `rule_engine_function_value` (`id`, `function_id`, `variable_id`, `param_name`, `param_code`, `type`, `value_type`, `value`, `create_time`, `update_time`, `deleted`) VALUES ('42','2','50','集合','list','2','COLLECTION','123，3','2020-08-27 22:28:49','2020-08-27 22:28:49','0');
INSERT INTO `rule_engine_function_value` (`id`, `function_id`, `variable_id`, `param_name`, `param_code`, `type`, `value_type`, `value`, `create_time`, `update_time`, `deleted`) VALUES ('50','1','51','邮箱','value','0','STRING','60','2020-08-27 23:27:06','2020-08-27 23:27:06','0');
INSERT INTO `rule_engine_function_value` (`id`, `function_id`, `variable_id`, `param_name`, `param_code`, `type`, `value_type`, `value`, `create_time`, `update_time`, `deleted`) VALUES ('51','7','52','数值','value','0','NUMBER','72','2020-08-28 14:47:28','2020-08-28 14:47:28','0');
INSERT INTO `rule_engine_function_value` (`id`, `function_id`, `variable_id`, `param_name`, `param_code`, `type`, `value_type`, `value`, `create_time`, `update_time`, `deleted`) VALUES ('53','4','54','集合','list','1','COLLECTION','35','2020-08-28 15:22:10','2020-08-28 15:22:10','0');
INSERT INTO `rule_engine_function_value` (`id`, `function_id`, `variable_id`, `param_name`, `param_code`, `type`, `value_type`, `value`, `create_time`, `update_time`, `deleted`) VALUES ('54','7','55','数值','value','1','NUMBER','53','2020-08-28 15:26:00','2020-08-28 15:26:00','0');
INSERT INTO `rule_engine_function_value` (`id`, `function_id`, `variable_id`, `param_name`, `param_code`, `type`, `value_type`, `value`, `create_time`, `update_time`, `deleted`) VALUES ('56','4','35','集合','list','2','COLLECTION','123,a,v','2020-08-28 16:02:37','2020-08-28 16:02:37','0');
INSERT INTO `rule_engine_function_value` (`id`, `function_id`, `variable_id`, `param_name`, `param_code`, `type`, `value_type`, `value`, `create_time`, `update_time`, `deleted`) VALUES ('60','4','53','集合','list','0','COLLECTION','61','2020-08-28 16:22:59','2020-08-28 16:22:59','0');
INSERT INTO `rule_engine_function_value` (`id`, `function_id`, `variable_id`, `param_name`, `param_code`, `type`, `value_type`, `value`, `create_time`, `update_time`, `deleted`) VALUES ('61','5','57','规则入参','info','0','STRING','60','2020-08-28 21:29:09','2020-08-28 21:29:09','0');
INSERT INTO `rule_engine_function_value` (`id`, `function_id`, `variable_id`, `param_name`, `param_code`, `type`, `value_type`, `value`, `create_time`, `update_time`, `deleted`) VALUES ('64','4','58','集合','list','2','COLLECTION','123,123','2020-08-29 01:28:39','2020-08-29 01:28:39','0');
INSERT INTO `rule_engine_function_value` (`id`, `function_id`, `variable_id`, `param_name`, `param_code`, `type`, `value_type`, `value`, `create_time`, `update_time`, `deleted`) VALUES ('113','8','61','集合','list','0','COLLECTION','61','2020-08-30 12:35:49','2020-08-30 12:35:49','0');
INSERT INTO `rule_engine_function_value` (`id`, `function_id`, `variable_id`, `param_name`, `param_code`, `type`, `value_type`, `value`, `create_time`, `update_time`, `deleted`) VALUES ('114','8','61','索引','index','2','NUMBER','12','2020-08-30 12:35:49','2020-08-30 12:35:49','0');
INSERT INTO `rule_engine_function_value` (`id`, `function_id`, `variable_id`, `param_name`, `param_code`, `type`, `value_type`, `value`, `create_time`, `update_time`, `deleted`) VALUES ('115','3','63','服务器地址','mailSmtpHost','0','STRING','60','2020-08-30 12:40:08','2020-08-30 12:40:08','0');
INSERT INTO `rule_engine_function_value` (`id`, `function_id`, `variable_id`, `param_name`, `param_code`, `type`, `value_type`, `value`, `create_time`, `update_time`, `deleted`) VALUES ('116','3','63','发送人','user','2','STRING','123','2020-08-30 12:40:08','2020-08-30 12:40:08','0');
INSERT INTO `rule_engine_function_value` (`id`, `function_id`, `variable_id`, `param_name`, `param_code`, `type`, `value_type`, `value`, `create_time`, `update_time`, `deleted`) VALUES ('117','3','63','发送人密码','password',null,'STRING',null,'2020-08-30 12:40:08','2020-08-30 12:40:08','0');
INSERT INTO `rule_engine_function_value` (`id`, `function_id`, `variable_id`, `param_name`, `param_code`, `type`, `value_type`, `value`, `create_time`, `update_time`, `deleted`) VALUES ('118','3','63','邮件接收人','tos',null,'COLLECTION',null,'2020-08-30 12:40:08','2020-08-30 12:40:08','0');
INSERT INTO `rule_engine_function_value` (`id`, `function_id`, `variable_id`, `param_name`, `param_code`, `type`, `value_type`, `value`, `create_time`, `update_time`, `deleted`) VALUES ('119','3','63','邮件标题','title',null,'STRING',null,'2020-08-30 12:40:08','2020-08-30 12:40:08','0');
INSERT INTO `rule_engine_function_value` (`id`, `function_id`, `variable_id`, `param_name`, `param_code`, `type`, `value_type`, `value`, `create_time`, `update_time`, `deleted`) VALUES ('120','3','63','邮件内容','text',null,'STRING',null,'2020-08-30 12:40:08','2020-08-30 12:40:08','0');
INSERT INTO `rule_engine_function_value` (`id`, `function_id`, `variable_id`, `param_name`, `param_code`, `type`, `value_type`, `value`, `create_time`, `update_time`, `deleted`) VALUES ('121','3','63','端口号','mailSmtpPort','2','NUMBER','0','2020-08-30 12:40:08','2020-08-30 12:40:08','0');
INSERT INTO `rule_engine_function_value` (`id`, `function_id`, `variable_id`, `param_name`, `param_code`, `type`, `value_type`, `value`, `create_time`, `update_time`, `deleted`) VALUES ('122','3','64','服务器地址','mailSmtpHost','2','STRING','123','2020-08-30 12:42:12','2020-08-30 12:42:12','0');
INSERT INTO `rule_engine_function_value` (`id`, `function_id`, `variable_id`, `param_name`, `param_code`, `type`, `value_type`, `value`, `create_time`, `update_time`, `deleted`) VALUES ('123','3','64','发送人','user','2','STRING','123123123','2020-08-30 12:42:12','2020-08-30 12:42:12','0');
INSERT INTO `rule_engine_function_value` (`id`, `function_id`, `variable_id`, `param_name`, `param_code`, `type`, `value_type`, `value`, `create_time`, `update_time`, `deleted`) VALUES ('124','3','64','发送人密码','password',null,'STRING',null,'2020-08-30 12:42:12','2020-08-30 12:42:12','0');
INSERT INTO `rule_engine_function_value` (`id`, `function_id`, `variable_id`, `param_name`, `param_code`, `type`, `value_type`, `value`, `create_time`, `update_time`, `deleted`) VALUES ('125','3','64','邮件接收人','tos',null,'COLLECTION',null,'2020-08-30 12:42:12','2020-08-30 12:42:12','0');
INSERT INTO `rule_engine_function_value` (`id`, `function_id`, `variable_id`, `param_name`, `param_code`, `type`, `value_type`, `value`, `create_time`, `update_time`, `deleted`) VALUES ('126','3','64','邮件标题','title',null,'STRING',null,'2020-08-30 12:42:12','2020-08-30 12:42:12','0');
INSERT INTO `rule_engine_function_value` (`id`, `function_id`, `variable_id`, `param_name`, `param_code`, `type`, `value_type`, `value`, `create_time`, `update_time`, `deleted`) VALUES ('127','3','64','邮件内容','text',null,'STRING',null,'2020-08-30 12:42:12','2020-08-30 12:42:12','0');
INSERT INTO `rule_engine_function_value` (`id`, `function_id`, `variable_id`, `param_name`, `param_code`, `type`, `value_type`, `value`, `create_time`, `update_time`, `deleted`) VALUES ('128','3','64','端口号','mailSmtpPort','2','NUMBER','12','2020-08-30 12:42:12','2020-08-30 12:42:12','0');
INSERT INTO `rule_engine_function_value` (`id`, `function_id`, `variable_id`, `param_name`, `param_code`, `type`, `value_type`, `value`, `create_time`, `update_time`, `deleted`) VALUES ('136','6','67','字符串','value','2','STRING','123','2020-08-30 13:20:35','2020-08-30 13:20:35','0');
INSERT INTO `rule_engine_function_value` (`id`, `function_id`, `variable_id`, `param_name`, `param_code`, `type`, `value_type`, `value`, `create_time`, `update_time`, `deleted`) VALUES ('270','3','65','服务器地址','mailSmtpHost','2','STRING','123','2020-08-30 13:53:58','2020-08-30 13:53:58','0');
INSERT INTO `rule_engine_function_value` (`id`, `function_id`, `variable_id`, `param_name`, `param_code`, `type`, `value_type`, `value`, `create_time`, `update_time`, `deleted`) VALUES ('271','3','65','发送人','user','2','STRING',null,'2020-08-30 13:53:58','2020-08-30 13:53:58','0');
INSERT INTO `rule_engine_function_value` (`id`, `function_id`, `variable_id`, `param_name`, `param_code`, `type`, `value_type`, `value`, `create_time`, `update_time`, `deleted`) VALUES ('272','3','65','发送人密码','password','2','STRING',null,'2020-08-30 13:53:58','2020-08-30 13:53:58','0');
INSERT INTO `rule_engine_function_value` (`id`, `function_id`, `variable_id`, `param_name`, `param_code`, `type`, `value_type`, `value`, `create_time`, `update_time`, `deleted`) VALUES ('273','3','65','邮件接收人','tos','2','COLLECTION',null,'2020-08-30 13:53:58','2020-08-30 13:53:58','0');
INSERT INTO `rule_engine_function_value` (`id`, `function_id`, `variable_id`, `param_name`, `param_code`, `type`, `value_type`, `value`, `create_time`, `update_time`, `deleted`) VALUES ('274','3','65','邮件标题','title','2','STRING',null,'2020-08-30 13:53:58','2020-08-30 13:53:58','0');
INSERT INTO `rule_engine_function_value` (`id`, `function_id`, `variable_id`, `param_name`, `param_code`, `type`, `value_type`, `value`, `create_time`, `update_time`, `deleted`) VALUES ('275','3','65','邮件内容','text','2','STRING',null,'2020-08-30 13:53:58','2020-08-30 13:53:58','0');
INSERT INTO `rule_engine_function_value` (`id`, `function_id`, `variable_id`, `param_name`, `param_code`, `type`, `value_type`, `value`, `create_time`, `update_time`, `deleted`) VALUES ('276','3','65','端口号','mailSmtpPort','2','NUMBER','21','2020-08-30 13:53:58','2020-08-30 13:53:58','0');
INSERT INTO `rule_engine_function_value` (`id`, `function_id`, `variable_id`, `param_name`, `param_code`, `type`, `value_type`, `value`, `create_time`, `update_time`, `deleted`) VALUES ('286','9','70','数值','value','0','NUMBER','66','2020-08-30 23:52:20','2020-08-30 23:52:20','0');
INSERT INTO `rule_engine_function_value` (`id`, `function_id`, `variable_id`, `param_name`, `param_code`, `type`, `value_type`, `value`, `create_time`, `update_time`, `deleted`) VALUES ('287','9','70','最小','min','2','NUMBER','20','2020-08-30 23:52:20','2020-08-30 23:52:20','0');
INSERT INTO `rule_engine_function_value` (`id`, `function_id`, `variable_id`, `param_name`, `param_code`, `type`, `value_type`, `value`, `create_time`, `update_time`, `deleted`) VALUES ('288','9','70','最大','max','2','NUMBER','26','2020-08-30 23:52:20','2020-08-30 23:52:20','0');
INSERT INTO `rule_engine_function_value` (`id`, `function_id`, `variable_id`, `param_name`, `param_code`, `type`, `value_type`, `value`, `create_time`, `update_time`, `deleted`) VALUES ('291','15','72','集合','list','2','COLLECTION','1,3','2020-09-01 14:04:50','2020-09-01 14:04:50','0');
INSERT INTO `rule_engine_function_value` (`id`, `function_id`, `variable_id`, `param_name`, `param_code`, `type`, `value_type`, `value`, `create_time`, `update_time`, `deleted`) VALUES ('305','17','71','身份证号','citizenId','0','STRING','76','2020-09-04 19:38:53','2020-09-04 19:38:53','0');
INSERT INTO `rule_engine_function_value` (`id`, `function_id`, `variable_id`, `param_name`, `param_code`, `type`, `value_type`, `value`, `create_time`, `update_time`, `deleted`) VALUES ('306','11','73','集合','list','2','COLLECTION','1,19,20,5','2020-09-08 12:19:25','2020-09-08 12:19:25','0');
INSERT INTO `rule_engine_function_value` (`id`, `function_id`, `variable_id`, `param_name`, `param_code`, `type`, `value_type`, `value`, `create_time`, `update_time`, `deleted`) VALUES ('307','8','74','集合','list','2','COLLECTION','123,34,33','2020-09-08 12:23:25','2020-09-08 12:23:25','0');
INSERT INTO `rule_engine_function_value` (`id`, `function_id`, `variable_id`, `param_name`, `param_code`, `type`, `value_type`, `value`, `create_time`, `update_time`, `deleted`) VALUES ('308','8','74','索引','index','2','NUMBER','0','2020-09-08 12:23:25','2020-09-08 12:23:25','0');
INSERT INTO `rule_engine_function_value` (`id`, `function_id`, `variable_id`, `param_name`, `param_code`, `type`, `value_type`, `value`, `create_time`, `update_time`, `deleted`) VALUES ('309','10','75','集合','list','2','COLLECTION','4,10','2020-09-08 12:25:40','2020-09-08 12:25:40','0');
INSERT INTO `rule_engine_function_value` (`id`, `function_id`, `variable_id`, `param_name`, `param_code`, `type`, `value_type`, `value`, `create_time`, `update_time`, `deleted`) VALUES ('310','10','75','小树位','scale','2','NUMBER','2','2020-09-08 12:25:40','2020-09-08 12:25:40','0');
INSERT INTO `rule_engine_function_value` (`id`, `function_id`, `variable_id`, `param_name`, `param_code`, `type`, `value_type`, `value`, `create_time`, `update_time`, `deleted`) VALUES ('311','13','76','字符串','value','0','STRING','77','2020-09-10 18:11:06','2020-09-10 18:11:06','0');
INSERT INTO `rule_engine_function_value` (`id`, `function_id`, `variable_id`, `param_name`, `param_code`, `type`, `value_type`, `value`, `create_time`, `update_time`, `deleted`) VALUES ('314','16','79','手机号','mobile','0','STRING','77','2020-09-18 19:08:19','2020-09-18 19:08:19','0');
INSERT INTO `rule_engine_function_value` (`id`, `function_id`, `variable_id`, `param_name`, `param_code`, `type`, `value_type`, `value`, `create_time`, `update_time`, `deleted`) VALUES ('368','8','87','集合','list','2','COLLECTION','123123','2020-11-15 00:26:14','2020-11-15 00:26:14','0');
INSERT INTO `rule_engine_function_value` (`id`, `function_id`, `variable_id`, `param_name`, `param_code`, `type`, `value_type`, `value`, `create_time`, `update_time`, `deleted`) VALUES ('369','8','87','索引','index','0','NUMBER','83','2020-11-15 00:26:14','2020-11-15 00:26:14','0');
INSERT INTO `rule_engine_function_value` (`id`, `function_id`, `variable_id`, `param_name`, `param_code`, `type`, `value_type`, `value`, `create_time`, `update_time`, `deleted`) VALUES ('374','1','84','普通参数','value','1','STRING','88','2020-11-15 01:08:50','2020-11-15 01:08:50','0');
INSERT INTO `rule_engine_function_value` (`id`, `function_id`, `variable_id`, `param_name`, `param_code`, `type`, `value_type`, `value`, `create_time`, `update_time`, `deleted`) VALUES ('377','8','88','集合','list','2','COLLECTION','123','2020-11-15 01:10:16','2020-11-15 01:10:16','0');
INSERT INTO `rule_engine_function_value` (`id`, `function_id`, `variable_id`, `param_name`, `param_code`, `type`, `value_type`, `value`, `create_time`, `update_time`, `deleted`) VALUES ('410','15','98','集合','list','0','COLLECTION','61','2020-12-01 18:20:32','2020-12-01 18:20:32','0');
INSERT INTO `rule_engine_function_value` (`id`, `function_id`, `variable_id`, `param_name`, `param_code`, `type`, `value_type`, `value`, `create_time`, `update_time`, `deleted`) VALUES ('451','9','118','数值','value','0','NUMBER','66','2020-12-25 04:07:45','2020-12-25 04:07:45','0');
INSERT INTO `rule_engine_function_value` (`id`, `function_id`, `variable_id`, `param_name`, `param_code`, `type`, `value_type`, `value`, `create_time`, `update_time`, `deleted`) VALUES ('452','9','118','最小','min','2','NUMBER','7','2020-12-25 04:07:45','2020-12-25 04:07:45','0');
INSERT INTO `rule_engine_function_value` (`id`, `function_id`, `variable_id`, `param_name`, `param_code`, `type`, `value_type`, `value`, `create_time`, `update_time`, `deleted`) VALUES ('453','9','118','最大','max','2','NUMBER','11','2020-12-25 04:07:45','2020-12-25 04:07:45','0');
INSERT INTO `rule_engine_function_value` (`id`, `function_id`, `variable_id`, `param_name`, `param_code`, `type`, `value_type`, `value`, `create_time`, `update_time`, `deleted`) VALUES ('454','3','124','服务器地址','mailSmtpHost','2','STRING','t','2021-01-01 11:45:27','2021-01-01 11:45:27','0');
INSERT INTO `rule_engine_function_value` (`id`, `function_id`, `variable_id`, `param_name`, `param_code`, `type`, `value_type`, `value`, `create_time`, `update_time`, `deleted`) VALUES ('455','3','124','发送人','user','2','STRING','t','2021-01-01 11:45:27','2021-01-01 11:45:27','0');
INSERT INTO `rule_engine_function_value` (`id`, `function_id`, `variable_id`, `param_name`, `param_code`, `type`, `value_type`, `value`, `create_time`, `update_time`, `deleted`) VALUES ('456','3','124','发送人密码','password','2','STRING','t','2021-01-01 11:45:27','2021-01-01 11:45:27','0');
INSERT INTO `rule_engine_function_value` (`id`, `function_id`, `variable_id`, `param_name`, `param_code`, `type`, `value_type`, `value`, `create_time`, `update_time`, `deleted`) VALUES ('457','3','124','邮件接收人','tos','2','COLLECTION','t','2021-01-01 11:45:27','2021-01-01 11:45:27','0');
INSERT INTO `rule_engine_function_value` (`id`, `function_id`, `variable_id`, `param_name`, `param_code`, `type`, `value_type`, `value`, `create_time`, `update_time`, `deleted`) VALUES ('458','3','124','邮件标题','title','2','STRING','t','2021-01-01 11:45:27','2021-01-01 11:45:27','0');
INSERT INTO `rule_engine_function_value` (`id`, `function_id`, `variable_id`, `param_name`, `param_code`, `type`, `value_type`, `value`, `create_time`, `update_time`, `deleted`) VALUES ('459','3','124','邮件内容','text','2','STRING','t','2021-01-01 11:45:27','2021-01-01 11:45:27','0');
INSERT INTO `rule_engine_function_value` (`id`, `function_id`, `variable_id`, `param_name`, `param_code`, `type`, `value_type`, `value`, `create_time`, `update_time`, `deleted`) VALUES ('460','3','124','端口号','mailSmtpPort','2','NUMBER','22','2021-01-01 11:45:27','2021-01-01 11:45:27','0');
INSERT INTO `rule_engine_function_value` (`id`, `function_id`, `variable_id`, `param_name`, `param_code`, `type`, `value_type`, `value`, `create_time`, `update_time`, `deleted`) VALUES ('461','24','125','手机号','phone','0','STRING','77','2021-01-07 06:23:12','2021-01-07 06:23:12','0');
INSERT INTO `rule_engine_function_value` (`id`, `function_id`, `variable_id`, `param_name`, `param_code`, `type`, `value_type`, `value`, `create_time`, `update_time`, `deleted`) VALUES ('476','3','129','服务器地址','mailSmtpHost','2','STRING','smtp.163.com','2021-01-11 15:59:28','2021-01-11 15:59:28','0');
INSERT INTO `rule_engine_function_value` (`id`, `function_id`, `variable_id`, `param_name`, `param_code`, `type`, `value_type`, `value`, `create_time`, `update_time`, `deleted`) VALUES ('477','3','129','发送人','user','2','STRING','18134358625@163.com','2021-01-11 15:59:28','2021-01-11 15:59:28','0');
INSERT INTO `rule_engine_function_value` (`id`, `function_id`, `variable_id`, `param_name`, `param_code`, `type`, `value_type`, `value`, `create_time`, `update_time`, `deleted`) VALUES ('478','3','129','发送人密码','password','2','STRING','未知','2021-01-11 15:59:28','2021-01-11 15:59:28','0');
INSERT INTO `rule_engine_function_value` (`id`, `function_id`, `variable_id`, `param_name`, `param_code`, `type`, `value_type`, `value`, `create_time`, `update_time`, `deleted`) VALUES ('479','3','129','邮件接收人','tos','0','COLLECTION','82','2021-01-11 15:59:28','2021-01-11 15:59:28','0');
INSERT INTO `rule_engine_function_value` (`id`, `function_id`, `variable_id`, `param_name`, `param_code`, `type`, `value_type`, `value`, `create_time`, `update_time`, `deleted`) VALUES ('480','3','129','邮件标题','title','2','STRING','优惠券','2021-01-11 15:59:28','2021-01-11 15:59:28','0');
INSERT INTO `rule_engine_function_value` (`id`, `function_id`, `variable_id`, `param_name`, `param_code`, `type`, `value_type`, `value`, `create_time`, `update_time`, `deleted`) VALUES ('481','3','129','邮件内容','text','2','STRING','1','2021-01-11 15:59:28','2021-01-11 15:59:28','0');
INSERT INTO `rule_engine_function_value` (`id`, `function_id`, `variable_id`, `param_name`, `param_code`, `type`, `value_type`, `value`, `create_time`, `update_time`, `deleted`) VALUES ('482','3','129','端口号','mailSmtpPort','2','NUMBER','21','2021-01-11 15:59:28','2021-01-11 15:59:28','0');
INSERT INTO `rule_engine_function_value` (`id`, `function_id`, `variable_id`, `param_name`, `param_code`, `type`, `value_type`, `value`, `create_time`, `update_time`, `deleted`) VALUES ('484','23','134','格式','pattern','2','STRING','yyyy-MM-dd HH:mm:ss','2021-01-15 07:34:47','2021-01-15 07:34:47','0');
INSERT INTO `rule_engine_function_value` (`id`, `function_id`, `variable_id`, `param_name`, `param_code`, `type`, `value_type`, `value`, `create_time`, `update_time`, `deleted`) VALUES ('485','23','134','时区','timeZone','2','STRING','Asia/Shanghai','2021-01-15 07:34:47','2021-01-15 07:34:47','0');

INSERT INTO `rule_engine_general_rule` (`id`, `name`, `code`, `rule_id`, `description`, `workspace_id`, `workspace_code`, `create_user_id`, `create_user_name`, `status`, `current_version`, `publish_version`, `enable_default_action`, `default_action_value`, `default_action_type`, `default_action_value_type`, `abnormal_alarm`, `reference_data`, `create_time`, `update_time`, `deleted`) VALUES ('121','篮球苗子','bs','121','是否为篮球苗子测试','1','default','1','dqw','2','1.0','1.0','0','不是','2','STRING','{"email": [""], "enable": false, "timeOutThreshold": 3000}','{"elementIds": [114, 115, 116, 117, 119], "variableIds": [118], "conditionIds": [98, 100, 101, 102, 103, 104]}','2020-12-29 03:07:07','2020-12-29 16:20:53','0');
INSERT INTO `rule_engine_general_rule` (`id`, `name`, `code`, `rule_id`, `description`, `workspace_id`, `workspace_code`, `create_user_id`, `create_user_name`, `status`, `current_version`, `publish_version`, `enable_default_action`, `default_action_value`, `default_action_type`, `default_action_value_type`, `abnormal_alarm`, `reference_data`, `create_time`, `update_time`, `deleted`) VALUES ('122','手机号规则测试','phoneRuletest','122',null,'1','default','1','dqw','2','1.0','1.0','0','false','2','BOOLEAN','{"email": [""], "enable": false, "timeOutThreshold": 3000}','{"elementIds": [77], "variableIds": [76, 77, 79], "conditionIds": [69, 70, 71, 73]}','2020-12-29 03:12:45','2021-01-31 02:36:56','0');
INSERT INTO `rule_engine_general_rule` (`id`, `name`, `code`, `rule_id`, `description`, `workspace_id`, `workspace_code`, `create_user_id`, `create_user_name`, `status`, `current_version`, `publish_version`, `enable_default_action`, `default_action_value`, `default_action_type`, `default_action_value_type`, `abnormal_alarm`, `reference_data`, `create_time`, `update_time`, `deleted`) VALUES ('150','事件判断','event','150',null,'1','default','2','lq','0','2.0','1.0','0','103','1','NUMBER','{"email": [""], "enable": false, "timeOutThreshold": 3000}','{"elementIds": [130], "variableIds": [103], "conditionIds": [116, 117]}','2021-01-13 09:26:13','2021-01-13 10:41:24','0');
INSERT INTO `rule_engine_general_rule` (`id`, `name`, `code`, `rule_id`, `description`, `workspace_id`, `workspace_code`, `create_user_id`, `create_user_name`, `status`, `current_version`, `publish_version`, `enable_default_action`, `default_action_value`, `default_action_type`, `default_action_value_type`, `abnormal_alarm`, `reference_data`, `create_time`, `update_time`, `deleted`) VALUES ('157','手机号码不为空且是137开头的','TELNOTNAULLANDBEG134','157',null,'1','default','2','lq','1','2.0','1.0','0','false','2','BOOLEAN','{"email": [""], "enable": false, "timeOutThreshold": 3000}','{"elementIds": [77], "variableIds": [79], "conditionIds": [69, 73]}','2021-01-15 01:08:29','2021-01-23 16:00:56','0');
INSERT INTO `rule_engine_general_rule` (`id`, `name`, `code`, `rule_id`, `description`, `workspace_id`, `workspace_code`, `create_user_id`, `create_user_name`, `status`, `current_version`, `publish_version`, `enable_default_action`, `default_action_value`, `default_action_type`, `default_action_value_type`, `abnormal_alarm`, `reference_data`, `create_time`, `update_time`, `deleted`) VALUES ('166','关键事件','events_impo','346',null,'1','default','2','lq','1','2.0','1.0','0','false','2','BOOLEAN','{"email": [""], "enable": false, "timeOutThreshold": 3000}','{"elementIds": [145, 130], "variableIds": [144], "conditionIds": [116, 117, 124, 126]}','2021-01-19 01:19:59','2021-01-19 01:19:59','0');
INSERT INTO `rule_engine_general_rule` (`id`, `name`, `code`, `rule_id`, `description`, `workspace_id`, `workspace_code`, `create_user_id`, `create_user_name`, `status`, `current_version`, `publish_version`, `enable_default_action`, `default_action_value`, `default_action_type`, `default_action_value_type`, `abnormal_alarm`, `reference_data`, `create_time`, `update_time`, `deleted`) VALUES ('191','周俊规则','zhoujuncode','562','周俊规则','1','default','2','lq','2','4.0','4.0','0','不是周俊','2','STRING',null,'{"elementIds": [155], "variableIds": [154], "conditionIds": [131]}','2021-01-27 08:45:55','2021-01-27 08:45:55','0');
INSERT INTO `rule_engine_general_rule` (`id`, `name`, `code`, `rule_id`, `description`, `workspace_id`, `workspace_code`, `create_user_id`, `create_user_name`, `status`, `current_version`, `publish_version`, `enable_default_action`, `default_action_value`, `default_action_type`, `default_action_value_type`, `abnormal_alarm`, `reference_data`, `create_time`, `update_time`, `deleted`) VALUES ('205','afad','adfasdf','610','adf','1','default','2','lq','1','1.0',null,'0','0','2','NUMBER',null,'{"elementIds": [], "variableIds": [155], "conditionIds": [134]}','2021-02-04 07:46:01','2021-02-04 08:15:24','0');
INSERT INTO `rule_engine_general_rule` (`id`, `name`, `code`, `rule_id`, `description`, `workspace_id`, `workspace_code`, `create_user_id`, `create_user_name`, `status`, `current_version`, `publish_version`, `enable_default_action`, `default_action_value`, `default_action_type`, `default_action_value_type`, `abnormal_alarm`, `reference_data`, `create_time`, `update_time`, `deleted`) VALUES ('206','姓名等于张三并且班级是六年级的','NameAndClass','619','姓名等于张三并且班级是六年级的','1','default','2','lq','0','1.0','1.0','0','false','2','BOOLEAN',null,'{"elementIds": [118, 155], "variableIds": [], "conditionIds": [135, 136]}','2021-02-04 08:20:39','2021-02-05 06:02:30','0');
INSERT INTO `rule_engine_general_rule` (`id`, `name`, `code`, `rule_id`, `description`, `workspace_id`, `workspace_code`, `create_user_id`, `create_user_name`, `status`, `current_version`, `publish_version`, `enable_default_action`, `default_action_value`, `default_action_type`, `default_action_value_type`, `abnormal_alarm`, `reference_data`, `create_time`, `update_time`, `deleted`) VALUES ('207','我是普通规则','normalRules','620',null,'1','default','2','lq','1','1.0',null,'0','没有【元素】','2','STRING',null,'{"elementIds": [161], "variableIds": [], "conditionIds": [137]}','2021-02-04 08:24:19','2021-02-04 08:24:19','0');
INSERT INTO `rule_engine_general_rule` (`id`, `name`, `code`, `rule_id`, `description`, `workspace_id`, `workspace_code`, `create_user_id`, `create_user_name`, `status`, `current_version`, `publish_version`, `enable_default_action`, `default_action_value`, `default_action_type`, `default_action_value_type`, `abnormal_alarm`, `reference_data`, `create_time`, `update_time`, `deleted`) VALUES ('208','身高判断+年龄大于20','heightAndAge','621','身高判断+年龄大于20','1','default','2','lq','1','1.0',null,'0','true','2','BOOLEAN',null,'{"elementIds": [66], "variableIds": [160, 159], "conditionIds": [139, 140]}','2021-02-04 08:33:34','2021-02-04 08:33:34','0');
INSERT INTO `rule_engine_general_rule` (`id`, `name`, `code`, `rule_id`, `description`, `workspace_id`, `workspace_code`, `create_user_id`, `create_user_name`, `status`, `current_version`, `publish_version`, `enable_default_action`, `default_action_value`, `default_action_type`, `default_action_value_type`, `abnormal_alarm`, `reference_data`, `create_time`, `update_time`, `deleted`) VALUES ('209','课程','classify','628',null,'1','default','2','lq','1','2.0','1.0','0','false','2','BOOLEAN',null,'{"elementIds": [163], "variableIds": [], "conditionIds": [142]}','2021-02-04 11:49:28','2021-02-04 11:49:28','0');
INSERT INTO `rule_engine_general_rule` (`id`, `name`, `code`, `rule_id`, `description`, `workspace_id`, `workspace_code`, `create_user_id`, `create_user_name`, `status`, `current_version`, `publish_version`, `enable_default_action`, `default_action_value`, `default_action_type`, `default_action_value_type`, `abnormal_alarm`, `reference_data`, `create_time`, `update_time`, `deleted`) VALUES ('211','判断AB','sfsd','630',null,'1','default','2','lq','1','2.0','1.0','0','false','2','BOOLEAN',null,'{"elementIds": [165], "variableIds": [163], "conditionIds": [144, 147]}','2021-02-04 12:02:05','2021-02-05 07:02:25','0');
INSERT INTO `rule_engine_general_rule` (`id`, `name`, `code`, `rule_id`, `description`, `workspace_id`, `workspace_code`, `create_user_id`, `create_user_name`, `status`, `current_version`, `publish_version`, `enable_default_action`, `default_action_value`, `default_action_type`, `default_action_value_type`, `abnormal_alarm`, `reference_data`, `create_time`, `update_time`, `deleted`) VALUES ('213','aodfad','asdfads','645',null,'1','default','2','lq','1','1.0',null,'0','139','1','STRING',null,'{"elementIds": [], "variableIds": [139], "conditionIds": []}','2021-02-06 02:09:35','2021-02-06 02:09:35','0');

INSERT INTO `rule_engine_general_rule_publish` (`id`, `general_rule_id`, `general_rule_code`, `workspace_id`, `workspace_code`, `data`, `status`, `version`, `reference_data`, `create_time`, `update_time`, `deleted`) VALUES ('381','166','events_impo','1','default','{"cn.ruleengine.core.rule.GeneralRule": {"id": 166, "code": "events_impo", "name": "关键事件", "actionValue": {"cn.ruleengine.core.value.Variable": {"valueType": {"cn.ruleengine.core.value.ValueType": "COLLECTION"}, "variableId": 144}}, "description": null, "workspaceId": 1, "conditionSet": {"cn.ruleengine.core.condition.ConditionSet": {"conditionGroups": {"java.util.ArrayList": [{"cn.ruleengine.core.condition.ConditionGroup": {"id": 1926, "name": "条件组", "orderNo": 1, "conditions": {"java.util.ArrayList": [{"cn.ruleengine.core.condition.Condition": {"id": 124, "name": "出现小汽车", "orderNo": 1, "operator": {"cn.ruleengine.core.condition.Operator": "CONTAIN"}, "leftValue": {"cn.ruleengine.core.value.Element": {"elementId": 130, "valueType": {"cn.ruleengine.core.value.ValueType": "COLLECTION"}, "elementCode": "object"}}, "rightValue": {"cn.ruleengine.core.value.Constant": {"value": "car", "valueType": {"cn.ruleengine.core.value.ValueType": "STRING"}}}}}, {"cn.ruleengine.core.condition.Condition": {"id": 126, "name": "时间间隔", "orderNo": 2, "operator": {"cn.ruleengine.core.condition.Operator": "GE"}, "leftValue": {"cn.ruleengine.core.value.Element": {"elementId": 145, "valueType": {"cn.ruleengine.core.value.ValueType": "NUMBER"}, "elementCode": "max_time"}}, "rightValue": {"cn.ruleengine.core.value.Constant": {"value": {"java.math.BigDecimal": 30}, "valueType": {"cn.ruleengine.core.value.ValueType": "NUMBER"}}}}}]}}}, {"cn.ruleengine.core.condition.ConditionGroup": {"id": 1927, "name": "条件组", "orderNo": 2, "conditions": {"java.util.ArrayList": [{"cn.ruleengine.core.condition.Condition": {"id": 116, "name": "出现人", "orderNo": 1, "operator": {"cn.ruleengine.core.condition.Operator": "CONTAIN"}, "leftValue": {"cn.ruleengine.core.value.Element": {"elementId": 130, "valueType": {"cn.ruleengine.core.value.ValueType": "COLLECTION"}, "elementCode": "object"}}, "rightValue": {"cn.ruleengine.core.value.Constant": {"value": "person", "valueType": {"cn.ruleengine.core.value.ValueType": "STRING"}}}}}]}}}, {"cn.ruleengine.core.condition.ConditionGroup": {"id": 1928, "name": "条件组", "orderNo": 3, "conditions": {"java.util.ArrayList": [{"cn.ruleengine.core.condition.Condition": {"id": 117, "name": "出现武器", "orderNo": 1, "operator": {"cn.ruleengine.core.condition.Operator": "CONTAIN"}, "leftValue": {"cn.ruleengine.core.value.Element": {"elementId": 130, "valueType": {"cn.ruleengine.core.value.ValueType": "COLLECTION"}, "elementCode": "object"}}, "rightValue": {"cn.ruleengine.core.value.Constant": {"value": "weapon", "valueType": {"cn.ruleengine.core.value.ValueType": "STRING"}}}}}]}}}]}}}, "precondition": {"cn.ruleengine.core.condition.Precondition": {"precondition": {"java.util.ArrayList": []}}}, "abnormalAlarm": {"cn.ruleengine.core.rule.AbnormalAlarm": {"email": null, "enable": false, "timeOutThreshold": 3000}}, "enableMonitor": false, "workspaceCode": "default", "defaultActionValue": {"cn.ruleengine.core.value.Constant": {"value": false, "valueType": {"cn.ruleengine.core.value.ValueType": "BOOLEAN"}}}}}','2',null,'{"elementIds": [145, 130], "variableIds": [144], "conditionIds": [116, 117, 124, 126]}','2021-02-01 02:28:01','2021-02-01 02:28:01','0');
INSERT INTO `rule_engine_general_rule_publish` (`id`, `general_rule_id`, `general_rule_code`, `workspace_id`, `workspace_code`, `data`, `status`, `version`, `reference_data`, `create_time`, `update_time`, `deleted`) VALUES ('382','166','events_impo','1','default','{"cn.ruleengine.core.rule.GeneralRule": {"id": 166, "code": "events_impo", "name": "关键事件", "actionValue": {"cn.ruleengine.core.value.Variable": {"valueType": {"cn.ruleengine.core.value.ValueType": "COLLECTION"}, "variableId": 144}}, "description": null, "workspaceId": 1, "conditionSet": {"cn.ruleengine.core.condition.ConditionSet": {"conditionGroups": {"java.util.ArrayList": [{"cn.ruleengine.core.condition.ConditionGroup": {"id": 1932, "name": "条件组", "orderNo": 1, "conditions": {"java.util.ArrayList": [{"cn.ruleengine.core.condition.Condition": {"id": 124, "name": "出现小汽车", "orderNo": 1, "operator": {"cn.ruleengine.core.condition.Operator": "CONTAIN"}, "leftValue": {"cn.ruleengine.core.value.Element": {"elementId": 130, "valueType": {"cn.ruleengine.core.value.ValueType": "COLLECTION"}, "elementCode": "object"}}, "rightValue": {"cn.ruleengine.core.value.Constant": {"value": "car", "valueType": {"cn.ruleengine.core.value.ValueType": "STRING"}}}}}, {"cn.ruleengine.core.condition.Condition": {"id": 126, "name": "时间间隔", "orderNo": 2, "operator": {"cn.ruleengine.core.condition.Operator": "GE"}, "leftValue": {"cn.ruleengine.core.value.Element": {"elementId": 145, "valueType": {"cn.ruleengine.core.value.ValueType": "NUMBER"}, "elementCode": "max_time"}}, "rightValue": {"cn.ruleengine.core.value.Constant": {"value": {"java.math.BigDecimal": 30}, "valueType": {"cn.ruleengine.core.value.ValueType": "NUMBER"}}}}}]}}}, {"cn.ruleengine.core.condition.ConditionGroup": {"id": 1933, "name": "条件组", "orderNo": 2, "conditions": {"java.util.ArrayList": [{"cn.ruleengine.core.condition.Condition": {"id": 116, "name": "出现人", "orderNo": 1, "operator": {"cn.ruleengine.core.condition.Operator": "CONTAIN"}, "leftValue": {"cn.ruleengine.core.value.Element": {"elementId": 130, "valueType": {"cn.ruleengine.core.value.ValueType": "COLLECTION"}, "elementCode": "object"}}, "rightValue": {"cn.ruleengine.core.value.Constant": {"value": "person", "valueType": {"cn.ruleengine.core.value.ValueType": "STRING"}}}}}]}}}, {"cn.ruleengine.core.condition.ConditionGroup": {"id": 1934, "name": "条件组", "orderNo": 3, "conditions": {"java.util.ArrayList": [{"cn.ruleengine.core.condition.Condition": {"id": 117, "name": "出现武器", "orderNo": 1, "operator": {"cn.ruleengine.core.condition.Operator": "CONTAIN"}, "leftValue": {"cn.ruleengine.core.value.Element": {"elementId": 130, "valueType": {"cn.ruleengine.core.value.ValueType": "COLLECTION"}, "elementCode": "object"}}, "rightValue": {"cn.ruleengine.core.value.Constant": {"value": "weapon", "valueType": {"cn.ruleengine.core.value.ValueType": "STRING"}}}}}]}}}]}}}, "precondition": {"cn.ruleengine.core.condition.Precondition": {"precondition": {"java.util.ArrayList": []}}}, "abnormalAlarm": {"cn.ruleengine.core.rule.AbnormalAlarm": {"email": null, "enable": false, "timeOutThreshold": 3000}}, "enableMonitor": false, "workspaceCode": "default", "defaultActionValue": {"cn.ruleengine.core.value.Constant": {"value": false, "valueType": {"cn.ruleengine.core.value.ValueType": "BOOLEAN"}}}}}','1',null,'{"elementIds": [145, 130], "variableIds": [144], "conditionIds": [116, 117, 124, 126]}','2021-02-01 02:28:07','2021-02-01 02:28:07','0');
INSERT INTO `rule_engine_general_rule_publish` (`id`, `general_rule_id`, `general_rule_code`, `workspace_id`, `workspace_code`, `data`, `status`, `version`, `reference_data`, `create_time`, `update_time`, `deleted`) VALUES ('383','157','TELNOTNAULLANDBEG134','1','default','{"cn.ruleengine.core.rule.GeneralRule": {"id": 157, "code": "TELNOTNAULLANDBEG134", "name": "手机号码不为空且是137开头的", "actionValue": {"cn.ruleengine.core.value.Constant": {"value": true, "valueType": {"cn.ruleengine.core.value.ValueType": "BOOLEAN"}}}, "description": null, "workspaceId": 1, "conditionSet": {"cn.ruleengine.core.condition.ConditionSet": {"conditionGroups": {"java.util.ArrayList": [{"cn.ruleengine.core.condition.ConditionGroup": {"id": 1880, "name": "条件组", "orderNo": 1, "conditions": {"java.util.ArrayList": [{"cn.ruleengine.core.condition.Condition": {"id": 73, "name": "验证是否为手机号码条件", "orderNo": 1, "operator": {"cn.ruleengine.core.condition.Operator": "EQ"}, "leftValue": {"cn.ruleengine.core.value.Variable": {"valueType": {"cn.ruleengine.core.value.ValueType": "BOOLEAN"}, "variableId": 79}}, "rightValue": {"cn.ruleengine.core.value.Constant": {"value": true, "valueType": {"cn.ruleengine.core.value.ValueType": "BOOLEAN"}}}}}, {"cn.ruleengine.core.condition.Condition": {"id": 69, "name": "号码开头", "orderNo": 2, "operator": {"cn.ruleengine.core.condition.Operator": "STARTS_WITH"}, "leftValue": {"cn.ruleengine.core.value.Element": {"elementId": 77, "valueType": {"cn.ruleengine.core.value.ValueType": "STRING"}, "elementCode": "phone"}}, "rightValue": {"cn.ruleengine.core.value.Constant": {"value": "137", "valueType": {"cn.ruleengine.core.value.ValueType": "STRING"}}}}}]}}}]}}}, "precondition": {"cn.ruleengine.core.condition.Precondition": {"precondition": {"java.util.ArrayList": []}}}, "abnormalAlarm": {"cn.ruleengine.core.rule.AbnormalAlarm": {"email": null, "enable": false, "timeOutThreshold": 3000}}, "enableMonitor": false, "workspaceCode": "default", "defaultActionValue": {"cn.ruleengine.core.value.Constant": {"value": false, "valueType": {"cn.ruleengine.core.value.ValueType": "BOOLEAN"}}}}}','2',null,'{"elementIds": [77], "variableIds": [79], "conditionIds": [69, 73]}','2021-02-01 02:28:16','2021-02-01 02:28:16','0');
INSERT INTO `rule_engine_general_rule_publish` (`id`, `general_rule_id`, `general_rule_code`, `workspace_id`, `workspace_code`, `data`, `status`, `version`, `reference_data`, `create_time`, `update_time`, `deleted`) VALUES ('384','157','TELNOTNAULLANDBEG134','1','default','{"cn.ruleengine.core.rule.GeneralRule": {"id": 157, "code": "TELNOTNAULLANDBEG134", "name": "手机号码不为空且是137开头的", "actionValue": {"cn.ruleengine.core.value.Constant": {"value": true, "valueType": {"cn.ruleengine.core.value.ValueType": "BOOLEAN"}}}, "description": null, "workspaceId": 1, "conditionSet": {"cn.ruleengine.core.condition.ConditionSet": {"conditionGroups": {"java.util.ArrayList": [{"cn.ruleengine.core.condition.ConditionGroup": {"id": 1938, "name": "条件组", "orderNo": 1, "conditions": {"java.util.ArrayList": [{"cn.ruleengine.core.condition.Condition": {"id": 73, "name": "验证是否为手机号码条件", "orderNo": 1, "operator": {"cn.ruleengine.core.condition.Operator": "EQ"}, "leftValue": {"cn.ruleengine.core.value.Variable": {"valueType": {"cn.ruleengine.core.value.ValueType": "BOOLEAN"}, "variableId": 79}}, "rightValue": {"cn.ruleengine.core.value.Constant": {"value": true, "valueType": {"cn.ruleengine.core.value.ValueType": "BOOLEAN"}}}}}, {"cn.ruleengine.core.condition.Condition": {"id": 69, "name": "号码开头", "orderNo": 2, "operator": {"cn.ruleengine.core.condition.Operator": "STARTS_WITH"}, "leftValue": {"cn.ruleengine.core.value.Element": {"elementId": 77, "valueType": {"cn.ruleengine.core.value.ValueType": "STRING"}, "elementCode": "phone"}}, "rightValue": {"cn.ruleengine.core.value.Constant": {"value": "137", "valueType": {"cn.ruleengine.core.value.ValueType": "STRING"}}}}}]}}}]}}}, "precondition": {"cn.ruleengine.core.condition.Precondition": {"precondition": {"java.util.ArrayList": []}}}, "abnormalAlarm": {"cn.ruleengine.core.rule.AbnormalAlarm": {"email": null, "enable": false, "timeOutThreshold": 3000}}, "enableMonitor": false, "workspaceCode": "default", "defaultActionValue": {"cn.ruleengine.core.value.Constant": {"value": false, "valueType": {"cn.ruleengine.core.value.ValueType": "BOOLEAN"}}}}}','1',null,'{"elementIds": [77], "variableIds": [79], "conditionIds": [69, 73]}','2021-02-01 02:28:20','2021-02-01 02:28:20','0');
INSERT INTO `rule_engine_general_rule_publish` (`id`, `general_rule_id`, `general_rule_code`, `workspace_id`, `workspace_code`, `data`, `status`, `version`, `reference_data`, `create_time`, `update_time`, `deleted`) VALUES ('385','150','event','1','default','{"cn.ruleengine.core.rule.GeneralRule": {"id": 150, "code": "event", "name": "事件判断", "actionValue": {"cn.ruleengine.core.value.Constant": {"value": "有人打架", "valueType": {"cn.ruleengine.core.value.ValueType": "STRING"}}}, "description": null, "workspaceId": 1, "conditionSet": {"cn.ruleengine.core.condition.ConditionSet": {"conditionGroups": {"java.util.ArrayList": [{"cn.ruleengine.core.condition.ConditionGroup": {"id": 1874, "name": "条件组", "orderNo": 1, "conditions": {"java.util.ArrayList": [{"cn.ruleengine.core.condition.Condition": {"id": 117, "name": "出现武器", "orderNo": 1, "operator": {"cn.ruleengine.core.condition.Operator": "CONTAIN"}, "leftValue": {"cn.ruleengine.core.value.Element": {"elementId": 130, "valueType": {"cn.ruleengine.core.value.ValueType": "COLLECTION"}, "elementCode": "object"}}, "rightValue": {"cn.ruleengine.core.value.Constant": {"value": "weapon", "valueType": {"cn.ruleengine.core.value.ValueType": "STRING"}}}}}, {"cn.ruleengine.core.condition.Condition": {"id": 116, "name": "出现人", "orderNo": 2, "operator": {"cn.ruleengine.core.condition.Operator": "CONTAIN"}, "leftValue": {"cn.ruleengine.core.value.Element": {"elementId": 130, "valueType": {"cn.ruleengine.core.value.ValueType": "COLLECTION"}, "elementCode": "object"}}, "rightValue": {"cn.ruleengine.core.value.Constant": {"value": "person", "valueType": {"cn.ruleengine.core.value.ValueType": "STRING"}}}}}]}}}]}}}, "precondition": {"cn.ruleengine.core.condition.Precondition": {"precondition": {"java.util.ArrayList": []}}}, "abnormalAlarm": {"cn.ruleengine.core.rule.AbnormalAlarm": {"email": null, "enable": false, "timeOutThreshold": 3000}}, "enableMonitor": false, "workspaceCode": "default", "defaultActionValue": {"cn.ruleengine.core.value.Variable": {"valueType": {"cn.ruleengine.core.value.ValueType": "NUMBER"}, "variableId": 103}}}}','2',null,'{"elementIds": [130], "variableIds": [103], "conditionIds": [116, 117]}','2021-02-01 02:28:29','2021-02-01 02:28:29','0');
INSERT INTO `rule_engine_general_rule_publish` (`id`, `general_rule_id`, `general_rule_code`, `workspace_id`, `workspace_code`, `data`, `status`, `version`, `reference_data`, `create_time`, `update_time`, `deleted`) VALUES ('387','122','phoneRuletest','1','default','{"cn.ruleengine.core.rule.GeneralRule": {"id": 122, "code": "phoneRuletest", "name": "手机号规则测试", "actionValue": {"cn.ruleengine.core.value.Constant": {"value": true, "valueType": {"cn.ruleengine.core.value.ValueType": "BOOLEAN"}}}, "description": null, "workspaceId": 1, "conditionSet": {"cn.ruleengine.core.condition.ConditionSet": {"conditionGroups": {"java.util.ArrayList": [{"cn.ruleengine.core.condition.ConditionGroup": {"id": 1921, "name": "条件组", "orderNo": 1, "conditions": {"java.util.ArrayList": [{"cn.ruleengine.core.condition.Condition": {"id": 71, "name": "排除号码在白名单的", "orderNo": 1, "operator": {"cn.ruleengine.core.condition.Operator": "CONTAIN"}, "leftValue": {"cn.ruleengine.core.value.Variable": {"valueType": {"cn.ruleengine.core.value.ValueType": "COLLECTION"}, "variableId": 77}}, "rightValue": {"cn.ruleengine.core.value.Element": {"elementId": 77, "valueType": {"cn.ruleengine.core.value.ValueType": "STRING"}, "elementCode": "phone"}}}}]}}}, {"cn.ruleengine.core.condition.ConditionGroup": {"id": 1922, "name": "条件组", "orderNo": 2, "conditions": {"java.util.ArrayList": [{"cn.ruleengine.core.condition.Condition": {"id": 73, "name": "验证是否为手机号码条件", "orderNo": 1, "operator": {"cn.ruleengine.core.condition.Operator": "EQ"}, "leftValue": {"cn.ruleengine.core.value.Variable": {"valueType": {"cn.ruleengine.core.value.ValueType": "BOOLEAN"}, "variableId": 79}}, "rightValue": {"cn.ruleengine.core.value.Constant": {"value": true, "valueType": {"cn.ruleengine.core.value.ValueType": "BOOLEAN"}}}}}, {"cn.ruleengine.core.condition.Condition": {"id": 70, "name": "限制号码长度", "orderNo": 2, "operator": {"cn.ruleengine.core.condition.Operator": "LE"}, "leftValue": {"cn.ruleengine.core.value.Variable": {"valueType": {"cn.ruleengine.core.value.ValueType": "NUMBER"}, "variableId": 76}}, "rightValue": {"cn.ruleengine.core.value.Constant": {"value": {"java.math.BigDecimal": 17}, "valueType": {"cn.ruleengine.core.value.ValueType": "NUMBER"}}}}}, {"cn.ruleengine.core.condition.Condition": {"id": 69, "name": "号码开头", "orderNo": 3, "operator": {"cn.ruleengine.core.condition.Operator": "STARTS_WITH"}, "leftValue": {"cn.ruleengine.core.value.Element": {"elementId": 77, "valueType": {"cn.ruleengine.core.value.ValueType": "STRING"}, "elementCode": "phone"}}, "rightValue": {"cn.ruleengine.core.value.Constant": {"value": "137", "valueType": {"cn.ruleengine.core.value.ValueType": "STRING"}}}}}]}}}]}}}, "precondition": {"cn.ruleengine.core.condition.Precondition": {"precondition": {"java.util.ArrayList": []}}}, "abnormalAlarm": {"cn.ruleengine.core.rule.AbnormalAlarm": {"email": null, "enable": false, "timeOutThreshold": 3000}}, "enableMonitor": false, "workspaceCode": "default", "defaultActionValue": {"cn.ruleengine.core.value.Constant": {"value": false, "valueType": {"cn.ruleengine.core.value.ValueType": "BOOLEAN"}}}}}','2',null,'{"elementIds": [77], "variableIds": [76, 77, 79], "conditionIds": [69, 70, 71, 73]}','2021-02-01 02:28:39','2021-02-01 02:28:39','0');
INSERT INTO `rule_engine_general_rule_publish` (`id`, `general_rule_id`, `general_rule_code`, `workspace_id`, `workspace_code`, `data`, `status`, `version`, `reference_data`, `create_time`, `update_time`, `deleted`) VALUES ('388','121','bs','1','default','{"cn.ruleengine.core.rule.GeneralRule": {"id": 121, "code": "bs", "name": "篮球苗子", "actionValue": {"cn.ruleengine.core.value.Constant": {"value": "是一个篮球苗子，需要培养", "valueType": {"cn.ruleengine.core.value.ValueType": "STRING"}}}, "description": "是否为篮球苗子测试", "workspaceId": 1, "conditionSet": {"cn.ruleengine.core.condition.ConditionSet": {"conditionGroups": {"java.util.ArrayList": [{"cn.ruleengine.core.condition.ConditionGroup": {"id": 1445, "name": "是否为体育生条件组", "orderNo": 1, "conditions": {"java.util.ArrayList": [{"cn.ruleengine.core.condition.Condition": {"id": 103, "name": "专业是否为体育生", "orderNo": 1, "operator": {"cn.ruleengine.core.condition.Operator": "EQ"}, "leftValue": {"cn.ruleengine.core.value.Constant": {"value": "体育", "valueType": {"cn.ruleengine.core.value.ValueType": "STRING"}}}, "rightValue": {"cn.ruleengine.core.value.Element": {"elementId": 119, "valueType": {"cn.ruleengine.core.value.ValueType": "STRING"}, "elementCode": "major"}}}}]}}}, {"cn.ruleengine.core.condition.ConditionGroup": {"id": 1446, "name": "条件组", "orderNo": 2, "conditions": {"java.util.ArrayList": [{"cn.ruleengine.core.condition.Condition": {"id": 104, "name": "年龄在7-11之间条件", "orderNo": 1, "operator": {"cn.ruleengine.core.condition.Operator": "EQ"}, "leftValue": {"cn.ruleengine.core.value.Variable": {"valueType": {"cn.ruleengine.core.value.ValueType": "BOOLEAN"}, "variableId": 118}}, "rightValue": {"cn.ruleengine.core.value.Constant": {"value": true, "valueType": {"cn.ruleengine.core.value.ValueType": "BOOLEAN"}}}}}, {"cn.ruleengine.core.condition.Condition": {"id": 102, "name": "身体是否健壮", "orderNo": 2, "operator": {"cn.ruleengine.core.condition.Operator": "CONTAIN"}, "leftValue": {"cn.ruleengine.core.value.Constant": {"value": {"java.util.Arrays$ArrayList": ["健壮", "优秀", "良好"]}, "valueType": {"cn.ruleengine.core.value.ValueType": "COLLECTION"}}}, "rightValue": {"cn.ruleengine.core.value.Element": {"elementId": 117, "valueType": {"cn.ruleengine.core.value.ValueType": "STRING"}, "elementCode": "healthStatus"}}}}, {"cn.ruleengine.core.condition.Condition": {"id": 101, "name": "年级是三年级以上", "orderNo": 3, "operator": {"cn.ruleengine.core.condition.Operator": "GT"}, "leftValue": {"cn.ruleengine.core.value.Element": {"elementId": 116, "valueType": {"cn.ruleengine.core.value.ValueType": "NUMBER"}, "elementCode": "grade"}}, "rightValue": {"cn.ruleengine.core.value.Constant": {"value": {"java.math.BigDecimal": 3}, "valueType": {"cn.ruleengine.core.value.ValueType": "NUMBER"}}}}}, {"cn.ruleengine.core.condition.Condition": {"id": 100, "name": "身高170cm以上", "orderNo": 4, "operator": {"cn.ruleengine.core.condition.Operator": "GE"}, "leftValue": {"cn.ruleengine.core.value.Element": {"elementId": 115, "valueType": {"cn.ruleengine.core.value.ValueType": "NUMBER"}, "elementCode": "height"}}, "rightValue": {"cn.ruleengine.core.value.Constant": {"value": {"java.math.BigDecimal": 170}, "valueType": {"cn.ruleengine.core.value.ValueType": "NUMBER"}}}}}, {"cn.ruleengine.core.condition.Condition": {"id": 98, "name": "性别是男的", "orderNo": 5, "operator": {"cn.ruleengine.core.condition.Operator": "EQ"}, "leftValue": {"cn.ruleengine.core.value.Element": {"elementId": 114, "valueType": {"cn.ruleengine.core.value.ValueType": "STRING"}, "elementCode": "sex"}}, "rightValue": {"cn.ruleengine.core.value.Constant": {"value": "男", "valueType": {"cn.ruleengine.core.value.ValueType": "STRING"}}}}}]}}}]}}}, "precondition": {"cn.ruleengine.core.condition.Precondition": {"precondition": {"java.util.ArrayList": []}}}, "abnormalAlarm": {"cn.ruleengine.core.rule.AbnormalAlarm": {"email": null, "enable": false, "timeOutThreshold": 3000}}, "enableMonitor": false, "workspaceCode": "default", "defaultActionValue": {"cn.ruleengine.core.value.Constant": {"value": "不是", "valueType": {"cn.ruleengine.core.value.ValueType": "STRING"}}}}}','2',null,'{"elementIds": [114, 115, 116, 117, 119], "variableIds": [118], "conditionIds": [98, 100, 101, 102, 103, 104]}','2021-02-01 02:28:50','2021-02-01 02:28:50','0');
INSERT INTO `rule_engine_general_rule_publish` (`id`, `general_rule_id`, `general_rule_code`, `workspace_id`, `workspace_code`, `data`, `status`, `version`, `reference_data`, `create_time`, `update_time`, `deleted`) VALUES ('389','191','zhoujuncode','1','default','{"cn.ruleengine.core.rule.GeneralRule": {"id": 191, "code": "zhoujuncode", "name": "周俊规则", "actionValue": {"cn.ruleengine.core.value.Variable": {"valueType": {"cn.ruleengine.core.value.ValueType": "STRING"}, "variableId": 154}}, "description": "周俊规则", "workspaceId": 1, "conditionSet": {"cn.ruleengine.core.condition.ConditionSet": {"conditionGroups": {"java.util.ArrayList": [{"cn.ruleengine.core.condition.ConditionGroup": {"id": 1901, "name": "条件组", "orderNo": 1, "conditions": {"java.util.ArrayList": [{"cn.ruleengine.core.condition.Condition": {"id": 131, "name": "等于周俊的条件", "orderNo": 1, "operator": {"cn.ruleengine.core.condition.Operator": "EQ"}, "leftValue": {"cn.ruleengine.core.value.Element": {"elementId": 155, "valueType": {"cn.ruleengine.core.value.ValueType": "STRING"}, "elementCode": "name"}}, "rightValue": {"cn.ruleengine.core.value.Constant": {"value": "周俊", "valueType": {"cn.ruleengine.core.value.ValueType": "STRING"}}}}}]}}}]}}}, "precondition": {"cn.ruleengine.core.condition.Precondition": {"precondition": {"java.util.ArrayList": []}}}, "abnormalAlarm": {"cn.ruleengine.core.rule.AbnormalAlarm": {"email": null, "enable": false, "timeOutThreshold": 3000}}, "enableMonitor": false, "workspaceCode": "default", "defaultActionValue": {"cn.ruleengine.core.value.Constant": {"value": "不是周俊", "valueType": {"cn.ruleengine.core.value.ValueType": "STRING"}}}}}','3',null,'{"elementIds": [155], "variableIds": [154], "conditionIds": [131]}','2021-02-01 02:29:16','2021-02-01 02:29:16','0');
INSERT INTO `rule_engine_general_rule_publish` (`id`, `general_rule_id`, `general_rule_code`, `workspace_id`, `workspace_code`, `data`, `status`, `version`, `reference_data`, `create_time`, `update_time`, `deleted`) VALUES ('393','191','zhoujuncode','1','default','{"cn.ruleengine.core.rule.GeneralRule": {"id": 191, "code": "zhoujuncode", "name": "周俊规则", "actionValue": {"cn.ruleengine.core.value.Variable": {"valueType": {"cn.ruleengine.core.value.ValueType": "STRING"}, "variableId": 154}}, "description": "周俊规则", "workspaceId": 1, "conditionSet": {"cn.ruleengine.core.condition.ConditionSet": {"conditionGroups": {"java.util.ArrayList": [{"cn.ruleengine.core.condition.ConditionGroup": {"id": 1947, "name": "条件组", "orderNo": 1, "conditions": {"java.util.ArrayList": [{"cn.ruleengine.core.condition.Condition": {"id": 131, "name": "等于周俊的条件", "orderNo": 1, "operator": {"cn.ruleengine.core.condition.Operator": "EQ"}, "leftValue": {"cn.ruleengine.core.value.Element": {"elementId": 155, "valueType": {"cn.ruleengine.core.value.ValueType": "STRING"}, "elementCode": "name"}}, "rightValue": {"cn.ruleengine.core.value.Constant": {"value": "周俊", "valueType": {"cn.ruleengine.core.value.ValueType": "STRING"}}}}}]}}}]}}}, "precondition": {"cn.ruleengine.core.condition.Precondition": {"precondition": {"java.util.ArrayList": []}}}, "abnormalAlarm": {"cn.ruleengine.core.rule.AbnormalAlarm": {"email": null, "enable": false, "timeOutThreshold": 3000}}, "enableMonitor": false, "workspaceCode": "default", "defaultActionValue": {"cn.ruleengine.core.value.Constant": {"value": "不是周俊", "valueType": {"cn.ruleengine.core.value.ValueType": "STRING"}}}}}','3','2.0','{"elementIds": [155], "variableIds": [154], "conditionIds": [131]}','2021-02-01 03:04:47','2021-02-01 03:04:47','0');
INSERT INTO `rule_engine_general_rule_publish` (`id`, `general_rule_id`, `general_rule_code`, `workspace_id`, `workspace_code`, `data`, `status`, `version`, `reference_data`, `create_time`, `update_time`, `deleted`) VALUES ('394','191','zhoujuncode','1','default','{"cn.ruleengine.core.rule.GeneralRule": {"id": 191, "code": "zhoujuncode", "name": "周俊规则", "actionValue": {"cn.ruleengine.core.value.Variable": {"valueType": {"cn.ruleengine.core.value.ValueType": "STRING"}, "variableId": 154}}, "description": "周俊规则", "workspaceId": 1, "conditionSet": {"cn.ruleengine.core.condition.ConditionSet": {"conditionGroups": {"java.util.ArrayList": [{"cn.ruleengine.core.condition.ConditionGroup": {"id": 1953, "name": "条件组", "orderNo": 1, "conditions": {"java.util.ArrayList": [{"cn.ruleengine.core.condition.Condition": {"id": 131, "name": "等于周俊的条件", "orderNo": 1, "operator": {"cn.ruleengine.core.condition.Operator": "EQ"}, "leftValue": {"cn.ruleengine.core.value.Element": {"elementId": 155, "valueType": {"cn.ruleengine.core.value.ValueType": "STRING"}, "elementCode": "name"}}, "rightValue": {"cn.ruleengine.core.value.Constant": {"value": "周俊", "valueType": {"cn.ruleengine.core.value.ValueType": "STRING"}}}}}]}}}]}}}, "precondition": {"cn.ruleengine.core.condition.Precondition": {"precondition": {"java.util.ArrayList": []}}}, "abnormalAlarm": {"cn.ruleengine.core.rule.AbnormalAlarm": {"email": null, "enable": false, "timeOutThreshold": 3000}}, "enableMonitor": false, "workspaceCode": "default", "defaultActionValue": {"cn.ruleengine.core.value.Constant": {"value": "不是周俊", "valueType": {"cn.ruleengine.core.value.ValueType": "STRING"}}}}}','3','3.0','{"elementIds": [155], "variableIds": [154], "conditionIds": [131]}','2021-02-01 03:10:23','2021-02-01 03:10:23','0');
INSERT INTO `rule_engine_general_rule_publish` (`id`, `general_rule_id`, `general_rule_code`, `workspace_id`, `workspace_code`, `data`, `status`, `version`, `reference_data`, `create_time`, `update_time`, `deleted`) VALUES ('402','191','zhoujuncode','1','default','{"cn.ruleengine.core.rule.GeneralRule": {"id": 191, "code": "zhoujuncode", "name": "周俊规则", "actionValue": {"cn.ruleengine.core.value.Variable": {"valueType": {"cn.ruleengine.core.value.ValueType": "STRING"}, "variableId": 154}}, "description": "周俊规则", "workspaceId": 1, "conditionSet": {"cn.ruleengine.core.condition.ConditionSet": {"conditionGroups": {"java.util.ArrayList": [{"cn.ruleengine.core.condition.ConditionGroup": {"id": 1954, "name": "条件组", "orderNo": 1, "conditions": {"java.util.ArrayList": [{"cn.ruleengine.core.condition.Condition": {"id": 131, "name": "等于周俊的条件", "orderNo": 1, "operator": {"cn.ruleengine.core.condition.Operator": "EQ"}, "leftValue": {"cn.ruleengine.core.value.Element": {"elementId": 155, "valueType": {"cn.ruleengine.core.value.ValueType": "STRING"}, "elementCode": "name"}}, "rightValue": {"cn.ruleengine.core.value.Constant": {"value": "周俊", "valueType": {"cn.ruleengine.core.value.ValueType": "STRING"}}}}}]}}}]}}}, "precondition": {"cn.ruleengine.core.condition.Precondition": {"precondition": {"java.util.ArrayList": []}}}, "abnormalAlarm": {"cn.ruleengine.core.rule.AbnormalAlarm": {"email": null, "enable": false, "timeOutThreshold": 3000}}, "enableMonitor": false, "workspaceCode": "default", "defaultActionValue": {"cn.ruleengine.core.value.Constant": {"value": "不是周俊", "valueType": {"cn.ruleengine.core.value.ValueType": "STRING"}}}}}','2','4.0','{"elementIds": [155], "variableIds": [154], "conditionIds": [131]}','2021-02-04 06:39:06','2021-02-04 06:39:06','0');
INSERT INTO `rule_engine_general_rule_publish` (`id`, `general_rule_id`, `general_rule_code`, `workspace_id`, `workspace_code`, `data`, `status`, `version`, `reference_data`, `create_time`, `update_time`, `deleted`) VALUES ('408','205','adfasdf','1','default','{"cn.ruleengine.core.rule.GeneralRule": {"id": 205, "code": "adfasdf", "name": "afad", "actionValue": {"cn.ruleengine.core.value.Constant": {"value": {"java.math.BigDecimal": 20}, "valueType": {"cn.ruleengine.core.value.ValueType": "NUMBER"}}}, "description": "adf", "workspaceId": 1, "conditionSet": {"cn.ruleengine.core.condition.ConditionSet": {"conditionGroups": {"java.util.ArrayList": [{"cn.ruleengine.core.condition.ConditionGroup": {"id": 1988, "name": "条件组", "orderNo": 1, "conditions": {"java.util.ArrayList": [{"cn.ruleengine.core.condition.Condition": {"id": 134, "name": "aaa", "orderNo": 1, "operator": {"cn.ruleengine.core.condition.Operator": "GT"}, "leftValue": {"cn.ruleengine.core.value.Variable": {"valueType": {"cn.ruleengine.core.value.ValueType": "NUMBER"}, "variableId": 155}}, "rightValue": {"cn.ruleengine.core.value.Constant": {"value": {"java.math.BigDecimal": 18}, "valueType": {"cn.ruleengine.core.value.ValueType": "NUMBER"}}}}}]}}}]}}}, "precondition": {"cn.ruleengine.core.condition.Precondition": {"precondition": {"java.util.ArrayList": []}}}, "abnormalAlarm": {"cn.ruleengine.core.rule.AbnormalAlarm": {"email": null, "enable": false, "timeOutThreshold": 3000}}, "enableMonitor": false, "workspaceCode": "default", "defaultActionValue": {"cn.ruleengine.core.value.Constant": {"value": {"java.math.BigDecimal": 0}, "valueType": {"cn.ruleengine.core.value.ValueType": "NUMBER"}}}}}','1','1.0','{"elementIds": [], "variableIds": [155], "conditionIds": [134]}','2021-02-04 08:15:37','2021-02-04 08:15:37','0');
INSERT INTO `rule_engine_general_rule_publish` (`id`, `general_rule_id`, `general_rule_code`, `workspace_id`, `workspace_code`, `data`, `status`, `version`, `reference_data`, `create_time`, `update_time`, `deleted`) VALUES ('410','206','NameAndClass','1','default','{"cn.ruleengine.core.rule.GeneralRule": {"id": 206, "code": "NameAndClass", "name": "姓名等于张三并且班级是六年级的", "actionValue": {"cn.ruleengine.core.value.Constant": {"value": true, "valueType": {"cn.ruleengine.core.value.ValueType": "BOOLEAN"}}}, "description": "姓名等于张三并且班级是六年级的", "workspaceId": 1, "conditionSet": {"cn.ruleengine.core.condition.ConditionSet": {"conditionGroups": {"java.util.ArrayList": [{"cn.ruleengine.core.condition.ConditionGroup": {"id": 1993, "name": "条件组", "orderNo": 1, "conditions": {"java.util.ArrayList": [{"cn.ruleengine.core.condition.Condition": {"id": 135, "name": "姓名等于张三的用户", "orderNo": 1, "operator": {"cn.ruleengine.core.condition.Operator": "EQ"}, "leftValue": {"cn.ruleengine.core.value.Element": {"elementId": 155, "valueType": {"cn.ruleengine.core.value.ValueType": "STRING"}, "elementCode": "name"}}, "rightValue": {"cn.ruleengine.core.value.Constant": {"value": "张三", "valueType": {"cn.ruleengine.core.value.ValueType": "STRING"}}}}}, {"cn.ruleengine.core.condition.Condition": {"id": 136, "name": "班级等于六年级", "orderNo": 2, "operator": {"cn.ruleengine.core.condition.Operator": "EQ"}, "leftValue": {"cn.ruleengine.core.value.Element": {"elementId": 118, "valueType": {"cn.ruleengine.core.value.ValueType": "STRING"}, "elementCode": "class"}}, "rightValue": {"cn.ruleengine.core.value.Constant": {"value": "六年级", "valueType": {"cn.ruleengine.core.value.ValueType": "STRING"}}}}}]}}}]}}}, "precondition": {"cn.ruleengine.core.condition.Precondition": {"precondition": {"java.util.ArrayList": []}}}, "abnormalAlarm": {"cn.ruleengine.core.rule.AbnormalAlarm": {"email": null, "enable": false, "timeOutThreshold": 3000}}, "enableMonitor": false, "workspaceCode": "default", "defaultActionValue": {"cn.ruleengine.core.value.Constant": {"value": false, "valueType": {"cn.ruleengine.core.value.ValueType": "BOOLEAN"}}}}}','2','1.0','{"elementIds": [118, 155], "variableIds": [], "conditionIds": [135, 136]}','2021-02-04 08:23:47','2021-02-04 08:23:47','0');
INSERT INTO `rule_engine_general_rule_publish` (`id`, `general_rule_id`, `general_rule_code`, `workspace_id`, `workspace_code`, `data`, `status`, `version`, `reference_data`, `create_time`, `update_time`, `deleted`) VALUES ('411','207','normalRules','1','default','{"cn.ruleengine.core.rule.GeneralRule": {"id": 207, "code": "normalRules", "name": "我是普通规则", "actionValue": {"cn.ruleengine.core.value.Constant": {"value": "有【元素】", "valueType": {"cn.ruleengine.core.value.ValueType": "STRING"}}}, "description": null, "workspaceId": 1, "conditionSet": {"cn.ruleengine.core.condition.ConditionSet": {"conditionGroups": {"java.util.ArrayList": [{"cn.ruleengine.core.condition.ConditionGroup": {"id": null, "name": "条件组", "orderNo": 1, "conditions": {"java.util.ArrayList": [{"cn.ruleengine.core.condition.Condition": {"id": 137, "name": "我是条件", "orderNo": 1, "operator": {"cn.ruleengine.core.condition.Operator": "CONTAIN"}, "leftValue": {"cn.ruleengine.core.value.Element": {"elementId": 161, "valueType": {"cn.ruleengine.core.value.ValueType": "COLLECTION"}, "elementCode": "element"}}, "rightValue": {"cn.ruleengine.core.value.Constant": {"value": "元素", "valueType": {"cn.ruleengine.core.value.ValueType": "STRING"}}}}}]}}}]}}}, "precondition": {"cn.ruleengine.core.condition.Precondition": {"precondition": {"java.util.ArrayList": []}}}, "abnormalAlarm": {"cn.ruleengine.core.rule.AbnormalAlarm": {"email": null, "enable": false, "timeOutThreshold": 3000}}, "enableMonitor": false, "workspaceCode": "default", "defaultActionValue": {"cn.ruleengine.core.value.Constant": {"value": "没有【元素】", "valueType": {"cn.ruleengine.core.value.ValueType": "STRING"}}}}}','1','1.0','{"elementIds": [161], "variableIds": [], "conditionIds": [137]}','2021-02-04 08:25:15','2021-02-04 08:25:15','0');
INSERT INTO `rule_engine_general_rule_publish` (`id`, `general_rule_id`, `general_rule_code`, `workspace_id`, `workspace_code`, `data`, `status`, `version`, `reference_data`, `create_time`, `update_time`, `deleted`) VALUES ('416','208','heightAndAge','1','default','{"cn.ruleengine.core.rule.GeneralRule": {"id": 208, "code": "heightAndAge", "name": "身高判断+年龄大于20", "actionValue": {"cn.ruleengine.core.value.Constant": {"value": "正确", "valueType": {"cn.ruleengine.core.value.ValueType": "STRING"}}}, "description": "身高判断+年龄大于20", "workspaceId": 1, "conditionSet": {"cn.ruleengine.core.condition.ConditionSet": {"conditionGroups": {"java.util.ArrayList": [{"cn.ruleengine.core.condition.ConditionGroup": {"id": 2002, "name": "条件组", "orderNo": 1, "conditions": {"java.util.ArrayList": [{"cn.ruleengine.core.condition.Condition": {"id": 139, "name": "身高判断", "orderNo": 1, "operator": {"cn.ruleengine.core.condition.Operator": "LT"}, "leftValue": {"cn.ruleengine.core.value.Variable": {"valueType": {"cn.ruleengine.core.value.ValueType": "NUMBER"}, "variableId": 159}}, "rightValue": {"cn.ruleengine.core.value.Variable": {"valueType": {"cn.ruleengine.core.value.ValueType": "NUMBER"}, "variableId": 160}}}}, {"cn.ruleengine.core.condition.Condition": {"id": 140, "name": "年龄大于21", "orderNo": 2, "operator": {"cn.ruleengine.core.condition.Operator": "GT"}, "leftValue": {"cn.ruleengine.core.value.Element": {"elementId": 66, "valueType": {"cn.ruleengine.core.value.ValueType": "NUMBER"}, "elementCode": "age"}}, "rightValue": {"cn.ruleengine.core.value.Constant": {"value": {"java.math.BigDecimal": 21}, "valueType": {"cn.ruleengine.core.value.ValueType": "NUMBER"}}}}}]}}}]}}}, "precondition": {"cn.ruleengine.core.condition.Precondition": {"precondition": {"java.util.ArrayList": []}}}, "abnormalAlarm": {"cn.ruleengine.core.rule.AbnormalAlarm": {"email": null, "enable": false, "timeOutThreshold": 3000}}, "workspaceCode": "default", "defaultActionValue": {"cn.ruleengine.core.value.Constant": {"value": true, "valueType": {"cn.ruleengine.core.value.ValueType": "BOOLEAN"}}}}}','1','1.0','{"elementIds": [66], "variableIds": [160, 159], "conditionIds": [139, 140]}','2021-02-04 11:35:10','2021-02-04 11:35:10','0');
INSERT INTO `rule_engine_general_rule_publish` (`id`, `general_rule_id`, `general_rule_code`, `workspace_id`, `workspace_code`, `data`, `status`, `version`, `reference_data`, `create_time`, `update_time`, `deleted`) VALUES ('418','209','classify','1','default','{"cn.ruleengine.core.rule.GeneralRule": {"id": 209, "code": "classify", "name": "课程", "actionValue": {"cn.ruleengine.core.value.Constant": {"value": true, "valueType": {"cn.ruleengine.core.value.ValueType": "BOOLEAN"}}}, "description": null, "workspaceId": 1, "conditionSet": {"cn.ruleengine.core.condition.ConditionSet": {"conditionGroups": {"java.util.ArrayList": [{"cn.ruleengine.core.condition.ConditionGroup": {"id": null, "name": "条件组", "orderNo": 1, "conditions": {"java.util.ArrayList": [{"cn.ruleengine.core.condition.Condition": {"id": 142, "name": "课程选择", "orderNo": 1, "operator": {"cn.ruleengine.core.condition.Operator": "EQ"}, "leftValue": {"cn.ruleengine.core.value.Element": {"elementId": 163, "valueType": {"cn.ruleengine.core.value.ValueType": "COLLECTION"}, "elementCode": "classify"}}, "rightValue": {"cn.ruleengine.core.value.Constant": {"value": {"java.util.Arrays$ArrayList": ["数学", "英语", "语文"]}, "valueType": {"cn.ruleengine.core.value.ValueType": "COLLECTION"}}}}}]}}}]}}}, "precondition": {"cn.ruleengine.core.condition.Precondition": {"precondition": {"java.util.ArrayList": []}}}, "abnormalAlarm": {"cn.ruleengine.core.rule.AbnormalAlarm": {"email": null, "enable": false, "timeOutThreshold": 3000}}, "workspaceCode": "default", "defaultActionValue": {"cn.ruleengine.core.value.Constant": {"value": false, "valueType": {"cn.ruleengine.core.value.ValueType": "BOOLEAN"}}}}}','2','1.0','{"elementIds": [163], "variableIds": [], "conditionIds": [142]}','2021-02-04 11:50:24','2021-02-04 11:50:24','0');
INSERT INTO `rule_engine_general_rule_publish` (`id`, `general_rule_id`, `general_rule_code`, `workspace_id`, `workspace_code`, `data`, `status`, `version`, `reference_data`, `create_time`, `update_time`, `deleted`) VALUES ('428','211','sfsd','1','default','{"cn.ruleengine.core.rule.GeneralRule": {"id": 211, "code": "sfsd", "name": "判断AB", "actionValue": {"cn.ruleengine.core.value.Constant": {"value": true, "valueType": {"cn.ruleengine.core.value.ValueType": "BOOLEAN"}}}, "description": null, "workspaceId": 1, "conditionSet": {"cn.ruleengine.core.condition.ConditionSet": {"conditionGroups": {"java.util.ArrayList": [{"cn.ruleengine.core.condition.ConditionGroup": {"id": 2021, "name": "条件组", "orderNo": 1, "conditions": {"java.util.ArrayList": [{"cn.ruleengine.core.condition.Condition": {"id": 144, "name": "B是否大于20", "orderNo": 2, "operator": {"cn.ruleengine.core.condition.Operator": "GT"}, "leftValue": {"cn.ruleengine.core.value.Variable": {"valueType": {"cn.ruleengine.core.value.ValueType": "NUMBER"}, "variableId": 163}}, "rightValue": {"cn.ruleengine.core.value.Constant": {"value": {"java.math.BigDecimal": 20}, "valueType": {"cn.ruleengine.core.value.ValueType": "NUMBER"}}}}}, {"cn.ruleengine.core.condition.Condition": {"id": 147, "name": "sadasdasd2", "orderNo": 3, "operator": {"cn.ruleengine.core.condition.Operator": "GT"}, "leftValue": {"cn.ruleengine.core.value.Element": {"elementId": 165, "valueType": {"cn.ruleengine.core.value.ValueType": "NUMBER"}, "elementCode": "dfgdfgdg"}}, "rightValue": {"cn.ruleengine.core.value.Constant": {"value": {"java.math.BigDecimal": 10}, "valueType": {"cn.ruleengine.core.value.ValueType": "NUMBER"}}}}}]}}}]}}}, "precondition": {"cn.ruleengine.core.condition.Precondition": {"precondition": {"java.util.ArrayList": []}}}, "abnormalAlarm": {"cn.ruleengine.core.rule.AbnormalAlarm": {"email": null, "enable": false, "timeOutThreshold": 3000}}, "workspaceCode": "default", "defaultActionValue": {"cn.ruleengine.core.value.Constant": {"value": false, "valueType": {"cn.ruleengine.core.value.ValueType": "BOOLEAN"}}}}}','2','1.0','{"elementIds": [165], "variableIds": [163], "conditionIds": [144, 147]}','2021-02-04 15:23:27','2021-02-04 15:23:27','0');
INSERT INTO `rule_engine_general_rule_publish` (`id`, `general_rule_id`, `general_rule_code`, `workspace_id`, `workspace_code`, `data`, `status`, `version`, `reference_data`, `create_time`, `update_time`, `deleted`) VALUES ('429','209','classify','1','default','{"cn.ruleengine.core.rule.GeneralRule": {"id": 209, "code": "classify", "name": "课程", "actionValue": {"cn.ruleengine.core.value.Constant": {"value": true, "valueType": {"cn.ruleengine.core.value.ValueType": "BOOLEAN"}}}, "description": null, "workspaceId": 1, "conditionSet": {"cn.ruleengine.core.condition.ConditionSet": {"conditionGroups": {"java.util.ArrayList": [{"cn.ruleengine.core.condition.ConditionGroup": {"id": 2016, "name": "条件组", "orderNo": 1, "conditions": {"java.util.ArrayList": [{"cn.ruleengine.core.condition.Condition": {"id": 142, "name": "课程选择", "orderNo": 1, "operator": {"cn.ruleengine.core.condition.Operator": "EQ"}, "leftValue": {"cn.ruleengine.core.value.Element": {"elementId": 163, "valueType": {"cn.ruleengine.core.value.ValueType": "COLLECTION"}, "elementCode": "classify"}}, "rightValue": {"cn.ruleengine.core.value.Constant": {"value": {"java.util.Arrays$ArrayList": ["数学", "英语", "语文"]}, "valueType": {"cn.ruleengine.core.value.ValueType": "COLLECTION"}}}}}, {"cn.ruleengine.core.condition.Condition": {"id": 142, "name": "课程选择", "orderNo": 2, "operator": {"cn.ruleengine.core.condition.Operator": "EQ"}, "leftValue": {"cn.ruleengine.core.value.Element": {"elementId": 163, "valueType": {"cn.ruleengine.core.value.ValueType": "COLLECTION"}, "elementCode": "classify"}}, "rightValue": {"cn.ruleengine.core.value.Constant": {"value": {"java.util.Arrays$ArrayList": ["数学", "英语", "语文"]}, "valueType": {"cn.ruleengine.core.value.ValueType": "COLLECTION"}}}}}]}}}]}}}, "precondition": {"cn.ruleengine.core.condition.Precondition": {"precondition": {"java.util.ArrayList": []}}}, "abnormalAlarm": {"cn.ruleengine.core.rule.AbnormalAlarm": {"email": null, "enable": false, "timeOutThreshold": 3000}}, "workspaceCode": "default", "defaultActionValue": {"cn.ruleengine.core.value.Constant": {"value": false, "valueType": {"cn.ruleengine.core.value.ValueType": "BOOLEAN"}}}}}','1','2.0','{"elementIds": [163], "variableIds": [], "conditionIds": [142]}','2021-02-05 06:05:26','2021-02-05 06:05:26','0');
INSERT INTO `rule_engine_general_rule_publish` (`id`, `general_rule_id`, `general_rule_code`, `workspace_id`, `workspace_code`, `data`, `status`, `version`, `reference_data`, `create_time`, `update_time`, `deleted`) VALUES ('430','211','sfsd','1','default','{"cn.ruleengine.core.rule.GeneralRule": {"id": 211, "code": "sfsd", "name": "判断AB", "actionValue": {"cn.ruleengine.core.value.Constant": {"value": true, "valueType": {"cn.ruleengine.core.value.ValueType": "BOOLEAN"}}}, "description": null, "workspaceId": 1, "conditionSet": {"cn.ruleengine.core.condition.ConditionSet": {"conditionGroups": {"java.util.ArrayList": [{"cn.ruleengine.core.condition.ConditionGroup": {"id": 2022, "name": "条件组", "orderNo": 1, "conditions": {"java.util.ArrayList": [{"cn.ruleengine.core.condition.Condition": {"id": 144, "name": "B是否大于20", "orderNo": 2, "operator": {"cn.ruleengine.core.condition.Operator": "GT"}, "leftValue": {"cn.ruleengine.core.value.Variable": {"valueType": {"cn.ruleengine.core.value.ValueType": "NUMBER"}, "variableId": 163}}, "rightValue": {"cn.ruleengine.core.value.Constant": {"value": {"java.math.BigDecimal": 20}, "valueType": {"cn.ruleengine.core.value.ValueType": "NUMBER"}}}}}, {"cn.ruleengine.core.condition.Condition": {"id": 147, "name": "sadasdasd2", "orderNo": 3, "operator": {"cn.ruleengine.core.condition.Operator": "GT"}, "leftValue": {"cn.ruleengine.core.value.Element": {"elementId": 165, "valueType": {"cn.ruleengine.core.value.ValueType": "NUMBER"}, "elementCode": "dfgdfgdg"}}, "rightValue": {"cn.ruleengine.core.value.Constant": {"value": {"java.math.BigDecimal": 10}, "valueType": {"cn.ruleengine.core.value.ValueType": "NUMBER"}}}}}]}}}]}}}, "precondition": {"cn.ruleengine.core.condition.Precondition": {"precondition": {"java.util.ArrayList": []}}}, "abnormalAlarm": {"cn.ruleengine.core.rule.AbnormalAlarm": {"email": null, "enable": false, "timeOutThreshold": 3000}}, "workspaceCode": "default", "defaultActionValue": {"cn.ruleengine.core.value.Constant": {"value": false, "valueType": {"cn.ruleengine.core.value.ValueType": "BOOLEAN"}}}}}','1','2.0','{"elementIds": [165], "variableIds": [163], "conditionIds": [144, 147]}','2021-02-05 07:02:27','2021-02-05 07:02:27','0');
INSERT INTO `rule_engine_general_rule_publish` (`id`, `general_rule_id`, `general_rule_code`, `workspace_id`, `workspace_code`, `data`, `status`, `version`, `reference_data`, `create_time`, `update_time`, `deleted`) VALUES ('431','213','asdfads','1','default','{"cn.ruleengine.core.rule.GeneralRule": {"id": 213, "code": "asdfads", "name": "aodfad", "actionValue": {"cn.ruleengine.core.value.Variable": {"valueType": {"cn.ruleengine.core.value.ValueType": "STRING"}, "variableId": 139}}, "description": null, "workspaceId": 1, "conditionSet": {"cn.ruleengine.core.condition.ConditionSet": {"conditionGroups": {"java.util.ArrayList": []}}}, "precondition": {"cn.ruleengine.core.condition.Precondition": {"precondition": {"java.util.ArrayList": []}}}, "workspaceCode": "default", "defaultActionValue": {"cn.ruleengine.core.value.Variable": {"valueType": {"cn.ruleengine.core.value.ValueType": "STRING"}, "variableId": 139}}}}','1','1.0','{"elementIds": [], "variableIds": [139], "conditionIds": []}','2021-02-06 02:10:06','2021-02-06 02:10:06','0');

INSERT INTO `rule_engine_group_data` (`id`, `group_id`, `data_id`, `data_type`, `create_time`, `update_time`, `deleted`) VALUES ('1','1','1','0','2020-11-21 02:42:01','2020-11-21 02:42:03','0');

INSERT INTO `rule_engine_menu` (`id`, `name`, `description`, `parent_id`, `icon`, `sort`, `menu_path`, `create_time`, `update_time`, `deleted`) VALUES ('9','规则引擎',null,null,null,'0','/','2020-11-21 03:09:56','2020-11-21 03:09:57','0');
INSERT INTO `rule_engine_menu` (`id`, `name`, `description`, `parent_id`, `icon`, `sort`, `menu_path`, `create_time`, `update_time`, `deleted`) VALUES ('10','首页',null,'9','el-icon-s-home','0','/home','2020-11-21 03:17:13','2020-11-21 03:17:13','0');
INSERT INTO `rule_engine_menu` (`id`, `name`, `description`, `parent_id`, `icon`, `sort`, `menu_path`, `create_time`, `update_time`, `deleted`) VALUES ('11','基础组件',null,'9','el-icon-menu','1','/','2020-11-21 03:17:13','2020-11-21 03:17:13','0');
INSERT INTO `rule_engine_menu` (`id`, `name`, `description`, `parent_id`, `icon`, `sort`, `menu_path`, `create_time`, `update_time`, `deleted`) VALUES ('12','元素',null,'11',null,'0','/element','2020-11-21 03:16:24','2020-11-21 03:16:25','0');
INSERT INTO `rule_engine_menu` (`id`, `name`, `description`, `parent_id`, `icon`, `sort`, `menu_path`, `create_time`, `update_time`, `deleted`) VALUES ('13','变量',null,'11',null,'2','/variable','2020-12-28 23:46:45','2020-12-28 23:46:45','0');
INSERT INTO `rule_engine_menu` (`id`, `name`, `description`, `parent_id`, `icon`, `sort`, `menu_path`, `create_time`, `update_time`, `deleted`) VALUES ('14','函数',null,'11',null,'3','/function','2020-12-28 23:46:45','2020-12-28 23:46:45','0');
INSERT INTO `rule_engine_menu` (`id`, `name`, `description`, `parent_id`, `icon`, `sort`, `menu_path`, `create_time`, `update_time`, `deleted`) VALUES ('15','条件',null,'11',null,'4','/condition','2020-12-28 23:46:45','2020-12-28 23:46:45','0');
INSERT INTO `rule_engine_menu` (`id`, `name`, `description`, `parent_id`, `icon`, `sort`, `menu_path`, `create_time`, `update_time`, `deleted`) VALUES ('16','功能',null,'9','el-icon-s-marketing','2','/','2020-11-21 03:17:49','2020-11-21 03:17:50','0');
INSERT INTO `rule_engine_menu` (`id`, `name`, `description`, `parent_id`, `icon`, `sort`, `menu_path`, `create_time`, `update_time`, `deleted`) VALUES ('17','普通规则',null,'16',null,'0','/generalRule','2020-12-29 21:39:59','2020-12-29 21:39:59','0');
INSERT INTO `rule_engine_menu` (`id`, `name`, `description`, `parent_id`, `icon`, `sort`, `menu_path`, `create_time`, `update_time`, `deleted`) VALUES ('18','设置',null,'9','el-icon-s-tools','4','/','2020-12-19 01:30:40','2020-12-19 01:30:40','0');
INSERT INTO `rule_engine_menu` (`id`, `name`, `description`, `parent_id`, `icon`, `sort`, `menu_path`, `create_time`, `update_time`, `deleted`) VALUES ('19','个人设置',null,'18',null,'0','/personalSettings','2020-11-21 03:52:51','2020-11-21 03:52:51','0');
INSERT INTO `rule_engine_menu` (`id`, `name`, `description`, `parent_id`, `icon`, `sort`, `menu_path`, `create_time`, `update_time`, `deleted`) VALUES ('20','系统设置',null,'18','','2','/systemSetting','2020-12-28 21:53:17','2020-12-28 21:53:17','0');
INSERT INTO `rule_engine_menu` (`id`, `name`, `description`, `parent_id`, `icon`, `sort`, `menu_path`, `create_time`, `update_time`, `deleted`) VALUES ('21','决策表',null,'16',null,'2','/decisionTable','2020-12-28 21:55:40','2020-12-28 21:55:40','0');
INSERT INTO `rule_engine_menu` (`id`, `name`, `description`, `parent_id`, `icon`, `sort`, `menu_path`, `create_time`, `update_time`, `deleted`) VALUES ('22','评分卡',null,'16',null,'3','/scoreCard','2021-01-14 09:39:48','2021-01-14 09:39:48','1');
INSERT INTO `rule_engine_menu` (`id`, `name`, `description`, `parent_id`, `icon`, `sort`, `menu_path`, `create_time`, `update_time`, `deleted`) VALUES ('23','权限管理',null,'9','el-icon-s-custom','3','/','2020-12-19 01:30:40','2020-12-19 01:30:40','0');
INSERT INTO `rule_engine_menu` (`id`, `name`, `description`, `parent_id`, `icon`, `sort`, `menu_path`, `create_time`, `update_time`, `deleted`) VALUES ('24','工作空间',null,'23',null,'1','/workspace','2020-12-19 01:31:18','2020-12-19 01:31:20','0');
INSERT INTO `rule_engine_menu` (`id`, `name`, `description`, `parent_id`, `icon`, `sort`, `menu_path`, `create_time`, `update_time`, `deleted`) VALUES ('25','规则集',null,'16',null,'1','/ruleSet','2020-12-28 21:53:08','2020-12-28 21:53:09','0');
INSERT INTO `rule_engine_menu` (`id`, `name`, `description`, `parent_id`, `icon`, `sort`, `menu_path`, `create_time`, `update_time`, `deleted`) VALUES ('26','元素组','一组元素,可以类似一个java pojo','11',null,'1','/elementGroup','2021-01-14 09:39:47','2021-01-14 09:39:47','1');

INSERT INTO `rule_engine_role` (`id`, `name`, `code`, `description`, `parent_id`, `role_path`, `create_time`, `update_time`, `deleted`) VALUES ('1','系统管理员','admin',null,null,'1','2020-09-25 22:18:42','2020-09-25 22:18:42','0');
INSERT INTO `rule_engine_role` (`id`, `name`, `code`, `description`, `parent_id`, `role_path`, `create_time`, `update_time`, `deleted`) VALUES ('2','用户','user','','1','1@2','2020-09-25 22:19:30','2020-09-25 22:19:31','0');

INSERT INTO `rule_engine_role_menu` (`id`, `role_id`, `menu_id`, `create_time`, `update_time`, `deleted`) VALUES ('8','1','9','2020-11-21 03:20:17','2020-11-21 03:20:18','0');
INSERT INTO `rule_engine_role_menu` (`id`, `role_id`, `menu_id`, `create_time`, `update_time`, `deleted`) VALUES ('9','1','10','2020-11-21 03:20:22','2020-11-21 03:20:19','0');
INSERT INTO `rule_engine_role_menu` (`id`, `role_id`, `menu_id`, `create_time`, `update_time`, `deleted`) VALUES ('10','1','11','2020-11-21 03:20:23','2020-11-21 03:20:20','0');
INSERT INTO `rule_engine_role_menu` (`id`, `role_id`, `menu_id`, `create_time`, `update_time`, `deleted`) VALUES ('11','1','12','2020-11-21 03:20:24','2020-11-21 03:20:34','0');
INSERT INTO `rule_engine_role_menu` (`id`, `role_id`, `menu_id`, `create_time`, `update_time`, `deleted`) VALUES ('12','1','13','2020-11-21 03:20:26','2020-11-21 03:20:35','0');
INSERT INTO `rule_engine_role_menu` (`id`, `role_id`, `menu_id`, `create_time`, `update_time`, `deleted`) VALUES ('13','1','14','2020-11-21 03:20:28','2020-11-21 03:20:37','0');
INSERT INTO `rule_engine_role_menu` (`id`, `role_id`, `menu_id`, `create_time`, `update_time`, `deleted`) VALUES ('14','1','15','2020-11-21 03:20:29','2020-11-21 03:20:39','0');
INSERT INTO `rule_engine_role_menu` (`id`, `role_id`, `menu_id`, `create_time`, `update_time`, `deleted`) VALUES ('15','1','16','2020-11-21 03:20:30','2020-11-21 03:20:41','0');
INSERT INTO `rule_engine_role_menu` (`id`, `role_id`, `menu_id`, `create_time`, `update_time`, `deleted`) VALUES ('16','1','17','2020-11-21 03:20:32','2020-11-21 03:20:42','0');
INSERT INTO `rule_engine_role_menu` (`id`, `role_id`, `menu_id`, `create_time`, `update_time`, `deleted`) VALUES ('17','1','18','2020-11-21 03:55:02','2020-11-21 03:55:04','0');
INSERT INTO `rule_engine_role_menu` (`id`, `role_id`, `menu_id`, `create_time`, `update_time`, `deleted`) VALUES ('18','1','19','2020-11-21 03:55:08','2020-11-21 03:55:05','0');
INSERT INTO `rule_engine_role_menu` (`id`, `role_id`, `menu_id`, `create_time`, `update_time`, `deleted`) VALUES ('19','1','20','2020-11-21 03:55:09','2020-11-21 03:55:06','0');
INSERT INTO `rule_engine_role_menu` (`id`, `role_id`, `menu_id`, `create_time`, `update_time`, `deleted`) VALUES ('20','1','21','2020-11-21 03:55:09','2020-11-21 03:55:07','0');
INSERT INTO `rule_engine_role_menu` (`id`, `role_id`, `menu_id`, `create_time`, `update_time`, `deleted`) VALUES ('22','2','9','2020-11-21 20:50:38','2020-11-21 20:50:39','0');
INSERT INTO `rule_engine_role_menu` (`id`, `role_id`, `menu_id`, `create_time`, `update_time`, `deleted`) VALUES ('23','2','10','2020-11-21 20:50:45','2020-11-21 20:50:40','0');
INSERT INTO `rule_engine_role_menu` (`id`, `role_id`, `menu_id`, `create_time`, `update_time`, `deleted`) VALUES ('24','2','11','2020-11-21 20:50:46','2020-11-21 20:50:41','0');
INSERT INTO `rule_engine_role_menu` (`id`, `role_id`, `menu_id`, `create_time`, `update_time`, `deleted`) VALUES ('25','2','12','2020-11-21 20:50:47','2020-11-21 20:50:42','0');
INSERT INTO `rule_engine_role_menu` (`id`, `role_id`, `menu_id`, `create_time`, `update_time`, `deleted`) VALUES ('26','2','13','2020-11-21 20:50:47','2020-11-21 20:50:42','0');
INSERT INTO `rule_engine_role_menu` (`id`, `role_id`, `menu_id`, `create_time`, `update_time`, `deleted`) VALUES ('27','2','14','2020-11-21 20:50:48','2020-11-21 20:50:43','0');
INSERT INTO `rule_engine_role_menu` (`id`, `role_id`, `menu_id`, `create_time`, `update_time`, `deleted`) VALUES ('28','2','15','2020-11-21 20:50:49','2020-11-21 20:50:44','0');
INSERT INTO `rule_engine_role_menu` (`id`, `role_id`, `menu_id`, `create_time`, `update_time`, `deleted`) VALUES ('29','2','16','2020-11-21 20:50:49','2020-11-21 20:50:44','0');
INSERT INTO `rule_engine_role_menu` (`id`, `role_id`, `menu_id`, `create_time`, `update_time`, `deleted`) VALUES ('30','2','17','2020-11-21 20:51:39','2020-11-21 20:51:40','0');
INSERT INTO `rule_engine_role_menu` (`id`, `role_id`, `menu_id`, `create_time`, `update_time`, `deleted`) VALUES ('31','2','18','2020-11-21 20:51:38','2020-11-21 20:51:40','0');
INSERT INTO `rule_engine_role_menu` (`id`, `role_id`, `menu_id`, `create_time`, `update_time`, `deleted`) VALUES ('32','2','19','2020-11-21 20:51:37','2020-11-21 20:51:44','0');
INSERT INTO `rule_engine_role_menu` (`id`, `role_id`, `menu_id`, `create_time`, `update_time`, `deleted`) VALUES ('35','1','23','2020-12-19 01:29:48','2020-12-19 01:29:49','0');
INSERT INTO `rule_engine_role_menu` (`id`, `role_id`, `menu_id`, `create_time`, `update_time`, `deleted`) VALUES ('36','1','24','2020-12-19 01:31:32','2020-12-19 01:31:34','0');
INSERT INTO `rule_engine_role_menu` (`id`, `role_id`, `menu_id`, `create_time`, `update_time`, `deleted`) VALUES ('37','2','23','2020-12-19 01:53:04','2020-12-19 01:53:05','0');
INSERT INTO `rule_engine_role_menu` (`id`, `role_id`, `menu_id`, `create_time`, `update_time`, `deleted`) VALUES ('38','2','24','2020-12-19 01:53:14','2020-12-19 01:53:16','0');
INSERT INTO `rule_engine_role_menu` (`id`, `role_id`, `menu_id`, `create_time`, `update_time`, `deleted`) VALUES ('39','2','21','2020-12-19 15:56:26','2020-12-19 15:56:28','0');
INSERT INTO `rule_engine_role_menu` (`id`, `role_id`, `menu_id`, `create_time`, `update_time`, `deleted`) VALUES ('40','1','25','2020-12-28 21:53:35','2020-12-28 21:53:36','0');
INSERT INTO `rule_engine_role_menu` (`id`, `role_id`, `menu_id`, `create_time`, `update_time`, `deleted`) VALUES ('41','2','25','2020-12-28 21:53:37','2020-12-28 21:53:37','0');

INSERT INTO `rule_engine_rule` (`id`, `name`, `code`, `description`, `create_user_id`, `create_user_name`, `action_value`, `action_type`, `action_value_type`, `create_time`, `update_time`, `deleted`) VALUES ('121','篮球苗子','bs','是否为篮球苗子测试','1','dqw','是一个篮球苗子，需要培养','2','STRING','2020-12-29 03:07:07','2020-12-29 03:07:07','0');
INSERT INTO `rule_engine_rule` (`id`, `name`, `code`, `description`, `create_user_id`, `create_user_name`, `action_value`, `action_type`, `action_value_type`, `create_time`, `update_time`, `deleted`) VALUES ('122','手机号规则测试','phoneRuletest',null,'1','dqw','true','2','BOOLEAN','2020-12-29 03:12:44','2020-12-29 03:12:44','0');
INSERT INTO `rule_engine_rule` (`id`, `name`, `code`, `description`, `create_user_id`, `create_user_name`, `action_value`, `action_type`, `action_value_type`, `create_time`, `update_time`, `deleted`) VALUES ('150','事件判断','event',null,'2','lq','有人打架','2','STRING','2021-01-13 09:26:13','2021-01-13 09:26:13','0');
INSERT INTO `rule_engine_rule` (`id`, `name`, `code`, `description`, `create_user_id`, `create_user_name`, `action_value`, `action_type`, `action_value_type`, `create_time`, `update_time`, `deleted`) VALUES ('157','手机号码不为空且是136开头的','TELNOTNAULLANDBEG134',null,'2','lq','true','2','BOOLEAN','2021-01-15 01:08:29','2021-01-15 01:08:29','0');
INSERT INTO `rule_engine_rule` (`id`, `name`, `code`, `description`, `create_user_id`, `create_user_name`, `action_value`, `action_type`, `action_value_type`, `create_time`, `update_time`, `deleted`) VALUES ('167','规则',null,null,null,null,null,null,null,'2021-01-16 17:07:08','2021-01-16 17:07:08','0');
INSERT INTO `rule_engine_rule` (`id`, `name`, `code`, `description`, `create_user_id`, `create_user_name`, `action_value`, `action_type`, `action_value_type`, `create_time`, `update_time`, `deleted`) VALUES ('168',null,null,null,null,null,null,null,null,'2021-01-16 17:07:08','2021-01-16 17:07:08','0');
INSERT INTO `rule_engine_rule` (`id`, `name`, `code`, `description`, `create_user_id`, `create_user_name`, `action_value`, `action_type`, `action_value_type`, `create_time`, `update_time`, `deleted`) VALUES ('169','规则',null,null,null,null,null,null,null,'2021-01-16 17:08:58','2021-01-16 17:08:58','0');
INSERT INTO `rule_engine_rule` (`id`, `name`, `code`, `description`, `create_user_id`, `create_user_name`, `action_value`, `action_type`, `action_value_type`, `create_time`, `update_time`, `deleted`) VALUES ('170',null,null,null,null,null,null,null,null,'2021-01-16 17:08:58','2021-01-16 17:08:58','0');
INSERT INTO `rule_engine_rule` (`id`, `name`, `code`, `description`, `create_user_id`, `create_user_name`, `action_value`, `action_type`, `action_value_type`, `create_time`, `update_time`, `deleted`) VALUES ('171','规则',null,null,null,null,null,null,null,'2021-01-16 17:11:18','2021-01-16 17:11:18','0');
INSERT INTO `rule_engine_rule` (`id`, `name`, `code`, `description`, `create_user_id`, `create_user_name`, `action_value`, `action_type`, `action_value_type`, `create_time`, `update_time`, `deleted`) VALUES ('172',null,null,null,null,null,null,null,null,'2021-01-16 17:11:34','2021-01-16 17:11:34','0');
INSERT INTO `rule_engine_rule` (`id`, `name`, `code`, `description`, `create_user_id`, `create_user_name`, `action_value`, `action_type`, `action_value_type`, `create_time`, `update_time`, `deleted`) VALUES ('215',null,null,null,null,null,null,null,null,'2021-01-17 03:59:47','2021-01-17 03:59:47','0');
INSERT INTO `rule_engine_rule` (`id`, `name`, `code`, `description`, `create_user_id`, `create_user_name`, `action_value`, `action_type`, `action_value_type`, `create_time`, `update_time`, `deleted`) VALUES ('216',null,null,null,null,null,null,null,null,'2021-01-17 04:10:15','2021-01-17 04:10:15','0');
INSERT INTO `rule_engine_rule` (`id`, `name`, `code`, `description`, `create_user_id`, `create_user_name`, `action_value`, `action_type`, `action_value_type`, `create_time`, `update_time`, `deleted`) VALUES ('326',null,null,null,null,null,null,null,null,'2021-01-18 08:41:29','2021-01-18 08:41:29','0');
INSERT INTO `rule_engine_rule` (`id`, `name`, `code`, `description`, `create_user_id`, `create_user_name`, `action_value`, `action_type`, `action_value_type`, `create_time`, `update_time`, `deleted`) VALUES ('331',null,null,null,null,null,'[                 {                     "eventsType": "人员洗消",                     "eventsDesc": "出现猪",                     "eventsId": "1323209322386669570",                     "cameraNo": "E98029588",                     "timesFlag": "1547534341275"                 }             ]','2','STRING','2021-01-18 09:45:21','2021-01-18 09:45:21','0');
INSERT INTO `rule_engine_rule` (`id`, `name`, `code`, `description`, `create_user_id`, `create_user_name`, `action_value`, `action_type`, `action_value_type`, `create_time`, `update_time`, `deleted`) VALUES ('332',null,null,null,null,null,'[                 {                     "eventsType": "人员洗消",                     "eventsDesc": "出现猪",                     "eventsId": "1323209322386669570",                     "cameraNo": "E98029588",                     "timesFlag": "1547534341275"                 }             ]','2','STRING','2021-01-18 09:45:42','2021-01-18 09:45:42','0');
INSERT INTO `rule_engine_rule` (`id`, `name`, `code`, `description`, `create_user_id`, `create_user_name`, `action_value`, `action_type`, `action_value_type`, `create_time`, `update_time`, `deleted`) VALUES ('333',null,null,null,null,null,'[                 {                     "eventsType": "人员洗消",                     "eventsDesc": "出现猪",                     "eventsId": "1323209322386669570",                     "cameraNo": "E98029588",                     "timesFlag": "1547534341275"                 }             ]','2','COLLECTION','2021-01-18 09:47:37','2021-01-18 09:47:37','0');
INSERT INTO `rule_engine_rule` (`id`, `name`, `code`, `description`, `create_user_id`, `create_user_name`, `action_value`, `action_type`, `action_value_type`, `create_time`, `update_time`, `deleted`) VALUES ('334',null,null,null,null,null,null,null,null,'2021-01-18 10:33:25','2021-01-18 10:33:25','0');
INSERT INTO `rule_engine_rule` (`id`, `name`, `code`, `description`, `create_user_id`, `create_user_name`, `action_value`, `action_type`, `action_value_type`, `create_time`, `update_time`, `deleted`) VALUES ('335',null,null,null,null,null,'[                 {                     "eventsType": "人员洗消",                     "eventsDesc": "出现猪",                     "eventsId": "1323209322386669570",                     "cameraNo": "E98029588",                     "timesFlag": "1547534341275"                 }             ]','2','COLLECTION','2021-01-18 11:34:06','2021-01-18 11:34:06','0');
INSERT INTO `rule_engine_rule` (`id`, `name`, `code`, `description`, `create_user_id`, `create_user_name`, `action_value`, `action_type`, `action_value_type`, `create_time`, `update_time`, `deleted`) VALUES ('336',null,null,null,null,null,'[                 {                     "eventsType": "人员洗消",                     "eventsDesc": "出现猪",                     "eventsId": "1323209322386669570",                     "cameraNo": "E98029588",                     "timesFlag": "1547534341275"                 }             ]','2','COLLECTION','2021-01-18 11:34:22','2021-01-18 11:34:22','0');
INSERT INTO `rule_engine_rule` (`id`, `name`, `code`, `description`, `create_user_id`, `create_user_name`, `action_value`, `action_type`, `action_value_type`, `create_time`, `update_time`, `deleted`) VALUES ('337',null,null,null,null,null,'[                 {                     "eventsType": "人员洗消",                     "eventsDesc": "出现猪",                     "eventsId": "1323209322386669570",                     "cameraNo": "E98029588",                     "timesFlag": "1547534341275"                 }             ]','2','COLLECTION','2021-01-18 11:34:25','2021-01-18 11:34:25','0');
INSERT INTO `rule_engine_rule` (`id`, `name`, `code`, `description`, `create_user_id`, `create_user_name`, `action_value`, `action_type`, `action_value_type`, `create_time`, `update_time`, `deleted`) VALUES ('340',null,null,null,null,null,'[                 {                     "eventsType": "人员洗消",                     "eventsDesc": "出现猪",                     "eventsId": "1323209322386669570",                     "cameraNo": "E98029588",                     "timesFlag": "1547534341275"                 }             ]','2','COLLECTION','2021-01-18 12:45:56','2021-01-18 12:45:56','0');
INSERT INTO `rule_engine_rule` (`id`, `name`, `code`, `description`, `create_user_id`, `create_user_name`, `action_value`, `action_type`, `action_value_type`, `create_time`, `update_time`, `deleted`) VALUES ('341',null,null,null,null,null,'[                 {                     "eventsType": "人员洗消",                     "eventsDesc": "出现猪",                     "eventsId": "1323209322386669570",                     "cameraNo": "E98029588",                     "timesFlag": "1547534341275"                 }             ]','2','COLLECTION','2021-01-18 12:46:04','2021-01-18 12:46:04','0');
INSERT INTO `rule_engine_rule` (`id`, `name`, `code`, `description`, `create_user_id`, `create_user_name`, `action_value`, `action_type`, `action_value_type`, `create_time`, `update_time`, `deleted`) VALUES ('346','关键事件','events_impo',null,'2','lq','144','1','COLLECTION','2021-01-19 01:19:59','2021-01-19 01:19:59','0');
INSERT INTO `rule_engine_rule` (`id`, `name`, `code`, `description`, `create_user_id`, `create_user_name`, `action_value`, `action_type`, `action_value_type`, `create_time`, `update_time`, `deleted`) VALUES ('349',null,null,null,null,null,'139','1','STRING','2021-01-19 02:36:22','2021-01-19 02:36:22','0');
INSERT INTO `rule_engine_rule` (`id`, `name`, `code`, `description`, `create_user_id`, `create_user_name`, `action_value`, `action_type`, `action_value_type`, `create_time`, `update_time`, `deleted`) VALUES ('447',null,null,null,null,null,'142','0','NUMBER','2021-01-19 07:55:50','2021-01-19 07:55:50','0');
INSERT INTO `rule_engine_rule` (`id`, `name`, `code`, `description`, `create_user_id`, `create_user_name`, `action_value`, `action_type`, `action_value_type`, `create_time`, `update_time`, `deleted`) VALUES ('523',null,null,null,null,null,null,'1',null,'2021-01-21 09:47:17','2021-01-21 09:47:17','0');
INSERT INTO `rule_engine_rule` (`id`, `name`, `code`, `description`, `create_user_id`, `create_user_name`, `action_value`, `action_type`, `action_value_type`, `create_time`, `update_time`, `deleted`) VALUES ('533',null,null,null,null,null,'152','0','STRING','2021-01-23 12:07:35','2021-01-23 12:07:35','0');
INSERT INTO `rule_engine_rule` (`id`, `name`, `code`, `description`, `create_user_id`, `create_user_name`, `action_value`, `action_type`, `action_value_type`, `create_time`, `update_time`, `deleted`) VALUES ('537',null,null,null,null,null,'151','1','STRING','2021-01-23 12:33:24','2021-01-23 12:33:24','0');
INSERT INTO `rule_engine_rule` (`id`, `name`, `code`, `description`, `create_user_id`, `create_user_name`, `action_value`, `action_type`, `action_value_type`, `create_time`, `update_time`, `deleted`) VALUES ('538',null,null,null,null,null,'sdf','2','STRING','2021-01-23 12:33:38','2021-01-23 12:33:38','0');
INSERT INTO `rule_engine_rule` (`id`, `name`, `code`, `description`, `create_user_id`, `create_user_name`, `action_value`, `action_type`, `action_value_type`, `create_time`, `update_time`, `deleted`) VALUES ('543',null,null,null,null,null,'142','0','NUMBER','2021-01-23 13:12:49','2021-01-23 13:12:49','0');
INSERT INTO `rule_engine_rule` (`id`, `name`, `code`, `description`, `create_user_id`, `create_user_name`, `action_value`, `action_type`, `action_value_type`, `create_time`, `update_time`, `deleted`) VALUES ('544',null,null,null,null,null,'142','0','NUMBER','2021-01-23 13:13:04','2021-01-23 13:13:04','0');
INSERT INTO `rule_engine_rule` (`id`, `name`, `code`, `description`, `create_user_id`, `create_user_name`, `action_value`, `action_type`, `action_value_type`, `create_time`, `update_time`, `deleted`) VALUES ('545',null,null,null,null,null,'142','0','NUMBER','2021-01-23 13:13:14','2021-01-23 13:13:14','0');
INSERT INTO `rule_engine_rule` (`id`, `name`, `code`, `description`, `create_user_id`, `create_user_name`, `action_value`, `action_type`, `action_value_type`, `create_time`, `update_time`, `deleted`) VALUES ('546',null,null,null,null,null,'142','0','NUMBER','2021-01-23 13:13:21','2021-01-23 13:13:21','0');
INSERT INTO `rule_engine_rule` (`id`, `name`, `code`, `description`, `create_user_id`, `create_user_name`, `action_value`, `action_type`, `action_value_type`, `create_time`, `update_time`, `deleted`) VALUES ('547',null,null,null,null,null,'142','0','NUMBER','2021-01-23 13:26:26','2021-01-23 13:26:26','0');
INSERT INTO `rule_engine_rule` (`id`, `name`, `code`, `description`, `create_user_id`, `create_user_name`, `action_value`, `action_type`, `action_value_type`, `create_time`, `update_time`, `deleted`) VALUES ('562','周俊规则','zhoujuncode','周俊规则','2','lq','154','1','STRING','2021-01-27 08:45:55','2021-01-27 08:45:55','0');
INSERT INTO `rule_engine_rule` (`id`, `name`, `code`, `description`, `create_user_id`, `create_user_name`, `action_value`, `action_type`, `action_value_type`, `create_time`, `update_time`, `deleted`) VALUES ('592','规则',null,null,null,null,'true','2','BOOLEAN','2021-02-01 04:52:56','2021-02-01 04:52:56','0');
INSERT INTO `rule_engine_rule` (`id`, `name`, `code`, `description`, `create_user_id`, `create_user_name`, `action_value`, `action_type`, `action_value_type`, `create_time`, `update_time`, `deleted`) VALUES ('593','规则',null,null,null,null,'true','2','BOOLEAN','2021-02-01 04:52:56','2021-02-01 04:52:56','0');
INSERT INTO `rule_engine_rule` (`id`, `name`, `code`, `description`, `create_user_id`, `create_user_name`, `action_value`, `action_type`, `action_value_type`, `create_time`, `update_time`, `deleted`) VALUES ('594',null,null,null,null,null,'60','0','STRING','2021-02-01 04:52:56','2021-02-01 04:52:56','0');
INSERT INTO `rule_engine_rule` (`id`, `name`, `code`, `description`, `create_user_id`, `create_user_name`, `action_value`, `action_type`, `action_value_type`, `create_time`, `update_time`, `deleted`) VALUES ('595','规则',null,null,null,null,'155','1','NUMBER','2021-02-01 04:53:03','2021-02-01 04:53:03','0');
INSERT INTO `rule_engine_rule` (`id`, `name`, `code`, `description`, `create_user_id`, `create_user_name`, `action_value`, `action_type`, `action_value_type`, `create_time`, `update_time`, `deleted`) VALUES ('596',null,null,null,null,null,'66','0','NUMBER','2021-02-01 04:53:03','2021-02-01 04:53:03','0');
INSERT INTO `rule_engine_rule` (`id`, `name`, `code`, `description`, `create_user_id`, `create_user_name`, `action_value`, `action_type`, `action_value_type`, `create_time`, `update_time`, `deleted`) VALUES ('597','规则',null,null,null,null,'142','1','NUMBER','2021-02-01 04:53:09','2021-02-01 04:53:09','0');
INSERT INTO `rule_engine_rule` (`id`, `name`, `code`, `description`, `create_user_id`, `create_user_name`, `action_value`, `action_type`, `action_value_type`, `create_time`, `update_time`, `deleted`) VALUES ('598',null,null,null,null,null,null,null,null,'2021-02-01 04:53:09','2021-02-01 04:53:09','0');
INSERT INTO `rule_engine_rule` (`id`, `name`, `code`, `description`, `create_user_id`, `create_user_name`, `action_value`, `action_type`, `action_value_type`, `create_time`, `update_time`, `deleted`) VALUES ('609',null,null,null,null,null,'true','2','BOOLEAN','2021-02-04 07:40:33','2021-02-04 07:40:33','0');
INSERT INTO `rule_engine_rule` (`id`, `name`, `code`, `description`, `create_user_id`, `create_user_name`, `action_value`, `action_type`, `action_value_type`, `create_time`, `update_time`, `deleted`) VALUES ('610','afad','adfasdf','adf','2','lq','20','2','NUMBER','2021-02-04 07:46:01','2021-02-04 07:46:01','0');
INSERT INTO `rule_engine_rule` (`id`, `name`, `code`, `description`, `create_user_id`, `create_user_name`, `action_value`, `action_type`, `action_value_type`, `create_time`, `update_time`, `deleted`) VALUES ('611',null,null,null,null,null,'116','0','NUMBER','2021-02-04 08:16:52','2021-02-04 08:16:52','0');
INSERT INTO `rule_engine_rule` (`id`, `name`, `code`, `description`, `create_user_id`, `create_user_name`, `action_value`, `action_type`, `action_value_type`, `create_time`, `update_time`, `deleted`) VALUES ('612',null,null,null,null,null,'13','2','NUMBER','2021-02-04 08:17:37','2021-02-04 08:17:37','0');
INSERT INTO `rule_engine_rule` (`id`, `name`, `code`, `description`, `create_user_id`, `create_user_name`, `action_value`, `action_type`, `action_value_type`, `create_time`, `update_time`, `deleted`) VALUES ('619','姓名等于张三并且班级是六年级的','NameAndClass','姓名等于张三并且班级是六年级的','2','lq','true','2','BOOLEAN','2021-02-04 08:20:39','2021-02-04 08:20:39','0');
INSERT INTO `rule_engine_rule` (`id`, `name`, `code`, `description`, `create_user_id`, `create_user_name`, `action_value`, `action_type`, `action_value_type`, `create_time`, `update_time`, `deleted`) VALUES ('620','我是普通规则','normalRules',null,'2','lq','有【元素】','2','STRING','2021-02-04 08:24:19','2021-02-04 08:24:19','0');
INSERT INTO `rule_engine_rule` (`id`, `name`, `code`, `description`, `create_user_id`, `create_user_name`, `action_value`, `action_type`, `action_value_type`, `create_time`, `update_time`, `deleted`) VALUES ('621','身高判断+年龄大于20','heightAndAge','身高判断+年龄大于20','2','lq','正确','2','STRING','2021-02-04 08:33:34','2021-02-04 08:33:34','0');
INSERT INTO `rule_engine_rule` (`id`, `name`, `code`, `description`, `create_user_id`, `create_user_name`, `action_value`, `action_type`, `action_value_type`, `create_time`, `update_time`, `deleted`) VALUES ('626','规则',null,null,null,null,'true','2','BOOLEAN','2021-02-04 10:53:33','2021-02-04 10:53:33','0');
INSERT INTO `rule_engine_rule` (`id`, `name`, `code`, `description`, `create_user_id`, `create_user_name`, `action_value`, `action_type`, `action_value_type`, `create_time`, `update_time`, `deleted`) VALUES ('627',null,null,null,null,null,'false','2','BOOLEAN','2021-02-04 10:53:33','2021-02-04 10:53:33','0');
INSERT INTO `rule_engine_rule` (`id`, `name`, `code`, `description`, `create_user_id`, `create_user_name`, `action_value`, `action_type`, `action_value_type`, `create_time`, `update_time`, `deleted`) VALUES ('628','课程','classify',null,'2','lq','true','2','BOOLEAN','2021-02-04 11:49:28','2021-02-04 11:49:28','0');
INSERT INTO `rule_engine_rule` (`id`, `name`, `code`, `description`, `create_user_id`, `create_user_name`, `action_value`, `action_type`, `action_value_type`, `create_time`, `update_time`, `deleted`) VALUES ('630','判断AB','sfsd',null,'2','lq','true','2','BOOLEAN','2021-02-04 12:02:05','2021-02-04 12:02:05','0');
INSERT INTO `rule_engine_rule` (`id`, `name`, `code`, `description`, `create_user_id`, `create_user_name`, `action_value`, `action_type`, `action_value_type`, `create_time`, `update_time`, `deleted`) VALUES ('631',null,null,null,null,null,null,null,null,'2021-02-04 12:32:44','2021-02-04 12:32:44','0');
INSERT INTO `rule_engine_rule` (`id`, `name`, `code`, `description`, `create_user_id`, `create_user_name`, `action_value`, `action_type`, `action_value_type`, `create_time`, `update_time`, `deleted`) VALUES ('632',null,null,null,null,null,null,null,null,'2021-02-04 12:32:47','2021-02-04 12:32:47','0');
INSERT INTO `rule_engine_rule` (`id`, `name`, `code`, `description`, `create_user_id`, `create_user_name`, `action_value`, `action_type`, `action_value_type`, `create_time`, `update_time`, `deleted`) VALUES ('633','规则',null,null,null,null,'true','2','BOOLEAN','2021-02-04 12:44:44','2021-02-04 12:44:44','0');
INSERT INTO `rule_engine_rule` (`id`, `name`, `code`, `description`, `create_user_id`, `create_user_name`, `action_value`, `action_type`, `action_value_type`, `create_time`, `update_time`, `deleted`) VALUES ('634','规则',null,null,null,null,'123','2','STRING','2021-02-04 12:44:44','2021-02-04 12:44:44','0');
INSERT INTO `rule_engine_rule` (`id`, `name`, `code`, `description`, `create_user_id`, `create_user_name`, `action_value`, `action_type`, `action_value_type`, `create_time`, `update_time`, `deleted`) VALUES ('635',null,null,null,null,null,'false','2','BOOLEAN','2021-02-04 12:44:44','2021-02-04 12:44:44','0');
INSERT INTO `rule_engine_rule` (`id`, `name`, `code`, `description`, `create_user_id`, `create_user_name`, `action_value`, `action_type`, `action_value_type`, `create_time`, `update_time`, `deleted`) VALUES ('639',null,null,null,null,null,'123','2','NUMBER','2021-02-05 12:59:18','2021-02-05 12:59:18','0');
INSERT INTO `rule_engine_rule` (`id`, `name`, `code`, `description`, `create_user_id`, `create_user_name`, `action_value`, `action_type`, `action_value_type`, `create_time`, `update_time`, `deleted`) VALUES ('640',null,null,null,null,null,'1231','2','NUMBER','2021-02-05 14:20:23','2021-02-05 14:20:23','0');
INSERT INTO `rule_engine_rule` (`id`, `name`, `code`, `description`, `create_user_id`, `create_user_name`, `action_value`, `action_type`, `action_value_type`, `create_time`, `update_time`, `deleted`) VALUES ('641','规则222',null,null,null,null,'112','1','BOOLEAN','2021-02-05 17:35:23','2021-02-05 17:35:23','0');
INSERT INTO `rule_engine_rule` (`id`, `name`, `code`, `description`, `create_user_id`, `create_user_name`, `action_value`, `action_type`, `action_value_type`, `create_time`, `update_time`, `deleted`) VALUES ('642','规则22',null,null,null,null,'123','2','STRING','2021-02-05 17:35:23','2021-02-05 17:35:23','0');
INSERT INTO `rule_engine_rule` (`id`, `name`, `code`, `description`, `create_user_id`, `create_user_name`, `action_value`, `action_type`, `action_value_type`, `create_time`, `update_time`, `deleted`) VALUES ('643',null,null,null,null,null,'true','2','BOOLEAN','2021-02-05 17:35:23','2021-02-05 17:35:23','0');
INSERT INTO `rule_engine_rule` (`id`, `name`, `code`, `description`, `create_user_id`, `create_user_name`, `action_value`, `action_type`, `action_value_type`, `create_time`, `update_time`, `deleted`) VALUES ('645','aodfad','asdfads',null,'2','lq','139','1','STRING','2021-02-06 02:09:35','2021-02-06 02:09:35','0');

INSERT INTO `rule_engine_rule_set` (`id`, `name`, `code`, `description`, `workspace_id`, `workspace_code`, `status`, `current_version`, `publish_version`, `strategy_type`, `create_user_id`, `create_user_name`, `enable_default_rule`, `default_rule_id`, `reference_data`, `create_time`, `update_time`, `deleted`) VALUES ('154','刚开发完毕（欢迎测试）','test',null,'1','default','1','2.0','1.0','1','1','dqw','0','643','{"elementIds": [136, 137], "variableIds": [112, 35], "conditionIds": [119, 121, 57, 47]}','2021-01-16 15:55:14','2021-02-05 17:35:23','0');
INSERT INTO `rule_engine_rule_set` (`id`, `name`, `code`, `description`, `workspace_id`, `workspace_code`, `status`, `current_version`, `publish_version`, `strategy_type`, `create_user_id`, `create_user_name`, `enable_default_rule`, `default_rule_id`, `reference_data`, `create_time`, `update_time`, `deleted`) VALUES ('160','两个阻车器联动规则','linked2StopperRule','两个阻车器的联动规则','1','default','2','1.0','1.0','1','2','lq',null,'598','{"elementIds": [138], "variableIds": [135, 142], "conditionIds": [122]}','2021-01-18 08:58:37','2021-02-01 04:53:09','0');
INSERT INTO `rule_engine_rule_set` (`id`, `name`, `code`, `description`, `workspace_id`, `workspace_code`, `status`, `current_version`, `publish_version`, `strategy_type`, `create_user_id`, `create_user_name`, `enable_default_rule`, `default_rule_id`, `reference_data`, `create_time`, `update_time`, `deleted`) VALUES ('164','测试规则集','TEST001',null,'1','default','1','2.0','1.0','1','2','lq','0','594','{"elementIds": [136, 60, 142], "variableIds": [], "conditionIds": [119, 125, 47]}','2021-01-19 08:02:01','2021-02-01 04:52:56','0');
INSERT INTO `rule_engine_rule_set` (`id`, `name`, `code`, `description`, `workspace_id`, `workspace_code`, `status`, `current_version`, `publish_version`, `strategy_type`, `create_user_id`, `create_user_name`, `enable_default_rule`, `default_rule_id`, `reference_data`, `create_time`, `update_time`, `deleted`) VALUES ('170','测试年龄','age',null,'1','default','0','1.0','1.0','2','2','lq','0','596','{"elementIds": [66], "variableIds": [155], "conditionIds": [65]}','2021-01-28 02:46:24','2021-02-05 07:02:44','0');
INSERT INTO `rule_engine_rule_set` (`id`, `name`, `code`, `description`, `workspace_id`, `workspace_code`, `status`, `current_version`, `publish_version`, `strategy_type`, `create_user_id`, `create_user_name`, `enable_default_rule`, `default_rule_id`, `reference_data`, `create_time`, `update_time`, `deleted`) VALUES ('175','多个规则测试','aaa','1','1','default','2','2.0','2.0','1','2','lq','0','635','{"elementIds": [66, 115], "variableIds": [], "conditionIds": [100, 140]}','2021-02-04 07:40:02','2021-02-04 12:44:44','0');
INSERT INTO `rule_engine_rule_set` (`id`, `name`, `code`, `description`, `workspace_id`, `workspace_code`, `status`, `current_version`, `publish_version`, `strategy_type`, `create_user_id`, `create_user_name`, `enable_default_rule`, `default_rule_id`, `reference_data`, `create_time`, `update_time`, `deleted`) VALUES ('176','illa-test','dgdf86867768678','8678678','1','default','1','1.0',null,'1','2','lq','0','627','{"elementIds": [66], "variableIds": [], "conditionIds": [99]}','2021-02-04 08:16:41','2021-02-04 10:53:33','0');
INSERT INTO `rule_engine_rule_set` (`id`, `name`, `code`, `description`, `workspace_id`, `workspace_code`, `status`, `current_version`, `publish_version`, `strategy_type`, `create_user_id`, `create_user_name`, `enable_default_rule`, `default_rule_id`, `reference_data`, `create_time`, `update_time`, `deleted`) VALUES ('177','课程','class',null,'1','default','1','3.0','2.0','1','2','lq','0','640','{"elementIds": [], "variableIds": [], "conditionIds": []}','2021-02-04 11:52:53','2021-02-05 14:20:23','0');

INSERT INTO `rule_engine_rule_set_publish` (`id`, `rule_set_id`, `rule_set_code`, `workspace_id`, `workspace_code`, `data`, `status`, `version`, `reference_data`, `create_time`, `update_time`, `deleted`) VALUES ('24','154','test','1','default','{"cn.ruleengine.core.rule.RuleSet": {"id": 154, "code": "test", "name": "刚开发完毕（欢迎测试）", "rules": {"java.util.ArrayList": [{"cn.ruleengine.core.rule.Rule": {"id": 317, "code": null, "name": "规则222", "actionValue": {"cn.ruleengine.core.value.Variable": {"valueType": {"cn.ruleengine.core.value.ValueType": "BOOLEAN"}, "variableId": 112}}, "description": null, "conditionSet": {"cn.ruleengine.core.condition.ConditionSet": {"conditionGroups": {"java.util.ArrayList": [{"cn.ruleengine.core.condition.ConditionGroup": {"id": 1631, "name": "条件组", "orderNo": 1, "conditions": {"java.util.ArrayList": [{"cn.ruleengine.core.condition.Condition": {"id": 47, "name": "true", "orderNo": 1, "operator": {"cn.ruleengine.core.condition.Operator": "EQ"}, "leftValue": {"cn.ruleengine.core.value.Constant": {"value": true, "valueType": {"cn.ruleengine.core.value.ValueType": "BOOLEAN"}}}, "rightValue": {"cn.ruleengine.core.value.Constant": {"value": true, "valueType": {"cn.ruleengine.core.value.ValueType": "BOOLEAN"}}}}}, {"cn.ruleengine.core.condition.Condition": {"id": 121, "name": "测试ws2", "orderNo": 2, "operator": {"cn.ruleengine.core.condition.Operator": "EQ"}, "leftValue": {"cn.ruleengine.core.value.Element": {"elementId": 137, "valueType": {"cn.ruleengine.core.value.ValueType": "NUMBER"}, "elementCode": "admin"}}, "rightValue": {"cn.ruleengine.core.value.Constant": {"value": {"java.math.BigDecimal": 8}, "valueType": {"cn.ruleengine.core.value.ValueType": "NUMBER"}}}}}]}}}, {"cn.ruleengine.core.condition.ConditionGroup": {"id": 1632, "name": "条件组3", "orderNo": 2, "conditions": {"java.util.ArrayList": [{"cn.ruleengine.core.condition.Condition": {"id": 119, "name": "消费金额测试", "orderNo": 1, "operator": {"cn.ruleengine.core.condition.Operator": "GE"}, "leftValue": {"cn.ruleengine.core.value.Element": {"elementId": 136, "valueType": {"cn.ruleengine.core.value.ValueType": "NUMBER"}, "elementCode": "xiaofeijine2"}}, "rightValue": {"cn.ruleengine.core.value.Constant": {"value": {"java.math.BigDecimal": 2000}, "valueType": {"cn.ruleengine.core.value.ValueType": "NUMBER"}}}}}]}}}]}}}}}, {"cn.ruleengine.core.rule.Rule": {"id": 318, "code": null, "name": "规则22", "actionValue": {"cn.ruleengine.core.value.Constant": {"value": "123", "valueType": {"cn.ruleengine.core.value.ValueType": "STRING"}}}, "description": null, "conditionSet": {"cn.ruleengine.core.condition.ConditionSet": {"conditionGroups": {"java.util.ArrayList": [{"cn.ruleengine.core.condition.ConditionGroup": {"id": 1633, "name": "条件组", "orderNo": 1, "conditions": {"java.util.ArrayList": [{"cn.ruleengine.core.condition.Condition": {"id": 57, "name": "审批人测试", "orderNo": 1, "operator": {"cn.ruleengine.core.condition.Operator": "CONTAIN"}, "leftValue": {"cn.ruleengine.core.value.Variable": {"valueType": {"cn.ruleengine.core.value.ValueType": "COLLECTION"}, "variableId": 35}}, "rightValue": {"cn.ruleengine.core.value.Constant": {"value": {"java.math.BigDecimal": 123}, "valueType": {"cn.ruleengine.core.value.ValueType": "NUMBER"}}}}}]}}}]}}}}}]}, "defaultRule": {"cn.ruleengine.core.rule.Rule": {"id": 319, "code": null, "name": null, "actionValue": {"cn.ruleengine.core.value.Constant": {"value": true, "valueType": {"cn.ruleengine.core.value.ValueType": "BOOLEAN"}}}, "description": null, "conditionSet": {"cn.ruleengine.core.condition.ConditionSet": {"conditionGroups": {"java.util.ArrayList": []}}}}}, "description": null, "workspaceId": 1, "strategyType": {"cn.ruleengine.core.rule.RuleSetStrategyType": "ALL_RULE"}, "abnormalAlarm": {"cn.ruleengine.core.rule.AbnormalAlarm": {"email": null, "enable": false, "timeOutThreshold": 3000}}, "enableMonitor": false, "workspaceCode": "default"}}','3',null,null,'2021-01-18 06:49:34','2021-01-18 06:49:34','0');
INSERT INTO `rule_engine_rule_set_publish` (`id`, `rule_set_id`, `rule_set_code`, `workspace_id`, `workspace_code`, `data`, `status`, `version`, `reference_data`, `create_time`, `update_time`, `deleted`) VALUES ('95','164','TEST001','1','default','{"cn.ruleengine.core.rule.RuleSet": {"id": 164, "code": "TEST001", "name": "测试规则集", "rules": {"java.util.ArrayList": [{"cn.ruleengine.core.rule.Rule": {"id": 516, "code": null, "name": "规则", "actionValue": {"cn.ruleengine.core.value.Constant": {"value": true, "valueType": {"cn.ruleengine.core.value.ValueType": "BOOLEAN"}}}, "description": null, "conditionSet": {"cn.ruleengine.core.condition.ConditionSet": {"conditionGroups": {"java.util.ArrayList": [{"cn.ruleengine.core.condition.ConditionGroup": {"id": 1801, "name": "条件组", "orderNo": 1, "conditions": {"java.util.ArrayList": [{"cn.ruleengine.core.condition.Condition": {"id": 119, "name": "消费金额测试", "orderNo": 2, "operator": {"cn.ruleengine.core.condition.Operator": "GE"}, "leftValue": {"cn.ruleengine.core.value.Element": {"elementId": 136, "valueType": {"cn.ruleengine.core.value.ValueType": "NUMBER"}, "elementCode": "xiaofeijine2"}}, "rightValue": {"cn.ruleengine.core.value.Constant": {"value": {"java.math.BigDecimal": 2000}, "valueType": {"cn.ruleengine.core.value.ValueType": "NUMBER"}}}}}]}}}, {"cn.ruleengine.core.condition.ConditionGroup": {"id": 1802, "name": "条件组", "orderNo": 2, "conditions": {"java.util.ArrayList": [{"cn.ruleengine.core.condition.Condition": {"id": 125, "name": "温度大于37.3", "orderNo": 1, "operator": {"cn.ruleengine.core.condition.Operator": "GT"}, "leftValue": {"cn.ruleengine.core.value.Element": {"elementId": 142, "valueType": {"cn.ruleengine.core.value.ValueType": "NUMBER"}, "elementCode": "temp"}}, "rightValue": {"cn.ruleengine.core.value.Constant": {"value": {"java.math.BigDecimal": 37.3}, "valueType": {"cn.ruleengine.core.value.ValueType": "NUMBER"}}}}}]}}}]}}}}}, {"cn.ruleengine.core.rule.Rule": {"id": 517, "code": null, "name": "规则", "actionValue": {"cn.ruleengine.core.value.Constant": {"value": true, "valueType": {"cn.ruleengine.core.value.ValueType": "BOOLEAN"}}}, "description": null, "conditionSet": {"cn.ruleengine.core.condition.ConditionSet": {"conditionGroups": {"java.util.ArrayList": [{"cn.ruleengine.core.condition.ConditionGroup": {"id": 1803, "name": "条件组", "orderNo": 1, "conditions": {"java.util.ArrayList": [{"cn.ruleengine.core.condition.Condition": {"id": 47, "name": "true", "orderNo": 1, "operator": {"cn.ruleengine.core.condition.Operator": "EQ"}, "leftValue": {"cn.ruleengine.core.value.Constant": {"value": true, "valueType": {"cn.ruleengine.core.value.ValueType": "BOOLEAN"}}}, "rightValue": {"cn.ruleengine.core.value.Constant": {"value": true, "valueType": {"cn.ruleengine.core.value.ValueType": "BOOLEAN"}}}}}]}}}]}}}}}]}, "defaultRule": {"cn.ruleengine.core.rule.Rule": {"id": 518, "code": null, "name": null, "actionValue": {"cn.ruleengine.core.value.Element": {"elementId": 60, "valueType": {"cn.ruleengine.core.value.ValueType": "STRING"}, "elementCode": "ele-string"}}, "description": null, "conditionSet": {"cn.ruleengine.core.condition.ConditionSet": {"conditionGroups": {"java.util.ArrayList": []}}}}}, "description": null, "workspaceId": 1, "strategyType": {"cn.ruleengine.core.rule.RuleSetStrategyType": "ALL_RULE"}, "abnormalAlarm": {"cn.ruleengine.core.rule.AbnormalAlarm": {"email": null, "enable": false, "timeOutThreshold": 3000}}, "enableMonitor": false, "workspaceCode": "default"}}','3',null,'{"elementIds": [136, 60, 142], "variableIds": [], "conditionIds": [119, 125, 47]}','2021-01-23 12:05:35','2021-01-23 12:05:35','0');
INSERT INTO `rule_engine_rule_set_publish` (`id`, `rule_set_id`, `rule_set_code`, `workspace_id`, `workspace_code`, `data`, `status`, `version`, `reference_data`, `create_time`, `update_time`, `deleted`) VALUES ('109','170','age','1','default','{"cn.ruleengine.core.rule.RuleSet": {"id": 170, "code": "age", "name": "测试年龄", "rules": {"java.util.ArrayList": [{"cn.ruleengine.core.rule.Rule": {"id": 566, "code": null, "name": "规则", "actionValue": {"cn.ruleengine.core.value.Constant": {"value": true, "valueType": {"cn.ruleengine.core.value.ValueType": "BOOLEAN"}}}, "description": null, "conditionSet": {"cn.ruleengine.core.condition.ConditionSet": {"conditionGroups": {"java.util.ArrayList": [{"cn.ruleengine.core.condition.ConditionGroup": {"id": 1903, "name": "条件组", "orderNo": 1, "conditions": {"java.util.ArrayList": [{"cn.ruleengine.core.condition.Condition": {"id": 65, "name": "年龄大于等于20条件", "orderNo": 1, "operator": {"cn.ruleengine.core.condition.Operator": "GE"}, "leftValue": {"cn.ruleengine.core.value.Element": {"elementId": 66, "valueType": {"cn.ruleengine.core.value.ValueType": "NUMBER"}, "elementCode": "age"}}, "rightValue": {"cn.ruleengine.core.value.Constant": {"value": {"java.math.BigDecimal": 20}, "valueType": {"cn.ruleengine.core.value.ValueType": "NUMBER"}}}}}]}}}]}}}}}]}, "defaultRule": null, "description": null, "workspaceId": 1, "strategyType": {"cn.ruleengine.core.rule.RuleSetStrategyType": "ALL_RULE"}, "abnormalAlarm": {"cn.ruleengine.core.rule.AbnormalAlarm": {"email": null, "enable": false, "timeOutThreshold": 3000}}, "enableMonitor": false, "workspaceCode": "default"}}','3',null,'{"elementIds": [66], "variableIds": [], "conditionIds": [65]}','2021-01-28 02:47:22','2021-01-28 02:47:22','0');
INSERT INTO `rule_engine_rule_set_publish` (`id`, `rule_set_id`, `rule_set_code`, `workspace_id`, `workspace_code`, `data`, `status`, `version`, `reference_data`, `create_time`, `update_time`, `deleted`) VALUES ('116','170','age','1','default','{"cn.ruleengine.core.rule.RuleSet": {"id": 170, "code": "age", "name": "测试年龄", "rules": {"java.util.ArrayList": [{"cn.ruleengine.core.rule.Rule": {"id": 575, "code": null, "name": "规则", "actionValue": {"cn.ruleengine.core.value.Variable": {"valueType": {"cn.ruleengine.core.value.ValueType": "NUMBER"}, "variableId": 155}}, "description": null, "conditionSet": {"cn.ruleengine.core.condition.ConditionSet": {"conditionGroups": {"java.util.ArrayList": [{"cn.ruleengine.core.condition.ConditionGroup": {"id": 1917, "name": "条件组", "orderNo": 1, "conditions": {"java.util.ArrayList": [{"cn.ruleengine.core.condition.Condition": {"id": 65, "name": "年龄大于等于20条件", "orderNo": 1, "operator": {"cn.ruleengine.core.condition.Operator": "GE"}, "leftValue": {"cn.ruleengine.core.value.Element": {"elementId": 66, "valueType": {"cn.ruleengine.core.value.ValueType": "NUMBER"}, "elementCode": "age"}}, "rightValue": {"cn.ruleengine.core.value.Constant": {"value": {"java.math.BigDecimal": 20}, "valueType": {"cn.ruleengine.core.value.ValueType": "NUMBER"}}}}}]}}}]}}}}}]}, "defaultRule": {"cn.ruleengine.core.rule.Rule": {"id": 576, "code": null, "name": null, "actionValue": {"cn.ruleengine.core.value.Element": {"elementId": 66, "valueType": {"cn.ruleengine.core.value.ValueType": "NUMBER"}, "elementCode": "age"}}, "description": null, "conditionSet": {"cn.ruleengine.core.condition.ConditionSet": {"conditionGroups": {"java.util.ArrayList": []}}}}}, "description": null, "workspaceId": 1, "strategyType": {"cn.ruleengine.core.rule.RuleSetStrategyType": "WHEN_A_RULE_IS_HIT"}, "abnormalAlarm": {"cn.ruleengine.core.rule.AbnormalAlarm": {"email": null, "enable": false, "timeOutThreshold": 3000}}, "enableMonitor": false, "workspaceCode": "default"}}','2','1.0','{"elementIds": [66], "variableIds": [155], "conditionIds": [65]}','2021-02-01 04:52:38','2021-02-01 04:52:38','0');
INSERT INTO `rule_engine_rule_set_publish` (`id`, `rule_set_id`, `rule_set_code`, `workspace_id`, `workspace_code`, `data`, `status`, `version`, `reference_data`, `create_time`, `update_time`, `deleted`) VALUES ('117','164','TEST001','1','default','{"cn.ruleengine.core.rule.RuleSet": {"id": 164, "code": "TEST001", "name": "测试规则集", "rules": {"java.util.ArrayList": [{"cn.ruleengine.core.rule.Rule": {"id": 527, "code": null, "name": "规则", "actionValue": {"cn.ruleengine.core.value.Constant": {"value": true, "valueType": {"cn.ruleengine.core.value.ValueType": "BOOLEAN"}}}, "description": null, "conditionSet": {"cn.ruleengine.core.condition.ConditionSet": {"conditionGroups": {"java.util.ArrayList": [{"cn.ruleengine.core.condition.ConditionGroup": {"id": 1869, "name": "条件组", "orderNo": 1, "conditions": {"java.util.ArrayList": [{"cn.ruleengine.core.condition.Condition": {"id": 119, "name": "消费金额测试", "orderNo": 2, "operator": {"cn.ruleengine.core.condition.Operator": "GE"}, "leftValue": {"cn.ruleengine.core.value.Element": {"elementId": 136, "valueType": {"cn.ruleengine.core.value.ValueType": "NUMBER"}, "elementCode": "xiaofeijine2"}}, "rightValue": {"cn.ruleengine.core.value.Constant": {"value": {"java.math.BigDecimal": 2000}, "valueType": {"cn.ruleengine.core.value.ValueType": "NUMBER"}}}}}]}}}, {"cn.ruleengine.core.condition.ConditionGroup": {"id": 1870, "name": "条件组", "orderNo": 2, "conditions": {"java.util.ArrayList": [{"cn.ruleengine.core.condition.Condition": {"id": 125, "name": "温度大于37.3", "orderNo": 1, "operator": {"cn.ruleengine.core.condition.Operator": "GT"}, "leftValue": {"cn.ruleengine.core.value.Element": {"elementId": 142, "valueType": {"cn.ruleengine.core.value.ValueType": "NUMBER"}, "elementCode": "temp"}}, "rightValue": {"cn.ruleengine.core.value.Constant": {"value": {"java.math.BigDecimal": 37.3}, "valueType": {"cn.ruleengine.core.value.ValueType": "NUMBER"}}}}}]}}}]}}}}}, {"cn.ruleengine.core.rule.Rule": {"id": 528, "code": null, "name": "规则", "actionValue": {"cn.ruleengine.core.value.Constant": {"value": true, "valueType": {"cn.ruleengine.core.value.ValueType": "BOOLEAN"}}}, "description": null, "conditionSet": {"cn.ruleengine.core.condition.ConditionSet": {"conditionGroups": {"java.util.ArrayList": [{"cn.ruleengine.core.condition.ConditionGroup": {"id": 1871, "name": "条件组", "orderNo": 1, "conditions": {"java.util.ArrayList": [{"cn.ruleengine.core.condition.Condition": {"id": 47, "name": "true", "orderNo": 1, "operator": {"cn.ruleengine.core.condition.Operator": "EQ"}, "leftValue": {"cn.ruleengine.core.value.Constant": {"value": true, "valueType": {"cn.ruleengine.core.value.ValueType": "BOOLEAN"}}}, "rightValue": {"cn.ruleengine.core.value.Constant": {"value": true, "valueType": {"cn.ruleengine.core.value.ValueType": "BOOLEAN"}}}}}]}}}]}}}}}]}, "defaultRule": {"cn.ruleengine.core.rule.Rule": {"id": 529, "code": null, "name": null, "actionValue": {"cn.ruleengine.core.value.Element": {"elementId": 60, "valueType": {"cn.ruleengine.core.value.ValueType": "STRING"}, "elementCode": "ele-string"}}, "description": null, "conditionSet": {"cn.ruleengine.core.condition.ConditionSet": {"conditionGroups": {"java.util.ArrayList": []}}}}}, "description": null, "workspaceId": 1, "strategyType": {"cn.ruleengine.core.rule.RuleSetStrategyType": "ALL_RULE"}, "abnormalAlarm": {"cn.ruleengine.core.rule.AbnormalAlarm": {"email": null, "enable": false, "timeOutThreshold": 3000}}, "enableMonitor": false, "workspaceCode": "default"}}','2','1.0','{"elementIds": [136, 60, 142], "variableIds": [], "conditionIds": [119, 125, 47]}','2021-02-01 04:52:47','2021-02-01 04:52:47','0');
INSERT INTO `rule_engine_rule_set_publish` (`id`, `rule_set_id`, `rule_set_code`, `workspace_id`, `workspace_code`, `data`, `status`, `version`, `reference_data`, `create_time`, `update_time`, `deleted`) VALUES ('118','164','TEST001','1','default','{"cn.ruleengine.core.rule.RuleSet": {"id": 164, "code": "TEST001", "name": "测试规则集", "rules": {"java.util.ArrayList": [{"cn.ruleengine.core.rule.Rule": {"id": 589, "code": null, "name": "规则", "actionValue": {"cn.ruleengine.core.value.Constant": {"value": true, "valueType": {"cn.ruleengine.core.value.ValueType": "BOOLEAN"}}}, "description": null, "conditionSet": {"cn.ruleengine.core.condition.ConditionSet": {"conditionGroups": {"java.util.ArrayList": [{"cn.ruleengine.core.condition.ConditionGroup": {"id": 1957, "name": "条件组", "orderNo": 1, "conditions": {"java.util.ArrayList": [{"cn.ruleengine.core.condition.Condition": {"id": 119, "name": "消费金额测试", "orderNo": 2, "operator": {"cn.ruleengine.core.condition.Operator": "GE"}, "leftValue": {"cn.ruleengine.core.value.Element": {"elementId": 136, "valueType": {"cn.ruleengine.core.value.ValueType": "NUMBER"}, "elementCode": "xiaofeijine2"}}, "rightValue": {"cn.ruleengine.core.value.Constant": {"value": {"java.math.BigDecimal": 2000}, "valueType": {"cn.ruleengine.core.value.ValueType": "NUMBER"}}}}}]}}}, {"cn.ruleengine.core.condition.ConditionGroup": {"id": 1958, "name": "条件组", "orderNo": 2, "conditions": {"java.util.ArrayList": [{"cn.ruleengine.core.condition.Condition": {"id": 125, "name": "温度大于37.3", "orderNo": 1, "operator": {"cn.ruleengine.core.condition.Operator": "GT"}, "leftValue": {"cn.ruleengine.core.value.Element": {"elementId": 142, "valueType": {"cn.ruleengine.core.value.ValueType": "NUMBER"}, "elementCode": "temp"}}, "rightValue": {"cn.ruleengine.core.value.Constant": {"value": {"java.math.BigDecimal": 37.3}, "valueType": {"cn.ruleengine.core.value.ValueType": "NUMBER"}}}}}]}}}]}}}}}, {"cn.ruleengine.core.rule.Rule": {"id": 590, "code": null, "name": "规则", "actionValue": {"cn.ruleengine.core.value.Constant": {"value": true, "valueType": {"cn.ruleengine.core.value.ValueType": "BOOLEAN"}}}, "description": null, "conditionSet": {"cn.ruleengine.core.condition.ConditionSet": {"conditionGroups": {"java.util.ArrayList": [{"cn.ruleengine.core.condition.ConditionGroup": {"id": 1959, "name": "条件组", "orderNo": 1, "conditions": {"java.util.ArrayList": [{"cn.ruleengine.core.condition.Condition": {"id": 47, "name": "true", "orderNo": 1, "operator": {"cn.ruleengine.core.condition.Operator": "EQ"}, "leftValue": {"cn.ruleengine.core.value.Constant": {"value": true, "valueType": {"cn.ruleengine.core.value.ValueType": "BOOLEAN"}}}, "rightValue": {"cn.ruleengine.core.value.Constant": {"value": true, "valueType": {"cn.ruleengine.core.value.ValueType": "BOOLEAN"}}}}}]}}}]}}}}}]}, "defaultRule": {"cn.ruleengine.core.rule.Rule": {"id": 591, "code": null, "name": null, "actionValue": {"cn.ruleengine.core.value.Element": {"elementId": 60, "valueType": {"cn.ruleengine.core.value.ValueType": "STRING"}, "elementCode": "ele-string"}}, "description": null, "conditionSet": {"cn.ruleengine.core.condition.ConditionSet": {"conditionGroups": {"java.util.ArrayList": []}}}}}, "description": null, "workspaceId": 1, "strategyType": {"cn.ruleengine.core.rule.RuleSetStrategyType": "ALL_RULE"}, "abnormalAlarm": {"cn.ruleengine.core.rule.AbnormalAlarm": {"email": null, "enable": false, "timeOutThreshold": 3000}}, "enableMonitor": false, "workspaceCode": "default"}}','1','2.0','{"elementIds": [136, 60, 142], "variableIds": [], "conditionIds": [119, 125, 47]}','2021-02-01 04:52:56','2021-02-01 04:52:56','0');
INSERT INTO `rule_engine_rule_set_publish` (`id`, `rule_set_id`, `rule_set_code`, `workspace_id`, `workspace_code`, `data`, `status`, `version`, `reference_data`, `create_time`, `update_time`, `deleted`) VALUES ('119','160','linked2StopperRule','1','default','{"cn.ruleengine.core.rule.RuleSet": {"id": 160, "code": "linked2StopperRule", "name": "两个阻车器联动规则", "rules": {"java.util.ArrayList": [{"cn.ruleengine.core.rule.Rule": {"id": 344, "code": null, "name": "规则", "actionValue": {"cn.ruleengine.core.value.Variable": {"valueType": {"cn.ruleengine.core.value.ValueType": "NUMBER"}, "variableId": 142}}, "description": null, "conditionSet": {"cn.ruleengine.core.condition.ConditionSet": {"conditionGroups": {"java.util.ArrayList": [{"cn.ruleengine.core.condition.ConditionGroup": {"id": 1653, "name": "条件组", "orderNo": 1, "conditions": {"java.util.ArrayList": [{"cn.ruleengine.core.condition.Condition": {"id": 122, "name": "小于50米阻车器开", "orderNo": 1, "operator": {"cn.ruleengine.core.condition.Operator": "LT"}, "leftValue": {"cn.ruleengine.core.value.Element": {"elementId": 138, "valueType": {"cn.ruleengine.core.value.ValueType": "NUMBER"}, "elementCode": "distance"}}, "rightValue": {"cn.ruleengine.core.value.Variable": {"valueType": {"cn.ruleengine.core.value.ValueType": "NUMBER"}, "variableId": 135}}}}]}}}]}}}}}]}, "defaultRule": null, "description": "两个阻车器的联动规则", "workspaceId": 1, "strategyType": {"cn.ruleengine.core.rule.RuleSetStrategyType": "ALL_RULE"}, "abnormalAlarm": {"cn.ruleengine.core.rule.AbnormalAlarm": {"email": null, "enable": false, "timeOutThreshold": 3000}}, "enableMonitor": false, "workspaceCode": "default"}}','2','1.0','{"elementIds": [138], "variableIds": [135, 142], "conditionIds": [122]}','2021-02-01 04:53:09','2021-02-01 04:53:09','0');
INSERT INTO `rule_engine_rule_set_publish` (`id`, `rule_set_id`, `rule_set_code`, `workspace_id`, `workspace_code`, `data`, `status`, `version`, `reference_data`, `create_time`, `update_time`, `deleted`) VALUES ('120','154','test','1','default','{"cn.ruleengine.core.rule.RuleSet": {"id": 154, "code": "test", "name": "刚开发完毕（欢迎测试）", "rules": {"java.util.ArrayList": [{"cn.ruleengine.core.rule.Rule": {"id": 556, "code": null, "name": "规则222", "actionValue": {"cn.ruleengine.core.value.Variable": {"valueType": {"cn.ruleengine.core.value.ValueType": "BOOLEAN"}, "variableId": 112}}, "description": null, "conditionSet": {"cn.ruleengine.core.condition.ConditionSet": {"conditionGroups": {"java.util.ArrayList": [{"cn.ruleengine.core.condition.ConditionGroup": {"id": 1892, "name": "条件组", "orderNo": 1, "conditions": {"java.util.ArrayList": [{"cn.ruleengine.core.condition.Condition": {"id": 47, "name": "true", "orderNo": 1, "operator": {"cn.ruleengine.core.condition.Operator": "EQ"}, "leftValue": {"cn.ruleengine.core.value.Constant": {"value": true, "valueType": {"cn.ruleengine.core.value.ValueType": "BOOLEAN"}}}, "rightValue": {"cn.ruleengine.core.value.Constant": {"value": true, "valueType": {"cn.ruleengine.core.value.ValueType": "BOOLEAN"}}}}}, {"cn.ruleengine.core.condition.Condition": {"id": 121, "name": "测试ws2", "orderNo": 2, "operator": {"cn.ruleengine.core.condition.Operator": "EQ"}, "leftValue": {"cn.ruleengine.core.value.Element": {"elementId": 137, "valueType": {"cn.ruleengine.core.value.ValueType": "NUMBER"}, "elementCode": "admin"}}, "rightValue": {"cn.ruleengine.core.value.Constant": {"value": {"java.math.BigDecimal": 8}, "valueType": {"cn.ruleengine.core.value.ValueType": "NUMBER"}}}}}]}}}, {"cn.ruleengine.core.condition.ConditionGroup": {"id": 1893, "name": "条件组3", "orderNo": 2, "conditions": {"java.util.ArrayList": [{"cn.ruleengine.core.condition.Condition": {"id": 119, "name": "消费金额测试", "orderNo": 1, "operator": {"cn.ruleengine.core.condition.Operator": "GE"}, "leftValue": {"cn.ruleengine.core.value.Element": {"elementId": 136, "valueType": {"cn.ruleengine.core.value.ValueType": "NUMBER"}, "elementCode": "xiaofeijine2"}}, "rightValue": {"cn.ruleengine.core.value.Constant": {"value": {"java.math.BigDecimal": 2000}, "valueType": {"cn.ruleengine.core.value.ValueType": "NUMBER"}}}}}]}}}]}}}}}, {"cn.ruleengine.core.rule.Rule": {"id": 557, "code": null, "name": "规则22", "actionValue": {"cn.ruleengine.core.value.Constant": {"value": "123", "valueType": {"cn.ruleengine.core.value.ValueType": "STRING"}}}, "description": null, "conditionSet": {"cn.ruleengine.core.condition.ConditionSet": {"conditionGroups": {"java.util.ArrayList": [{"cn.ruleengine.core.condition.ConditionGroup": {"id": 1894, "name": "条件组", "orderNo": 1, "conditions": {"java.util.ArrayList": [{"cn.ruleengine.core.condition.Condition": {"id": 57, "name": "审批人测试", "orderNo": 1, "operator": {"cn.ruleengine.core.condition.Operator": "CONTAIN"}, "leftValue": {"cn.ruleengine.core.value.Variable": {"valueType": {"cn.ruleengine.core.value.ValueType": "COLLECTION"}, "variableId": 35}}, "rightValue": {"cn.ruleengine.core.value.Constant": {"value": {"java.math.BigDecimal": 123}, "valueType": {"cn.ruleengine.core.value.ValueType": "NUMBER"}}}}}]}}}]}}}}}]}, "defaultRule": {"cn.ruleengine.core.rule.Rule": {"id": 558, "code": null, "name": null, "actionValue": {"cn.ruleengine.core.value.Constant": {"value": true, "valueType": {"cn.ruleengine.core.value.ValueType": "BOOLEAN"}}}, "description": null, "conditionSet": {"cn.ruleengine.core.condition.ConditionSet": {"conditionGroups": {"java.util.ArrayList": []}}}}}, "description": null, "workspaceId": 1, "strategyType": {"cn.ruleengine.core.rule.RuleSetStrategyType": "ALL_RULE"}, "abnormalAlarm": {"cn.ruleengine.core.rule.AbnormalAlarm": {"email": null, "enable": false, "timeOutThreshold": 3000}}, "enableMonitor": false, "workspaceCode": "default"}}','2','1.0','{"elementIds": [136, 137], "variableIds": [112, 35], "conditionIds": [119, 121, 57, 47]}','2021-02-01 04:53:18','2021-02-01 04:53:18','0');
INSERT INTO `rule_engine_rule_set_publish` (`id`, `rule_set_id`, `rule_set_code`, `workspace_id`, `workspace_code`, `data`, `status`, `version`, `reference_data`, `create_time`, `update_time`, `deleted`) VALUES ('128','175','aaa','1','default','{"cn.ruleengine.core.rule.RuleSet": {"id": 175, "code": "aaa", "name": "多个规则测试", "rules": {"java.util.ArrayList": [{"cn.ruleengine.core.rule.Rule": {"id": 622, "code": null, "name": "规则", "actionValue": {"cn.ruleengine.core.value.Constant": {"value": true, "valueType": {"cn.ruleengine.core.value.ValueType": "BOOLEAN"}}}, "description": null, "conditionSet": {"cn.ruleengine.core.condition.ConditionSet": {"conditionGroups": {"java.util.ArrayList": [{"cn.ruleengine.core.condition.ConditionGroup": {"id": 1997, "name": "条件组", "orderNo": 1, "conditions": {"java.util.ArrayList": [{"cn.ruleengine.core.condition.Condition": {"id": 100, "name": "身高170cm以上", "orderNo": 1, "operator": {"cn.ruleengine.core.condition.Operator": "GE"}, "leftValue": {"cn.ruleengine.core.value.Element": {"elementId": 115, "valueType": {"cn.ruleengine.core.value.ValueType": "NUMBER"}, "elementCode": "height"}}, "rightValue": {"cn.ruleengine.core.value.Constant": {"value": {"java.math.BigDecimal": 170}, "valueType": {"cn.ruleengine.core.value.ValueType": "NUMBER"}}}}}]}}}, {"cn.ruleengine.core.condition.ConditionGroup": {"id": 1998, "name": "条件组", "orderNo": 2, "conditions": {"java.util.ArrayList": [{"cn.ruleengine.core.condition.Condition": {"id": 140, "name": "年龄大于20", "orderNo": 1, "operator": {"cn.ruleengine.core.condition.Operator": "GT"}, "leftValue": {"cn.ruleengine.core.value.Element": {"elementId": 66, "valueType": {"cn.ruleengine.core.value.ValueType": "NUMBER"}, "elementCode": "age"}}, "rightValue": {"cn.ruleengine.core.value.Constant": {"value": {"java.math.BigDecimal": 20}, "valueType": {"cn.ruleengine.core.value.ValueType": "NUMBER"}}}}}]}}}]}}}}}]}, "defaultRule": {"cn.ruleengine.core.rule.Rule": {"id": 623, "code": null, "name": null, "actionValue": {"cn.ruleengine.core.value.Constant": {"value": false, "valueType": {"cn.ruleengine.core.value.ValueType": "BOOLEAN"}}}, "description": null, "conditionSet": {"cn.ruleengine.core.condition.ConditionSet": {"conditionGroups": {"java.util.ArrayList": []}}}}}, "description": "1", "workspaceId": 1, "strategyType": {"cn.ruleengine.core.rule.RuleSetStrategyType": "ALL_RULE"}, "abnormalAlarm": {"cn.ruleengine.core.rule.AbnormalAlarm": {"email": null, "enable": false, "timeOutThreshold": 3000}}, "enableMonitor": false, "workspaceCode": "default"}}','3','1.0','{"elementIds": [66, 115], "variableIds": [], "conditionIds": [100, 140]}','2021-02-04 08:45:33','2021-02-04 08:45:33','0');
INSERT INTO `rule_engine_rule_set_publish` (`id`, `rule_set_id`, `rule_set_code`, `workspace_id`, `workspace_code`, `data`, `status`, `version`, `reference_data`, `create_time`, `update_time`, `deleted`) VALUES ('129','176','dgdf86867768678','1','default','{"cn.ruleengine.core.rule.RuleSet": {"id": 176, "code": "dgdf86867768678", "name": "illa-test", "rules": {"java.util.ArrayList": [{"cn.ruleengine.core.rule.Rule": {"id": 617, "code": null, "name": "规则", "actionValue": {"cn.ruleengine.core.value.Constant": {"value": true, "valueType": {"cn.ruleengine.core.value.ValueType": "BOOLEAN"}}}, "description": null, "conditionSet": {"cn.ruleengine.core.condition.ConditionSet": {"conditionGroups": {"java.util.ArrayList": [{"cn.ruleengine.core.condition.ConditionGroup": {"id": 1992, "name": "条件组", "orderNo": 1, "conditions": {"java.util.ArrayList": [{"cn.ruleengine.core.condition.Condition": {"id": 99, "name": "年龄小于10岁", "orderNo": 1, "operator": {"cn.ruleengine.core.condition.Operator": "LT"}, "leftValue": {"cn.ruleengine.core.value.Element": {"elementId": 66, "valueType": {"cn.ruleengine.core.value.ValueType": "NUMBER"}, "elementCode": "age"}}, "rightValue": {"cn.ruleengine.core.value.Constant": {"value": {"java.math.BigDecimal": 10}, "valueType": {"cn.ruleengine.core.value.ValueType": "NUMBER"}}}}}]}}}]}}}}}]}, "defaultRule": {"cn.ruleengine.core.rule.Rule": {"id": 618, "code": null, "name": null, "actionValue": {"cn.ruleengine.core.value.Constant": {"value": false, "valueType": {"cn.ruleengine.core.value.ValueType": "BOOLEAN"}}}, "description": null, "conditionSet": {"cn.ruleengine.core.condition.ConditionSet": {"conditionGroups": {"java.util.ArrayList": []}}}}}, "description": "8678678", "workspaceId": 1, "strategyType": {"cn.ruleengine.core.rule.RuleSetStrategyType": "ALL_RULE"}, "abnormalAlarm": {"cn.ruleengine.core.rule.AbnormalAlarm": {"email": null, "enable": false, "timeOutThreshold": 3000}}, "workspaceCode": "default"}}','1','1.0','{"elementIds": [66], "variableIds": [], "conditionIds": [99]}','2021-02-04 10:53:33','2021-02-04 10:53:33','0');
INSERT INTO `rule_engine_rule_set_publish` (`id`, `rule_set_id`, `rule_set_code`, `workspace_id`, `workspace_code`, `data`, `status`, `version`, `reference_data`, `create_time`, `update_time`, `deleted`) VALUES ('131','177','class','1','default','{"cn.ruleengine.core.rule.RuleSet": {"id": 177, "code": "class", "name": "课程", "rules": {"java.util.ArrayList": []}, "defaultRule": null, "description": null, "workspaceId": 1, "strategyType": {"cn.ruleengine.core.rule.RuleSetStrategyType": "ALL_RULE"}, "abnormalAlarm": {"cn.ruleengine.core.rule.AbnormalAlarm": {"email": null, "enable": false, "timeOutThreshold": 3000}}, "workspaceCode": "default"}}','3','1.0','{"elementIds": [], "variableIds": [], "conditionIds": []}','2021-02-04 12:32:48','2021-02-04 12:32:48','0');
INSERT INTO `rule_engine_rule_set_publish` (`id`, `rule_set_id`, `rule_set_code`, `workspace_id`, `workspace_code`, `data`, `status`, `version`, `reference_data`, `create_time`, `update_time`, `deleted`) VALUES ('132','175','aaa','1','default','{"cn.ruleengine.core.rule.RuleSet": {"id": 175, "code": "aaa", "name": "多个规则测试", "rules": {"java.util.ArrayList": [{"cn.ruleengine.core.rule.Rule": {"id": 624, "code": null, "name": "规则", "actionValue": {"cn.ruleengine.core.value.Constant": {"value": true, "valueType": {"cn.ruleengine.core.value.ValueType": "BOOLEAN"}}}, "description": null, "conditionSet": {"cn.ruleengine.core.condition.ConditionSet": {"conditionGroups": {"java.util.ArrayList": [{"cn.ruleengine.core.condition.ConditionGroup": {"id": 1999, "name": "条件组", "orderNo": 1, "conditions": {"java.util.ArrayList": [{"cn.ruleengine.core.condition.Condition": {"id": 100, "name": "身高170cm以上", "orderNo": 1, "operator": {"cn.ruleengine.core.condition.Operator": "GE"}, "leftValue": {"cn.ruleengine.core.value.Element": {"elementId": 115, "valueType": {"cn.ruleengine.core.value.ValueType": "NUMBER"}, "elementCode": "height"}}, "rightValue": {"cn.ruleengine.core.value.Constant": {"value": {"java.math.BigDecimal": 170}, "valueType": {"cn.ruleengine.core.value.ValueType": "NUMBER"}}}}}]}}}, {"cn.ruleengine.core.condition.ConditionGroup": {"id": 2000, "name": "条件组", "orderNo": 2, "conditions": {"java.util.ArrayList": [{"cn.ruleengine.core.condition.Condition": {"id": 140, "name": "年龄大于21", "orderNo": 1, "operator": {"cn.ruleengine.core.condition.Operator": "GT"}, "leftValue": {"cn.ruleengine.core.value.Element": {"elementId": 66, "valueType": {"cn.ruleengine.core.value.ValueType": "NUMBER"}, "elementCode": "age"}}, "rightValue": {"cn.ruleengine.core.value.Constant": {"value": {"java.math.BigDecimal": 21}, "valueType": {"cn.ruleengine.core.value.ValueType": "NUMBER"}}}}}]}}}]}}}}}, {"cn.ruleengine.core.rule.Rule": {"id": null, "code": null, "name": "规则", "actionValue": {"cn.ruleengine.core.value.Constant": {"value": "123", "valueType": {"cn.ruleengine.core.value.ValueType": "STRING"}}}, "description": null, "conditionSet": {"cn.ruleengine.core.condition.ConditionSet": {"conditionGroups": {"java.util.ArrayList": []}}}}}]}, "defaultRule": {"cn.ruleengine.core.rule.Rule": {"id": 625, "code": null, "name": null, "actionValue": {"cn.ruleengine.core.value.Constant": {"value": false, "valueType": {"cn.ruleengine.core.value.ValueType": "BOOLEAN"}}}, "description": null, "conditionSet": {"cn.ruleengine.core.condition.ConditionSet": {"conditionGroups": {"java.util.ArrayList": []}}}}}, "description": "1", "workspaceId": 1, "strategyType": {"cn.ruleengine.core.rule.RuleSetStrategyType": "ALL_RULE"}, "abnormalAlarm": {"cn.ruleengine.core.rule.AbnormalAlarm": {"email": null, "enable": false, "timeOutThreshold": 3000}}, "workspaceCode": "default"}}','2','2.0','{"elementIds": [66, 115], "variableIds": [], "conditionIds": [100, 140]}','2021-02-04 12:44:44','2021-02-04 12:44:44','0');
INSERT INTO `rule_engine_rule_set_publish` (`id`, `rule_set_id`, `rule_set_code`, `workspace_id`, `workspace_code`, `data`, `status`, `version`, `reference_data`, `create_time`, `update_time`, `deleted`) VALUES ('134','177','class','1','default','{"cn.ruleengine.core.rule.RuleSet": {"id": 177, "code": "class", "name": "课程", "rules": {"java.util.ArrayList": []}, "defaultRule": {"cn.ruleengine.core.rule.Rule": {"id": 632, "code": null, "name": null, "actionValue": {"cn.ruleengine.core.value.Constant": {"value": {"java.math.BigDecimal": 123}, "valueType": {"cn.ruleengine.core.value.ValueType": "NUMBER"}}}, "description": null, "workspaceId": null, "conditionSet": {"cn.ruleengine.core.condition.ConditionSet": {"conditionGroups": {"java.util.ArrayList": []}}}, "workspaceCode": null}}, "description": null, "workspaceId": 1, "strategyType": {"cn.ruleengine.core.rule.RuleSetStrategyType": "ALL_RULE"}, "workspaceCode": "default"}}','2','2.0','{"elementIds": [], "variableIds": [], "conditionIds": []}','2021-02-05 12:59:18','2021-02-05 12:59:18','0');
INSERT INTO `rule_engine_rule_set_publish` (`id`, `rule_set_id`, `rule_set_code`, `workspace_id`, `workspace_code`, `data`, `status`, `version`, `reference_data`, `create_time`, `update_time`, `deleted`) VALUES ('135','177','class','1','default','{"cn.ruleengine.core.rule.RuleSet": {"id": 177, "code": "class", "name": "课程", "rules": {"java.util.ArrayList": []}, "defaultRule": {"cn.ruleengine.core.rule.Rule": {"id": 639, "code": null, "name": null, "actionValue": {"cn.ruleengine.core.value.Constant": {"value": {"java.math.BigDecimal": 1231}, "valueType": {"cn.ruleengine.core.value.ValueType": "NUMBER"}}}, "description": null, "workspaceId": null, "conditionSet": {"cn.ruleengine.core.condition.ConditionSet": {"conditionGroups": {"java.util.ArrayList": []}}}, "workspaceCode": null}}, "description": null, "workspaceId": 1, "strategyType": {"cn.ruleengine.core.rule.RuleSetStrategyType": "ALL_RULE"}, "workspaceCode": "default"}}','1','3.0','{"elementIds": [], "variableIds": [], "conditionIds": []}','2021-02-05 14:20:23','2021-02-05 14:20:23','0');
INSERT INTO `rule_engine_rule_set_publish` (`id`, `rule_set_id`, `rule_set_code`, `workspace_id`, `workspace_code`, `data`, `status`, `version`, `reference_data`, `create_time`, `update_time`, `deleted`) VALUES ('136','154','test','1','default','{"cn.ruleengine.core.rule.RuleSet": {"id": 154, "code": "test", "name": "刚开发完毕（欢迎测试）", "rules": {"java.util.ArrayList": [{"cn.ruleengine.core.rule.Rule": {"id": 636, "code": null, "name": "规则222", "actionValue": {"cn.ruleengine.core.value.Variable": {"valueType": {"cn.ruleengine.core.value.ValueType": "BOOLEAN"}, "variableId": 112}}, "description": null, "workspaceId": null, "conditionSet": {"cn.ruleengine.core.condition.ConditionSet": {"conditionGroups": {"java.util.ArrayList": [{"cn.ruleengine.core.condition.ConditionGroup": {"id": 2017, "name": "条件组", "orderNo": 1, "conditions": {"java.util.ArrayList": [{"cn.ruleengine.core.condition.Condition": {"id": 47, "name": "true", "orderNo": 1, "operator": {"cn.ruleengine.core.condition.Operator": "EQ"}, "leftValue": {"cn.ruleengine.core.value.Constant": {"value": true, "valueType": {"cn.ruleengine.core.value.ValueType": "BOOLEAN"}}}, "rightValue": {"cn.ruleengine.core.value.Constant": {"value": true, "valueType": {"cn.ruleengine.core.value.ValueType": "BOOLEAN"}}}}}, {"cn.ruleengine.core.condition.Condition": {"id": 121, "name": "测试ws2", "orderNo": 2, "operator": {"cn.ruleengine.core.condition.Operator": "EQ"}, "leftValue": {"cn.ruleengine.core.value.Element": {"elementId": 137, "valueType": {"cn.ruleengine.core.value.ValueType": "NUMBER"}, "elementCode": "admin"}}, "rightValue": {"cn.ruleengine.core.value.Constant": {"value": {"java.math.BigDecimal": 8}, "valueType": {"cn.ruleengine.core.value.ValueType": "NUMBER"}}}}}]}}}, {"cn.ruleengine.core.condition.ConditionGroup": {"id": 2018, "name": "条件组3", "orderNo": 2, "conditions": {"java.util.ArrayList": [{"cn.ruleengine.core.condition.Condition": {"id": 119, "name": "消费金额测试", "orderNo": 1, "operator": {"cn.ruleengine.core.condition.Operator": "GE"}, "leftValue": {"cn.ruleengine.core.value.Element": {"elementId": 136, "valueType": {"cn.ruleengine.core.value.ValueType": "NUMBER"}, "elementCode": "xiaofeijine2"}}, "rightValue": {"cn.ruleengine.core.value.Constant": {"value": {"java.math.BigDecimal": 2000}, "valueType": {"cn.ruleengine.core.value.ValueType": "NUMBER"}}}}}]}}}]}}}, "workspaceCode": null}}, {"cn.ruleengine.core.rule.Rule": {"id": 637, "code": null, "name": "规则22", "actionValue": {"cn.ruleengine.core.value.Constant": {"value": "123", "valueType": {"cn.ruleengine.core.value.ValueType": "STRING"}}}, "description": null, "workspaceId": null, "conditionSet": {"cn.ruleengine.core.condition.ConditionSet": {"conditionGroups": {"java.util.ArrayList": [{"cn.ruleengine.core.condition.ConditionGroup": {"id": 2019, "name": "条件组", "orderNo": 1, "conditions": {"java.util.ArrayList": [{"cn.ruleengine.core.condition.Condition": {"id": 57, "name": "审批人测试", "orderNo": 1, "operator": {"cn.ruleengine.core.condition.Operator": "CONTAIN"}, "leftValue": {"cn.ruleengine.core.value.Variable": {"valueType": {"cn.ruleengine.core.value.ValueType": "COLLECTION"}, "variableId": 35}}, "rightValue": {"cn.ruleengine.core.value.Constant": {"value": {"java.math.BigDecimal": 123}, "valueType": {"cn.ruleengine.core.value.ValueType": "NUMBER"}}}}}]}}}]}}}, "workspaceCode": null}}]}, "defaultRule": {"cn.ruleengine.core.rule.Rule": {"id": 638, "code": null, "name": null, "actionValue": {"cn.ruleengine.core.value.Constant": {"value": true, "valueType": {"cn.ruleengine.core.value.ValueType": "BOOLEAN"}}}, "description": null, "workspaceId": null, "conditionSet": {"cn.ruleengine.core.condition.ConditionSet": {"conditionGroups": {"java.util.ArrayList": []}}}, "workspaceCode": null}}, "description": null, "workspaceId": 1, "strategyType": {"cn.ruleengine.core.rule.RuleSetStrategyType": "ALL_RULE"}, "workspaceCode": "default"}}','1','2.0','{"elementIds": [136, 137], "variableIds": [112, 35], "conditionIds": [119, 121, 57, 47]}','2021-02-05 17:35:23','2021-02-05 17:35:23','0');

INSERT INTO `rule_engine_rule_set_rule` (`id`, `rule_set_id`, `rule_id`, `order_no`, `create_time`, `update_time`, `deleted`) VALUES ('375','164','592','1','2021-02-01 04:52:56','2021-02-01 04:52:56','0');
INSERT INTO `rule_engine_rule_set_rule` (`id`, `rule_set_id`, `rule_id`, `order_no`, `create_time`, `update_time`, `deleted`) VALUES ('376','164','593','2','2021-02-01 04:52:56','2021-02-01 04:52:56','0');
INSERT INTO `rule_engine_rule_set_rule` (`id`, `rule_set_id`, `rule_id`, `order_no`, `create_time`, `update_time`, `deleted`) VALUES ('377','170','595','1','2021-02-01 04:53:03','2021-02-01 04:53:03','0');
INSERT INTO `rule_engine_rule_set_rule` (`id`, `rule_set_id`, `rule_id`, `order_no`, `create_time`, `update_time`, `deleted`) VALUES ('378','160','597','1','2021-02-01 04:53:09','2021-02-01 04:53:09','0');
INSERT INTO `rule_engine_rule_set_rule` (`id`, `rule_set_id`, `rule_id`, `order_no`, `create_time`, `update_time`, `deleted`) VALUES ('387','176','626','1','2021-02-04 10:53:33','2021-02-04 10:53:33','0');
INSERT INTO `rule_engine_rule_set_rule` (`id`, `rule_set_id`, `rule_id`, `order_no`, `create_time`, `update_time`, `deleted`) VALUES ('388','175','633','1','2021-02-04 12:44:44','2021-02-04 12:44:44','0');
INSERT INTO `rule_engine_rule_set_rule` (`id`, `rule_set_id`, `rule_id`, `order_no`, `create_time`, `update_time`, `deleted`) VALUES ('389','175','634','2','2021-02-04 12:44:44','2021-02-04 12:44:44','0');
INSERT INTO `rule_engine_rule_set_rule` (`id`, `rule_set_id`, `rule_id`, `order_no`, `create_time`, `update_time`, `deleted`) VALUES ('392','154','641','1','2021-02-05 17:35:23','2021-02-05 17:35:23','0');
INSERT INTO `rule_engine_rule_set_rule` (`id`, `rule_set_id`, `rule_id`, `order_no`, `create_time`, `update_time`, `deleted`) VALUES ('393','154','642','2','2021-02-05 17:35:23','2021-02-05 17:35:23','0');

INSERT INTO `rule_engine_system_log` (`id`, `user_id`, `description`, `ip`, `browser`, `browser_version`, `system`, `detailed`, `mobile`, `ages`, `request_url`, `end_time`, `running_time`, `return_value`, `exception`, `request_id`, `create_time`, `update_time`, `deleted`) VALUES ('1814','2',null,'114.249.192.178','Chrome','78.0.3904.70','Windows 10 or Windows Server 2016','Mozilla/5.0 (Windows NT 10.0; Win64; x64) AppleWebKit/537.36 (KHTML, like Gecko) Chrome/78.0.3904.70 Safari/537.36','0','[{"id":121}]','http://ruleserver.cn/ruleEngine/generalRule/publish','2020-12-29 14:11:25','465','{"code":200,"data":true,"message":"执行成功","state":"SUCCESS","timestamp":1609251084508}',null,'09673ef8-a967-4fca-bdf7-435ce087879f','2020-12-29 14:11:25','2020-12-29 14:11:25','0');
INSERT INTO `rule_engine_system_log` (`id`, `user_id`, `description`, `ip`, `browser`, `browser_version`, `system`, `detailed`, `mobile`, `ages`, `request_url`, `end_time`, `running_time`, `return_value`, `exception`, `request_id`, `create_time`, `update_time`, `deleted`) VALUES ('1815','2',null,'114.249.192.178','Chrome','78.0.3904.70','Windows 10 or Windows Server 2016','Mozilla/5.0 (Windows NT 10.0; Win64; x64) AppleWebKit/537.36 (KHTML, like Gecko) Chrome/78.0.3904.70 Safari/537.36','0','[{"id":121}]','http://ruleserver.cn/ruleEngine/generalRule/publish','2020-12-29 14:12:04','465','{"code":200,"data":true,"message":"执行成功","state":"SUCCESS","timestamp":1609251123344}',null,'55b6ed28-7a3c-4906-b766-4b64fa5f5009','2020-12-29 14:12:04','2020-12-29 14:12:04','0');
INSERT INTO `rule_engine_user` (`id`, `username`, `password`, `email`, `phone`, `avatar`, `sex`, `create_time`, `update_time`, `deleted`) VALUES ('2','lq','5f329d3ac22671f7b214c461e58c27f3','23123','1021231','http://oss-boot-test.oss-cn-beijing.aliyuncs.com/ruleengine/73865651.png?Expires=33148420103&OSSAccessKeyId=LTAIyEa5SulNXbQa&Signature=pBQA%2B8N7P5s3JUAK0R3UF3th5Pw%3D','女','2020-09-25 23:05:06','2021-02-04 06:28:24','0');
INSERT INTO `rule_engine_user` (`id`, `username`, `password`, `email`, `phone`, `avatar`, `sex`, `create_time`, `update_time`, `deleted`) VALUES ('3','test','5f329d3ac22671f7b214c461e58c27f3','5f329d3ac22671f7b214c461e58c27f3',null,'/static/avatar.jpg','男','2020-11-22 00:53:08','2020-11-22 00:53:09','0');

INSERT INTO `rule_engine_user_role` (`id`, `user_id`, `role_id`, `create_time`, `update_time`, `deleted`) VALUES ('3','1','1','2020-09-25 22:20:31','2020-09-25 22:20:32','0');
INSERT INTO `rule_engine_user_role` (`id`, `user_id`, `role_id`, `create_time`, `update_time`, `deleted`) VALUES ('4','2','2','2020-09-25 23:05:20','2020-09-25 23:05:21','0');
INSERT INTO `rule_engine_user_role` (`id`, `user_id`, `role_id`, `create_time`, `update_time`, `deleted`) VALUES ('5','3','2','2020-11-22 00:53:38','2020-11-22 00:53:39','0');

INSERT INTO `rule_engine_user_workspace` (`id`, `user_id`, `workspace_id`, `create_time`, `update_time`, `deleted`) VALUES ('2','2','2','2020-11-22 03:53:37','2020-11-22 03:53:39','1');
INSERT INTO `rule_engine_user_workspace` (`id`, `user_id`, `workspace_id`, `create_time`, `update_time`, `deleted`) VALUES ('3','3','2','2020-11-22 14:42:50','2020-11-22 14:42:51','0');
INSERT INTO `rule_engine_user_workspace` (`id`, `user_id`, `workspace_id`, `create_time`, `update_time`, `deleted`) VALUES ('4','2','1','2020-11-22 14:50:33','2020-11-22 14:50:34','0');
INSERT INTO `rule_engine_user_workspace` (`id`, `user_id`, `workspace_id`, `create_time`, `update_time`, `deleted`) VALUES ('5','3','1','2020-12-21 17:20:16','2020-12-21 17:20:18','0');

INSERT INTO `rule_engine_variable` (`id`, `name`, `description`, `value_type`, `workspace_id`, `create_user_id`, `create_user_name`, `type`, `value`, `create_time`, `update_time`, `deleted`) VALUES ('34','是否为空集合',null,'BOOLEAN','1',null,null,'3','2','2020-08-20 02:05:43','2020-08-20 02:05:43','0');
INSERT INTO `rule_engine_variable` (`id`, `name`, `description`, `value_type`, `workspace_id`, `create_user_id`, `create_user_name`, `type`, `value`, `create_time`, `update_time`, `deleted`) VALUES ('35','审批人',null,'COLLECTION','1',null,null,'2','123123,234234,123','2020-08-24 22:12:53','2020-12-30 14:53:01','0');
INSERT INTO `rule_engine_variable` (`id`, `name`, `description`, `value_type`, `workspace_id`, `create_user_id`, `create_user_name`, `type`, `value`, `create_time`, `update_time`, `deleted`) VALUES ('36','获取规则执行接口地址',null,'STRING','1',null,null,'2','http://ruleserver.cn/ruleEngine/execute','2020-08-25 18:53:36','2020-12-12 12:39:17','0');
INSERT INTO `rule_engine_variable` (`id`, `name`, `description`, `value_type`, `workspace_id`, `create_user_id`, `create_user_name`, `type`, `value`, `create_time`, `update_time`, `deleted`) VALUES ('51','测试变量',null,'BOOLEAN','1',null,null,'3','1','2020-08-27 23:27:06','2020-08-27 23:27:06','0');
INSERT INTO `rule_engine_variable` (`id`, `name`, `description`, `value_type`, `workspace_id`, `create_user_id`, `create_user_name`, `type`, `value`, `create_time`, `update_time`, `deleted`) VALUES ('52','求绝对值',null,'NUMBER','1',null,null,'3','7','2020-08-28 14:47:28','2020-08-28 14:47:28','0');
INSERT INTO `rule_engine_variable` (`id`, `name`, `description`, `value_type`, `workspace_id`, `create_user_id`, `create_user_name`, `type`, `value`, `create_time`, `update_time`, `deleted`) VALUES ('54','高级配置测试',null,'NUMBER','1',null,null,'3','4','2020-08-28 15:22:10','2020-08-28 15:22:10','0');
INSERT INTO `rule_engine_variable` (`id`, `name`, `description`, `value_type`, `workspace_id`, `create_user_id`, `create_user_name`, `type`, `value`, `create_time`, `update_time`, `deleted`) VALUES ('56','是否开启',null,'BOOLEAN','1',null,null,'2','true','2020-08-28 16:10:31','2020-08-28 16:10:31','0');
INSERT INTO `rule_engine_variable` (`id`, `name`, `description`, `value_type`, `workspace_id`, `create_user_id`, `create_user_name`, `type`, `value`, `create_time`, `update_time`, `deleted`) VALUES ('58','求集合的大小',null,'NUMBER','1',null,null,'3','4','2020-08-29 01:22:06','2020-08-29 01:28:39','0');
INSERT INTO `rule_engine_variable` (`id`, `name`, `description`, `value_type`, `workspace_id`, `create_user_id`, `create_user_name`, `type`, `value`, `create_time`, `update_time`, `deleted`) VALUES ('70','年龄在20-26之间的',null,'BOOLEAN','1',null,null,'3','9','2020-08-30 18:34:53','2020-08-30 23:52:20','0');
INSERT INTO `rule_engine_variable` (`id`, `name`, `description`, `value_type`, `workspace_id`, `create_user_id`, `create_user_name`, `type`, `value`, `create_time`, `update_time`, `deleted`) VALUES ('71','是否为身份证',null,'BOOLEAN','1',null,null,'3','17','2020-09-01 13:58:26','2020-09-04 19:38:53','0');
INSERT INTO `rule_engine_variable` (`id`, `name`, `description`, `value_type`, `workspace_id`, `create_user_id`, `create_user_name`, `type`, `value`, `create_time`, `update_time`, `deleted`) VALUES ('73','集合中最大值测试',null,'NUMBER','1',null,null,'3','11','2020-09-08 12:19:25','2020-09-08 12:19:25','0');
INSERT INTO `rule_engine_variable` (`id`, `name`, `description`, `value_type`, `workspace_id`, `create_user_id`, `create_user_name`, `type`, `value`, `create_time`, `update_time`, `deleted`) VALUES ('75','平均值',null,'NUMBER','1',null,null,'3','10','2020-09-08 12:25:40','2020-09-08 12:25:40','0');
INSERT INTO `rule_engine_variable` (`id`, `name`, `description`, `value_type`, `workspace_id`, `create_user_id`, `create_user_name`, `type`, `value`, `create_time`, `update_time`, `deleted`) VALUES ('76','号码长度',null,'NUMBER','1',null,null,'3','13','2020-09-10 18:11:06','2020-09-10 18:11:06','0');
INSERT INTO `rule_engine_variable` (`id`, `name`, `description`, `value_type`, `workspace_id`, `create_user_id`, `create_user_name`, `type`, `value`, `create_time`, `update_time`, `deleted`) VALUES ('77','全局白名单',null,'COLLECTION','1',null,null,'2','1343493849384,1371728378123,1340000000001','2020-09-10 18:14:43','2020-12-29 14:12:57','0');
INSERT INTO `rule_engine_variable` (`id`, `name`, `description`, `value_type`, `workspace_id`, `create_user_id`, `create_user_name`, `type`, `value`, `create_time`, `update_time`, `deleted`) VALUES ('79','验证是否为手机号码',null,'BOOLEAN','1',null,null,'3','16','2020-09-16 14:57:18','2020-09-18 19:08:19','0');
INSERT INTO `rule_engine_variable` (`id`, `name`, `description`, `value_type`, `workspace_id`, `create_user_id`, `create_user_name`, `type`, `value`, `create_time`, `update_time`, `deleted`) VALUES ('98','求和测试',null,'NUMBER','1',null,null,'3','15','2020-12-01 18:18:31','2020-12-01 18:20:32','0');
INSERT INTO `rule_engine_variable` (`id`, `name`, `description`, `value_type`, `workspace_id`, `create_user_id`, `create_user_name`, `type`, `value`, `create_time`, `update_time`, `deleted`) VALUES ('103','赠送积分',null,'NUMBER','1',null,null,'2','123','2020-12-07 16:14:08','2020-12-07 16:18:50','0');
INSERT INTO `rule_engine_variable` (`id`, `name`, `description`, `value_type`, `workspace_id`, `create_user_id`, `create_user_name`, `type`, `value`, `create_time`, `update_time`, `deleted`) VALUES ('112','布尔值','123','BOOLEAN','1','2','lq','2','true','2020-12-16 06:57:17','2020-12-16 06:57:17','0');
INSERT INTO `rule_engine_variable` (`id`, `name`, `description`, `value_type`, `workspace_id`, `create_user_id`, `create_user_name`, `type`, `value`, `create_time`, `update_time`, `deleted`) VALUES ('118','年龄在7-11之间',null,'BOOLEAN','1','1','dqw','3','9','2020-12-25 04:07:45','2020-12-25 04:07:45','0');
INSERT INTO `rule_engine_variable` (`id`, `name`, `description`, `value_type`, `workspace_id`, `create_user_id`, `create_user_name`, `type`, `value`, `create_time`, `update_time`, `deleted`) VALUES ('120','压力最小值','压力最小值','NUMBER','1','2','lq','2','10','2020-12-28 02:44:46','2020-12-28 15:51:28','0');
INSERT INTO `rule_engine_variable` (`id`, `name`, `description`, `value_type`, `workspace_id`, `create_user_id`, `create_user_name`, `type`, `value`, `create_time`, `update_time`, `deleted`) VALUES ('124','发送**邮件',null,'BOOLEAN','1','1','dqw','3','3','2021-01-01 11:45:27','2021-01-01 11:45:27','0');
INSERT INTO `rule_engine_variable` (`id`, `name`, `description`, `value_type`, `workspace_id`, `create_user_id`, `create_user_name`, `type`, `value`, `create_time`, `update_time`, `deleted`) VALUES ('125','获取手机号归属地变量',null,'STRING','1','1','dqw','3','24','2021-01-07 06:23:12','2021-01-07 06:23:12','0');
INSERT INTO `rule_engine_variable` (`id`, `name`, `description`, `value_type`, `workspace_id`, `create_user_id`, `create_user_name`, `type`, `value`, `create_time`, `update_time`, `deleted`) VALUES ('128','全局用户黑名单',null,'COLLECTION','1','2','lq','2','10001,10002','2021-01-08 09:09:56','2021-01-08 09:09:56','0');
INSERT INTO `rule_engine_variable` (`id`, `name`, `description`, `value_type`, `workspace_id`, `create_user_id`, `create_user_name`, `type`, `value`, `create_time`, `update_time`, `deleted`) VALUES ('129','发送优惠券',null,'BOOLEAN','1','2','lq','3','3','2021-01-11 08:28:57','2021-01-11 15:59:28','0');
INSERT INTO `rule_engine_variable` (`id`, `name`, `description`, `value_type`, `workspace_id`, `create_user_id`, `create_user_name`, `type`, `value`, `create_time`, `update_time`, `deleted`) VALUES ('134','获取当前时间',null,'STRING','1','2','lq','3','23','2021-01-15 07:34:47','2021-01-15 07:34:47','0');
INSERT INTO `rule_engine_variable` (`id`, `name`, `description`, `value_type`, `workspace_id`, `create_user_id`, `create_user_name`, `type`, `value`, `create_time`, `update_time`, `deleted`) VALUES ('135','阻车器开启关闭指定距离','阻车器开启或者关闭的指定距离','NUMBER','1','2','lq','2','50','2021-01-18 09:03:46','2021-01-18 09:03:46','0');
INSERT INTO `rule_engine_variable` (`id`, `name`, `description`, `value_type`, `workspace_id`, `create_user_id`, `create_user_name`, `type`, `value`, `create_time`, `update_time`, `deleted`) VALUES ('136','绞车倒转上行',null,'NUMBER','1','2','lq','2','1','2021-01-18 09:10:43','2021-01-18 09:10:43','0');
INSERT INTO `rule_engine_variable` (`id`, `name`, `description`, `value_type`, `workspace_id`, `create_user_id`, `create_user_name`, `type`, `value`, `create_time`, `update_time`, `deleted`) VALUES ('137','绞车正转下行',null,'NUMBER','1','2','lq','2','2','2021-01-18 09:11:01','2021-01-18 09:11:01','0');
INSERT INTO `rule_engine_variable` (`id`, `name`, `description`, `value_type`, `workspace_id`, `create_user_id`, `create_user_name`, `type`, `value`, `create_time`, `update_time`, `deleted`) VALUES ('138','阻车器22_0',null,'STRING','1','2','lq','2','22_0','2021-01-18 09:17:44','2021-01-18 09:17:44','0');
INSERT INTO `rule_engine_variable` (`id`, `name`, `description`, `value_type`, `workspace_id`, `create_user_id`, `create_user_name`, `type`, `value`, `create_time`, `update_time`, `deleted`) VALUES ('139','捕车器23_0',null,'STRING','1','2','lq','2','23_0','2021-01-18 09:18:12','2021-01-18 09:18:12','0');
INSERT INTO `rule_engine_variable` (`id`, `name`, `description`, `value_type`, `workspace_id`, `create_user_id`, `create_user_name`, `type`, `value`, `create_time`, `update_time`, `deleted`) VALUES ('140','车器开启关闭指令',null,'STRING','1','2','lq','2','BT+CTRL=1','2021-01-18 09:19:32','2021-01-18 09:19:32','0');
INSERT INTO `rule_engine_variable` (`id`, `name`, `description`, `value_type`, `workspace_id`, `create_user_id`, `create_user_name`, `type`, `value`, `create_time`, `update_time`, `deleted`) VALUES ('141','车器打开值','阻车器或者捕车器开启状态标识','NUMBER','1','2','lq','2','2','2021-01-18 09:22:39','2021-01-18 09:22:39','0');
INSERT INTO `rule_engine_variable` (`id`, `name`, `description`, `value_type`, `workspace_id`, `create_user_id`, `create_user_name`, `type`, `value`, `create_time`, `update_time`, `deleted`) VALUES ('142','车器关闭值','1关2开0不到位','NUMBER','1','2','lq','2','2','2021-01-18 09:23:04','2021-01-18 09:23:04','0');
INSERT INTO `rule_engine_variable` (`id`, `name`, `description`, `value_type`, `workspace_id`, `create_user_id`, `create_user_name`, `type`, `value`, `create_time`, `update_time`, `deleted`) VALUES ('144','关键事件',null,'COLLECTION','1','2','lq','2','[{"eventsType":"events","eventsDesc":"描述"}]','2021-01-19 01:27:21','2021-01-19 01:27:31','0');
INSERT INTO `rule_engine_variable` (`id`, `name`, `description`, `value_type`, `workspace_id`, `create_user_id`, `create_user_name`, `type`, `value`, `create_time`, `update_time`, `deleted`) VALUES ('154','周俊变量','周俊拼音','STRING','1','2','lq','2','zhoujun','2021-01-27 08:44:58','2021-01-27 08:44:58','0');
INSERT INTO `rule_engine_variable` (`id`, `name`, `description`, `value_type`, `workspace_id`, `create_user_id`, `create_user_name`, `type`, `value`, `create_time`, `update_time`, `deleted`) VALUES ('155','年龄',null,'NUMBER','1','2','lq','2','18','2021-01-28 02:43:48','2021-02-04 07:51:27','0');
INSERT INTO `rule_engine_variable` (`id`, `name`, `description`, `value_type`, `workspace_id`, `create_user_id`, `create_user_name`, `type`, `value`, `create_time`, `update_time`, `deleted`) VALUES ('157','姓名',null,'STRING','1','2','lq','2','张三','2021-02-04 08:18:33','2021-02-04 08:18:33','0');
INSERT INTO `rule_engine_variable` (`id`, `name`, `description`, `value_type`, `workspace_id`, `create_user_id`, `create_user_name`, `type`, `value`, `create_time`, `update_time`, `deleted`) VALUES ('158','我是变量',null,'NUMBER','1','2','lq','2','18','2021-02-04 08:21:54','2021-02-04 08:21:54','0');
INSERT INTO `rule_engine_variable` (`id`, `name`, `description`, `value_type`, `workspace_id`, `create_user_id`, `create_user_name`, `type`, `value`, `create_time`, `update_time`, `deleted`) VALUES ('159','身高170','身高170','NUMBER','1','2','lq','2','170','2021-02-04 08:27:53','2021-02-04 08:30:30','0');
INSERT INTO `rule_engine_variable` (`id`, `name`, `description`, `value_type`, `workspace_id`, `create_user_id`, `create_user_name`, `type`, `value`, `create_time`, `update_time`, `deleted`) VALUES ('160','身高180',null,'NUMBER','1','2','lq','2','180','2021-02-04 08:30:18','2021-02-04 08:30:18','0');
INSERT INTO `rule_engine_variable` (`id`, `name`, `description`, `value_type`, `workspace_id`, `create_user_id`, `create_user_name`, `type`, `value`, `create_time`, `update_time`, `deleted`) VALUES ('161','PI',null,'NUMBER','1','2','lq','2','3.14','2021-02-04 11:47:06','2021-02-04 11:47:06','0');
INSERT INTO `rule_engine_variable` (`id`, `name`, `description`, `value_type`, `workspace_id`, `create_user_id`, `create_user_name`, `type`, `value`, `create_time`, `update_time`, `deleted`) VALUES ('162','A变量',null,'NUMBER','1','2','lq','2','10','2021-02-04 11:53:23','2021-02-04 12:08:09','0');
INSERT INTO `rule_engine_variable` (`id`, `name`, `description`, `value_type`, `workspace_id`, `create_user_id`, `create_user_name`, `type`, `value`, `create_time`, `update_time`, `deleted`) VALUES ('163','B变量',null,'NUMBER','1','2','lq','2','302','2021-02-04 11:53:32','2021-02-04 13:15:46','0');

INSERT INTO `rule_engine_workspace` (`id`, `code`, `name`, `access_key_id`, `access_key_secret`, `description`, `create_time`, `update_time`, `deleted`) VALUES ('1','default','默认工作空间','root','123456','默认的','2020-11-21 02:41:33','2020-11-21 02:41:34','0');
INSERT INTO `rule_engine_workspace` (`id`, `code`, `name`, `access_key_id`, `access_key_secret`, `description`, `create_time`, `update_time`, `deleted`) VALUES ('2','test','测试','gdfhdgfh','sdfasdfas','供测试使用','2020-11-21 19:36:12','2020-11-21 19:36:13','0');
INSERT INTO `rule_engine_workspace` (`id`, `code`, `name`, `access_key_id`, `access_key_secret`, `description`, `create_time`, `update_time`, `deleted`) VALUES ('4','prd','线上','asdfasdf','asasdfasdfas','请勿随意修改','2020-11-07 21:49:36','2020-11-07 21:49:38','0');

